queue_id,num_people_waiting,queue_length,active_counters,avg_service_time,priority_customers,day_of_week,time_of_day,historical_queue_load,previous_waiting_time,actual_waiting_time
1,7,13,4,3.0,0.0,Thursday,12:09,8.5,2.0,7.7
2,6,11,5,11.1,2.0,Friday,03:10,3.7,18.3,24.6
3,5,9,4,7.2,0.0,Saturday,21:21,11.2,11.3,9.6
4,13,18,2,9.7,2.0,Thursday,17:50,9.6,35.6,94.5
5,5,9,4,,1.0,Friday,07:27,9.6,21.9,16.9
6,6,11,4,6.5,0.0,Monday,20:23,13.3,26.7,17.0
7,7,10,3,3.3,0.0,Wednesday,11:08,5.2,11.7,7.0
8,5,9,4,5.0,0.0,Sunday,10:58,7.5,7.1,5.3
9,10,15,4,7.5,1.0,Saturday,20:22,12.4,7.0,28.3
10,9,15,5,3.9,0.0,Thursday,09:28,5.8,0.0,7.3
11,9,13,2,10.3,0.0,Monday,01:17,9.7,20.2,41.2
12,6,11,4,8.4,1.0,Wednesday,14:57,6.2,14.9,16.8
13,11,17,3,7.7,0.0,Saturday,20:33,15.8,43.2,49.2
14,10,17,4,6.8,1.0,Thursday,15:22,4.5,10.8,25.1
15,5,11,4,12.3,0.0,Monday,14:32,8.1,33.8,23.5
16,9,13,4,7.9,0.0,Sunday,15:45,,12.3,20.3
17,9,14,4,3.2,2.0,Monday,21:42,10.1,7.0,18.8
18,11,14,3,6.4,1.0,Friday,16:59,10.2,24.6,40.4
19,8,13,4,,0.0,Tuesday,03:32,10.6,15.3,12.4
20,6,11,4,7.1,0.0,Saturday,07:29,4.9,15.4,16.8
21,8,13,5,9.8,0.0,Saturday,12:54,14.3,11.4,27.9
22,11,15,3,5.5,1.0,Tuesday,12:26,11.1,21.0,35.7
23,12,17,5,4.2,1.0,Saturday,19:41,11.2,8.2,15.7
24,6,9,3,11.0,1.0,Monday,04:24,3.2,13.8,24.6
25,6,10,3,5.3,0.0,Tuesday,03:19,11.7,0.0,8.2
26,11,16,3,7.4,0.0,Sunday,13:47,5.1,25.2,32.5
27,7,11,4,11.7,1.0,Sunday,14:11,9.4,11.8,32.4
28,8,13,4,4.6,3.0,Friday,08:01,7.4,8.2,17.0
29,7,12,3,9.9,0.0,Thursday,09:31,3.7,23.9,28.4
30,7,10,2,8.8,0.0,Friday,11:44,3.7,45.9,46.4
31,11,15,4,,0.0,Monday,10:12,7.4,15.6,32.9
32,6,9,2,8.4,0.0,Saturday,07:35,7.5,27.0,26.9
33,2,7,4,7.0,2.0,Wednesday,18:57,6.9,0.0,10.4
34,11,17,6,9.1,1.0,Thursday,17:42,6.3,9.8,26.6
35,14,20,5,8.6,0.0,Monday,17:39,11.0,11.1,37.0
36,9,13,3,8.9,,Tuesday,22:37,4.0,14.0,21.7
37,7,13,4,6.7,2.0,Sunday,17:36,1.3,8.3,23.8
38,10,12,2,4.6,0.0,Friday,17:09,10.2,25.2,37.2
39,8,14,4,2.7,0.0,Thursday,11:48,9.9,1.3,6.9
40,13,23,6,8.4,0.0,Sunday,13:12,14.6,,25.0
41,7,13,4,13.6,0.0,Tuesday,16:24,5.5,16.3,31.8
42,7,11,3,9.5,0.0,Saturday,21:57,6.0,31.2,60.0
43,7,10,3,6.4,1.0,Friday,08:54,7.7,22.6,22.0
44,6,9,3,7.5,0.0,Wednesday,11:31,7.2,28.8,17.6
45,13,19,4,5.4,0.0,Tuesday,16:16,,17.5,24.3
46,6,10,3,8.9,1.0,Sunday,07:43,7.4,17.3,22.5
47,14,20,5,3.2,0.0,Friday,20:40,10.7,11.8,12.7
48,4,7,3,2.8,1.0,Saturday,02:50,4.0,13.3,3.3
49,6,10,3,5.3,0.0,Thursday,16:48,8.9,14.4,13.0
50,14,20,5,6.6,3.0,Saturday,17:44,10.1,13.6,38.6
51,4,9,3,2.0,0.0,Tuesday,22:20,8.4,27.3,5.0
52,8,14,5,2.0,0.0,Tuesday,11:27,6.3,1.6,4.7
53,6,10,3,6.3,0.0,Wednesday,05:01,5.9,13.4,11.4
54,13,18,3,7.8,0.0,Tuesday,11:46,5.3,21.2,45.4
55,5,11,5,7.3,0.0,Saturday,08:25,6.3,9.8,7.3
56,19,24,5,5.2,0.0,Saturday,17:10,14.6,0.5,29.0
57,7,11,4,11.7,0.0,Wednesday,19:05,,14.7,29.5
58,7,12,4,6.0,1.0,Friday,15:29,8.7,13.9,16.8
59,10,16,5,10.3,0.0,Friday,21:09,13.1,5.7,29.4
60,5,8,3,6.7,1.0,Saturday,09:38,5.9,19.4,17.7
61,3,8,5,7.9,0.0,Thursday,08:42,4.6,14.2,3.2
62,16,20,3,6.8,1.0,Sunday,12:56,,15.3,46.5
63,11,16,5,4.1,0.0,Wednesday,15:50,12.4,9.0,12.9
64,6,11,3,7.3,0.0,Thursday,17:23,9.2,27.7,18.4
65,10,14,4,5.2,2.0,Wednesday,10:57,4.7,8.0,19.4
66,10,14,4,8.8,1.0,Thursday,17:49,10.6,5.9,33.6
67,13,17,3,9.3,1.0,Thursday,21:43,11.1,23.3,51.1
68,10,14,3,8.8,1.0,Saturday,08:28,8.0,23.7,43.1
69,4,9,4,8.0,0.0,Thursday,15:00,8.8,20.6,12.8
70,13,18,5,,1.0,Sunday,10:27,5.5,2.9,15.9
71,6,9,3,7.9,1.0,Thursday,11:39,8.7,27.7,22.9
72,5,9,4,9.8,1.0,Monday,14:47,12.1,24.0,24.7
73,3,8,4,9.2,0.0,Monday,07:48,5.7,9.6,7.0
74,6,11,4,3.1,0.0,Monday,10:14,10.5,1.9,10.0
75,8,13,4,4.9,1.0,Friday,00:34,,0.0,11.7
76,6,9,2,8.4,0.0,Friday,08:12,7.8,31.6,32.2
77,8,14,3,8.9,1.0,Tuesday,15:36,10.3,21.1,40.3
78,15,21,4,8.9,0.0,Saturday,19:20,10.7,17.3,47.3
79,5,8,3,8.5,0.0,Sunday,19:48,7.4,15.2,15.3
80,9,14,4,5.9,1.0,Wednesday,07:32,,8.5,13.9
81,9,14,4,8.3,1.0,Wednesday,08:06,10.7,8.6,25.3
82,13,19,5,5.9,0.0,Wednesday,19:22,5.0,17.6,20.0
83,8,11,2,6.7,0.0,Thursday,12:30,9.3,32.9,42.3
84,6,11,5,11.4,0.0,Sunday,08:37,14.5,20.6,16.1
85,10,13,3,,0.0,Saturday,08:15,12.7,26.4,35.6
86,12,16,4,6.1,1.0,Monday,09:56,10.4,9.7,23.2
87,6,13,4,9.2,0.0,Monday,19:47,9.1,21.0,20.3
88,9,13,4,7.8,1.0,Thursday,12:31,12.9,27.0,32.8
89,7,11,3,7.0,0.0,Sunday,16:30,9.6,16.8,18.2
90,7,11,3,4.4,0.0,Monday,08:24,8.7,17.9,13.0
91,21,27,5,5.1,1.0,Wednesday,20:35,10.3,0.0,29.2
92,15,20,5,5.1,0.0,Monday,15:50,6.7,9.5,23.5
93,4,9,4,12.0,0.0,Tuesday,11:02,1.1,25.7,16.6
94,15,20,3,7.8,0.0,Wednesday,13:54,17.2,17.7,58.7
95,11,16,5,5.5,0.0,Sunday,17:26,8.3,0.0,15.2
96,5,11,5,5.8,0.0,Thursday,09:20,9.6,14.7,8.5
97,8,13,4,12.6,1.0,Friday,18:43,15.8,13.9,46.7
98,12,18,5,7.0,1.0,Thursday,18:19,14.0,13.8,27.0
99,11,15,4,6.4,0.0,Wednesday,16:50,11.0,2.4,-4.0
100,9,12,3,12.2,0.0,Monday,23:18,5.3,25.9,30.0
101,8,12,4,10.3,0.0,Tuesday,15:21,9.4,34.4,24.7
102,4,8,4,9.3,0.0,Sunday,08:11,7.4,8.9,9.6
103,3,9,3,6.3,0.0,Wednesday,06:21,5.3,8.8,4.9
104,11,17,5,5.9,0.0,Thursday,14:21,17.6,1.6,19.6
105,10,15,4,7.5,1.0,Saturday,20:22,12.4,7.0,28.3
106,4,10,4,4.7,1.0,Sunday,13:17,12.9,3.5,13.7
107,11,16,5,6.6,0.0,Thursday,18:52,13.6,15.9,21.9
108,3,7,3,7.7,0.0,Saturday,04:58,4.9,10.2,8.2
109,11,16,4,6.7,0.0,Thursday,20:21,6.9,0.0,26.2
110,13,18,4,5.0,0.0,Monday,11:21,12.4,4.7,20.5
111,5,10,4,11.5,1.0,Wednesday,15:29,9.0,28.5,29.7
112,4,9,4,10.8,0.0,Friday,10:02,5.2,9.4,14.6
113,6,13,5,11.4,,Saturday,12:58,12.8,25.0,32.9
114,9,16,5,5.6,1.0,Thursday,15:00,8.6,6.0,15.8
115,8,11,3,8.2,1.0,Monday,16:01,13.5,31.3,40.5
116,7,14,4,10.0,0.0,Sunday,08:38,8.5,13.7,16.8
117,7,11,4,8.8,0.0,Thursday,12:35,8.5,16.3,20.0
118,11,16,4,5.4,2.0,Wednesday,18:48,10.0,16.1,20.9
119,10,17,5,14.1,1.0,Wednesday,08:07,10.1,29.4,37.5
120,9,13,3,8.4,3.0,Tuesday,12:47,12.4,18.1,48.0
121,9,15,6,10.8,0.0,Tuesday,08:30,5.1,22.4,19.0
122,9,15,4,5.6,1.0,Wednesday,20:39,9.1,23.3,21.0
123,7,11,4,6.1,0.0,Thursday,19:09,10.7,7.3,15.7
124,6,11,4,8.0,0.0,Sunday,16:06,7.1,11.2,13.5
125,9,13,4,5.3,1.0,Monday,19:11,8.1,20.5,17.4
126,10,14,4,6.7,0.0,Friday,16:15,10.2,16.6,23.3
127,0,4,4,8.8,0.0,Sunday,23:15,2.7,16.3,1.1
128,5,10,3,7.3,0.0,Tuesday,20:06,5.7,31.4,18.6
129,9,15,4,7.0,0.0,Monday,15:58,8.2,12.4,23.6
130,7,12,3,4.3,0.0,Monday,08:36,9.3,8.4,14.9
131,6,10,2,5.5,1.0,Wednesday,18:25,9.2,13.5,23.6
132,8,14,4,6.7,0.0,Wednesday,09:11,6.3,7.6,15.3
133,7,14,5,5.1,1.0,Saturday,11:18,11.9,10.6,15.7
134,20,25,4,5.9,0.0,Tuesday,16:31,12.1,1.6,38.3
135,10,13,3,3.8,1.0,Sunday,16:48,10.3,13.2,17.6
136,8,12,3,3.8,0.0,Thursday,10:35,2.0,20.6,11.5
137,11,15,4,3.0,0.0,Tuesday,09:10,9.8,8.7,7.2
138,9,15,4,3.2,1.0,Thursday,09:31,4.7,0.9,10.5
139,9,14,4,8.6,1.0,Monday,11:37,8.6,24.6,34.6
140,6,11,3,10.5,1.0,Thursday,17:36,9.2,22.5,33.5
141,7,11,4,5.4,2.0,Monday,11:33,9.4,10.3,21.4
142,8,12,3,5.7,0.0,Friday,21:32,13.2,31.3,20.2
143,13,19,5,7.8,2.0,Wednesday,14:48,10.0,10.7,60.6
144,3,8,4,9.6,0.0,Saturday,00:46,7.5,21.3,9.2
145,9,12,3,4.6,0.0,Thursday,11:39,7.8,26.9,21.9
146,8,12,4,5.6,1.0,Monday,16:09,13.8,1.5,18.7
147,12,19,5,12.2,0.0,Monday,11:59,12.5,15.1,42.1
148,9,15,4,7.2,2.0,Tuesday,17:57,7.8,18.3,31.0
149,15,22,5,7.8,0.0,Monday,18:14,11.8,2.8,32.1
150,14,18,4,7.5,0.0,Tuesday,18:40,9.0,16.1,39.8
151,4,8,3,8.9,1.0,Sunday,20:31,4.5,26.4,25.1
152,9,15,3,6.0,2.0,Wednesday,17:27,8.7,15.5,31.1
153,8,11,3,8.2,0.0,Thursday,21:47,7.2,15.4,27.0
154,7,10,3,7.9,0.0,Saturday,09:19,14.3,24.9,24.8
155,25,31,6,10.2,2.0,Saturday,19:11,13.9,11.4,74.4
156,6,11,3,5.7,0.0,Friday,22:20,6.0,15.3,11.7
157,4,10,4,6.2,0.0,Friday,07:49,10.8,13.8,9.1
158,4,11,5,3.7,0.0,Thursday,17:39,8.0,6.0,3.4
159,11,16,5,5.8,0.0,Monday,15:38,10.7,17.6,-5.9
160,11,20,6,7.1,,Friday,07:04,9.3,6.5,15.9
161,9,14,3,5.6,0.0,Tuesday,08:29,9.4,15.3,21.3
162,9,15,5,7.7,2.0,Saturday,19:31,10.6,24.6,33.6
163,3,6,2,6.7,0.0,Tuesday,00:49,8.7,8.2,10.4
164,14,19,4,10.5,,Tuesday,20:45,6.8,23.2,46.7
165,9,14,4,9.8,1.0,Wednesday,16:26,12.6,12.2,34.0
166,8,14,4,5.5,0.0,Monday,09:12,11.4,18.7,14.5
167,9,14,4,8.3,0.0,Sunday,21:34,12.0,1.6,21.8
168,16,18,2,7.0,0.0,Saturday,14:40,7.6,38.0,85.6
169,5,9,2,5.8,1.0,Sunday,20:48,5.0,,20.2
170,7,11,4,,0.0,Thursday,14:03,5.0,20.5,18.6
171,9,13,4,4.3,1.0,Wednesday,15:46,7.8,10.4,16.0
172,11,20,5,7.4,1.0,Thursday,18:02,9.4,11.5,30.0
173,9,16,5,11.6,0.0,Thursday,15:15,6.6,26.4,29.7
174,10,14,2,8.2,0.0,Sunday,12:49,7.0,18.3,52.4
175,12,17,5,6.3,0.0,Thursday,16:41,10.4,11.4,20.5
176,11,14,3,6.7,0.0,Monday,17:54,7.4,25.5,36.4
177,10,16,3,12.1,0.0,Monday,09:21,13.4,39.5,50.9
178,3,6,3,5.1,2.0,Thursday,08:53,3.8,12.3,11.2
179,5,11,5,10.8,0.0,Wednesday,10:15,11.7,16.4,14.0
180,7,10,2,7.7,0.0,Tuesday,11:30,6.3,16.1,33.2
181,13,19,6,,2.0,Saturday,13:58,12.5,25.0,39.9
182,9,14,3,6.0,1.0,Sunday,13:00,7.7,19.9,27.0
183,11,17,5,8.7,2.0,Wednesday,21:53,7.5,17.5,29.3
184,9,13,4,8.8,0.0,Tuesday,09:28,,13.4,23.0
185,7,13,4,3.6,0.0,Wednesday,03:58,5.3,7.9,7.7
186,7,10,3,5.9,3.0,Monday,10:13,10.1,13.5,24.7
187,10,15,4,6.4,2.0,Monday,10:27,10.8,10.7,29.2
188,7,13,4,6.8,2.0,Tuesday,14:38,8.9,19.5,22.5
189,7,10,3,,1.0,Friday,17:19,11.0,19.4,29.3
190,16,20,4,5.1,1.0,Tuesday,18:47,14.2,7.2,33.2
191,8,10,2,6.3,0.0,Thursday,09:19,7.9,22.9,29.9
192,14,20,5,2.0,2.0,Saturday,18:27,9.9,0.0,10.9
193,5,12,4,8.6,0.0,Tuesday,07:57,6.4,23.0,8.0
194,8,12,4,6.1,2.0,Sunday,11:50,8.8,22.4,23.8
195,10,15,3,10.2,2.0,Saturday,08:51,6.5,25.0,56.0
196,6,9,3,9.6,0.0,Friday,10:26,9.2,22.5,27.0
197,1,3,2,4.9,0.0,Friday,14:55,2.4,22.7,3.7
198,8,13,3,6.9,1.0,Thursday,08:31,9.9,15.5,26.3
199,7,13,4,3.4,1.0,Sunday,17:49,12.0,0.0,11.7
200,3,9,4,9.7,0.0,Tuesday,13:31,7.1,24.2,13.8
201,15,18,3,5.4,1.0,Sunday,09:28,7.8,12.3,25.2
202,6,11,3,10.4,1.0,Monday,02:46,10.7,20.8,27.4
203,14,18,3,6.1,1.0,Monday,09:48,10.5,14.8,39.7
204,8,12,3,4.3,2.0,Wednesday,10:56,2.4,13.0,18.9
205,8,13,3,12.8,0.0,Thursday,17:23,7.5,27.5,45.8
206,8,12,4,8.4,1.0,Tuesday,15:01,11.0,19.7,27.9
207,12,14,2,4.1,1.0,Friday,15:50,10.1,19.3,35.2
208,4,9,2,7.1,0.0,Wednesday,14:26,11.1,33.7,19.8
209,9,14,3,5.5,1.0,Thursday,07:29,8.2,7.9,19.4
210,8,13,4,8.0,1.0,Saturday,17:17,10.0,25.7,28.7
211,4,11,3,8.3,0.0,Sunday,22:57,6.0,18.6,9.6
212,16,22,5,7.7,3.0,Monday,07:46,7.3,12.4,42.4
213,14,17,3,3.8,1.0,Friday,17:17,10.5,5.7,25.5
214,3,6,3,7.9,1.0,Saturday,15:14,,20.7,13.7
215,7,13,4,3.8,1.0,Thursday,12:04,12.6,6.6,12.8
216,6,10,1,3.8,1.0,Wednesday,21:13,8.3,17.6,22.0
217,11,17,5,,0.0,Friday,12:37,9.9,9.8,18.3
218,16,19,3,6.8,0.0,Saturday,09:55,6.6,17.6,46.0
219,13,19,6,5.2,0.0,Monday,08:20,8.8,7.7,14.7
220,11,15,4,4.4,2.0,Sunday,13:18,10.6,12.6,22.3
221,6,12,6,,1.0,Wednesday,16:37,7.7,0.0,4.8
222,4,9,3,7.7,3.0,Thursday,15:36,7.0,19.5,26.2
223,5,9,4,7.0,2.0,Saturday,10:27,11.8,5.2,22.3
224,5,9,4,6.4,0.0,Tuesday,01:10,10.7,,8.8
225,8,13,4,9.6,0.0,Thursday,16:35,7.9,15.8,26.3
226,11,15,4,6.4,2.0,Wednesday,13:43,15.3,22.4,36.4
227,4,8,4,5.3,1.0,Saturday,16:32,11.0,6.5,11.0
228,6,9,3,6.8,1.0,Sunday,15:41,5.4,14.7,18.0
229,4,10,4,6.4,1.0,Tuesday,15:50,2.4,,14.0
230,17,24,5,3.7,3.0,Saturday,15:42,12.1,8.7,25.9
231,5,10,2,13.1,0.0,Friday,20:06,7.4,54.2,52.2
232,13,18,4,2.9,2.0,Saturday,11:52,11.4,6.1,15.9
233,3,8,2,5.4,0.0,Sunday,23:17,0.0,15.3,6.5
234,6,9,2,9.3,0.0,Saturday,02:01,8.3,22.9,27.7
235,7,11,4,12.5,1.0,Friday,13:27,11.3,28.8,40.9
236,2,5,2,7.5,1.0,Tuesday,10:44,7.4,21.8,14.7
237,9,13,4,5.7,1.0,Saturday,13:02,9.9,22.6,24.9
238,13,17,4,2.0,0.0,Thursday,14:05,11.2,0.5,6.2
239,9,15,4,10.8,0.0,Thursday,22:10,6.3,13.1,23.6
240,15,20,4,6.9,1.0,Saturday,14:23,8.8,22.0,42.8
241,9,13,4,2.8,0.0,Friday,07:50,10.0,7.9,7.1
242,12,18,3,6.3,1.0,Saturday,20:31,,14.8,34.9
243,8,14,4,10.5,1.0,Sunday,19:43,13.9,19.5,38.2
244,6,8,2,8.5,1.0,Friday,15:16,9.1,38.3,41.5
245,9,14,4,7.7,0.0,Saturday,07:02,7.5,21.3,21.8
246,9,13,4,5.6,0.0,Sunday,09:25,6.5,10.4,16.0
247,16,21,4,7.9,1.0,Wednesday,09:23,10.4,11.7,34.2
248,7,12,4,4.8,1.0,Wednesday,16:51,7.0,12.7,10.9
249,6,10,4,7.6,0.0,Thursday,21:49,5.5,14.8,14.0
250,7,11,4,4.6,0.0,Sunday,08:37,5.8,3.5,4.3
251,15,21,5,7.6,1.0,Thursday,19:58,6.5,2.8,33.6
252,10,15,4,10.0,0.0,Saturday,08:06,7.8,14.9,31.1
253,5,11,3,3.9,0.0,Thursday,10:44,7.0,0.9,8.9
254,3,9,4,8.6,1.0,Sunday,09:42,7.1,20.6,9.3
255,9,12,3,8.3,1.0,Friday,10:08,13.4,19.7,36.0
256,10,13,3,9.8,0.0,Saturday,01:20,10.1,6.5,30.5
257,1,5,3,11.2,2.0,Sunday,20:09,8.8,17.9,14.3
258,5,9,4,8.2,0.0,Friday,08:32,5.6,15.0,14.8
259,11,15,4,6.8,3.0,Saturday,08:13,10.6,6.4,31.2
260,14,18,3,10.1,3.0,Sunday,16:23,10.6,20.8,71.2
261,12,18,5,9.1,1.0,Tuesday,23:02,6.6,7.2,17.9
262,3,6,3,10.5,0.0,Friday,06:40,6.0,23.2,7.6
263,7,12,4,5.6,0.0,Monday,11:39,10.7,13.4,13.7
264,11,15,4,7.4,0.0,Saturday,15:59,4.9,18.5,26.4
265,12,17,4,8.5,0.0,Saturday,11:19,12.5,17.7,39.7
266,6,14,5,2.0,3.0,Sunday,07:25,3.9,0.0,2.8
267,3,7,2,,0.0,Friday,03:34,11.1,33.8,18.6
268,4,7,3,10.3,0.0,Wednesday,04:15,5.0,22.2,10.4
269,11,16,4,10.8,1.0,Tuesday,15:17,7.6,20.6,40.5
270,11,16,4,7.0,1.0,Tuesday,07:13,4.1,12.7,24.8
271,8,14,5,17.6,0.0,Wednesday,17:16,10.3,15.1,38.1
272,10,18,5,4.4,1.0,Monday,17:31,10.6,15.4,18.9
273,6,11,4,5.4,1.0,Monday,09:30,10.8,12.9,15.4
274,11,15,4,5.8,2.0,Thursday,11:56,4.5,16.4,28.0
275,16,22,5,12.8,0.0,Saturday,12:42,13.2,33.7,63.9
276,7,15,5,6.6,0.0,Sunday,08:19,10.3,4.9,7.5
277,6,9,3,7.4,2.0,Saturday,21:18,11.6,20.2,28.8
278,9,10,1,5.4,0.0,Wednesday,14:17,1.9,22.6,87.4
279,12,16,3,5.6,1.0,Thursday,10:44,8.3,5.5,27.5
280,10,15,4,,,Monday,20:08,11.5,0.0,15.4
281,5,7,2,9.0,0.0,Monday,07:48,6.8,32.6,30.7
282,9,16,5,10.1,0.0,Monday,07:53,10.3,22.6,24.5
283,9,12,3,12.2,0.0,Monday,19:03,10.0,27.8,56.8
284,6,11,3,4.8,1.0,Monday,02:18,10.0,15.5,14.7
285,6,11,4,7.7,3.0,Tuesday,08:08,3.2,10.7,24.7
286,3,10,4,11.4,0.0,Sunday,11:17,2.4,34.8,10.8
287,6,11,3,7.7,1.0,Tuesday,08:12,7.0,14.9,22.0
288,9,11,2,,0.0,Friday,21:43,9.2,27.4,42.1
289,10,14,4,4.6,0.0,Saturday,20:04,7.5,3.3,17.8
290,5,7,2,6.2,0.0,Monday,10:13,6.5,17.4,20.2
291,7,12,4,6.1,0.0,Monday,16:44,3.7,3.2,14.4
292,10,15,5,8.4,1.0,Tuesday,15:05,8.7,16.6,26.0
293,12,16,4,9.5,0.0,Tuesday,17:12,8.8,15.1,38.2
294,8,13,3,9.4,0.0,Saturday,08:45,8.4,24.0,29.7
295,15,20,4,10.0,1.0,Sunday,18:19,7.6,19.6,54.5
296,10,14,3,9.9,2.0,Thursday,04:06,5.4,21.9,38.5
297,10,16,4,,2.0,Wednesday,19:56,9.3,27.7,42.0
298,15,19,4,9.1,0.0,Friday,13:03,13.8,9.3,50.5
299,5,11,6,8.1,0.0,Thursday,18:36,10.6,11.2,10.9
300,9,13,4,5.3,0.0,Wednesday,11:25,9.9,0.2,15.2
301,3,9,4,8.8,0.0,Sunday,21:13,6.7,23.5,10.7
302,16,22,5,9.6,0.0,Wednesday,18:11,11.2,8.1,35.9
303,13,22,5,5.2,2.0,Thursday,20:50,9.5,8.0,21.5
304,17,21,4,7.2,0.0,Saturday,14:36,6.3,17.0,45.3
305,7,10,2,7.7,0.0,Tuesday,11:30,6.3,16.1,33.2
306,10,17,5,4.5,1.0,Monday,07:51,9.9,1.0,12.8
307,6,11,3,7.7,0.0,Friday,22:11,7.1,11.3,11.2
308,4,8,3,5.6,1.0,Tuesday,19:20,7.7,10.8,13.3
309,11,14,3,10.9,1.0,Thursday,15:53,8.5,31.8,53.8
310,5,10,4,9.7,0.0,Monday,02:02,5.2,10.4,15.2
311,3,10,4,11.2,3.0,Thursday,05:44,6.9,23.0,24.5
312,5,8,3,3.2,1.0,Tuesday,01:52,7.0,6.4,6.8
313,5,10,4,9.8,0.0,Thursday,11:57,4.9,16.3,17.2
314,9,17,5,7.7,2.0,Monday,13:15,9.6,18.7,29.8
315,13,20,5,6.5,1.0,Monday,19:54,10.3,12.1,47.0
316,6,11,3,11.5,1.0,Tuesday,20:35,7.0,43.6,40.9
317,8,14,4,4.7,1.0,Thursday,10:37,8.7,13.7,16.8
318,13,18,4,7.1,1.0,Wednesday,07:08,5.8,12.6,26.6
319,17,20,2,6.4,2.0,Saturday,11:18,12.4,44.2,92.0
320,7,10,3,8.3,0.0,Monday,13:04,9.9,21.6,29.9
321,13,20,6,7.5,1.0,Monday,12:28,15.2,18.1,32.7
322,13,15,2,3.9,1.0,Tuesday,18:01,8.3,21.8,36.3
323,6,10,4,8.7,1.0,Wednesday,08:05,8.9,6.2,20.0
324,8,13,3,6.9,1.0,Thursday,08:31,9.9,15.5,26.3
325,11,19,6,3.1,0.0,Thursday,12:13,11.0,14.5,8.4
326,12,17,5,5.1,2.0,Monday,13:30,14.2,0.0,26.7
327,2,6,4,3.5,0.0,Thursday,10:04,7.4,1.9,1.7
328,8,12,4,3.0,0.0,Thursday,13:45,10.2,9.1,7.7
329,8,13,4,5.8,0.0,Tuesday,21:43,6.2,2.8,13.4
330,15,21,5,8.8,0.0,Monday,12:51,8.5,27.5,48.9
331,7,13,5,5.0,1.0,Wednesday,13:47,13.8,10.4,17.6
332,5,10,4,9.2,0.0,Sunday,21:06,7.9,16.9,12.5
333,10,17,5,2.9,0.0,Monday,11:36,8.4,3.3,4.2
334,4,9,4,5.8,0.0,Friday,21:26,10.0,6.4,11.0
335,5,10,4,2.4,1.0,Wednesday,19:10,10.0,7.1,7.8
336,7,9,2,7.9,0.0,Tuesday,08:13,6.6,19.3,31.5
337,14,22,6,9.8,0.0,Tuesday,13:09,10.0,22.4,36.4
338,10,17,5,5.0,0.0,Saturday,21:00,10.0,6.8,14.7
339,10,16,4,9.3,1.0,Saturday,17:29,11.8,25.2,41.9
340,15,19,4,8.4,1.0,Thursday,08:40,6.2,3.2,36.8
341,5,8,3,5.1,,Saturday,15:31,12.4,18.5,12.6
342,5,10,4,8.7,1.0,Saturday,12:12,,18.5,18.7
343,13,16,2,10.7,2.0,Tuesday,17:04,9.4,34.3,98.3
344,7,11,3,9.5,1.0,Monday,05:41,9.4,13.3,24.0
345,10,15,5,7.5,1.0,Friday,18:57,9.4,22.9,32.5
346,14,20,6,12.6,1.0,Monday,16:37,14.2,13.5,44.9
347,4,9,3,9.3,1.0,Monday,16:27,9.2,28.5,22.6
348,4,8,3,14.2,1.0,Thursday,09:19,8.8,20.6,30.9
349,12,18,4,8.9,1.0,Friday,17:49,9.4,15.9,42.4
350,5,9,3,3.0,0.0,Thursday,08:46,4.4,0.0,4.8
351,11,17,4,6.0,0.0,Thursday,05:18,5.4,10.6,13.7
352,3,7,3,9.5,0.0,Tuesday,03:13,1.9,12.2,6.7
353,15,22,5,,2.0,Wednesday,15:50,12.2,1.5,22.1
354,16,21,3,9.1,0.0,Wednesday,14:32,13.2,28.0,64.1
355,2,7,4,7.2,0.0,Monday,22:43,7.7,6.3,4.3
356,4,8,4,12.1,1.0,Sunday,17:16,12.0,18.8,21.7
357,8,14,4,4.8,3.0,Sunday,21:30,8.1,9.9,17.6
358,0,3,3,2.0,1.0,Wednesday,05:57,0.7,16.1,3.4
359,9,14,4,8.7,1.0,Wednesday,17:15,12.2,25.0,34.9
360,12,17,5,5.1,0.0,Tuesday,13:47,4.2,3.0,15.5
361,9,13,3,11.3,0.0,Sunday,12:35,7.5,21.0,42.4
362,16,19,1,4.4,0.0,Monday,16:44,11.8,51.7,103.7
363,7,11,4,,0.0,Wednesday,21:41,7.1,19.4,15.7
364,8,12,4,6.2,2.0,Sunday,18:24,9.0,11.5,23.2
365,6,8,2,2.5,2.0,Friday,07:45,9.0,14.3,13.8
366,9,15,5,10.7,1.0,Monday,14:35,13.5,15.8,32.2
367,7,10,3,9.4,1.0,Thursday,12:07,4.8,11.0,34.5
368,7,12,5,4.0,1.0,Wednesday,21:47,6.4,5.4,5.6
369,8,12,4,9.2,0.0,Sunday,13:00,9.2,25.5,22.5
370,11,15,3,6.2,0.0,Wednesday,18:20,3.7,28.2,31.3
371,7,12,5,6.9,0.0,Thursday,14:49,8.3,10.2,9.4
372,7,13,3,9.2,1.0,Sunday,07:40,8.6,16.2,22.9
373,13,20,6,7.4,3.0,Friday,20:56,16.0,15.8,32.0
374,9,14,4,6.2,0.0,Sunday,15:03,7.0,11.3,17.4
375,0,5,3,10.3,1.0,Monday,22:54,6.5,10.2,10.3
376,8,13,4,6.4,0.0,Tuesday,07:32,9.5,7.0,17.3
377,4,9,3,6.4,0.0,Wednesday,08:09,5.8,,11.0
378,7,12,3,2.0,2.0,Friday,05:06,5.0,,7.0
379,4,9,4,4.5,0.0,Thursday,21:42,7.9,0.9,4.9
380,6,11,3,12.4,1.0,Sunday,09:19,10.5,13.7,53.5
381,14,18,4,4.7,2.0,Tuesday,20:42,12.6,5.0,22.9
382,9,13,3,6.2,1.0,Sunday,20:00,4.2,11.8,21.8
383,5,11,4,7.3,0.0,Saturday,05:00,6.0,19.5,9.4
384,7,11,3,4.9,1.0,Sunday,14:15,9.6,17.4,18.9
385,14,18,4,5.2,0.0,Tuesday,17:39,7.8,0.0,22.3
386,10,17,4,4.4,1.0,Wednesday,07:46,10.1,0.0,14.0
387,8,14,4,5.2,0.0,Friday,17:36,7.1,9.8,16.6
388,12,20,5,7.5,0.0,Saturday,14:47,14.2,15.1,32.7
389,10,14,4,6.3,1.0,Friday,21:59,12.4,23.3,24.7
390,11,15,3,4.2,0.0,Sunday,12:37,7.3,8.3,45.1
391,10,15,4,8.7,2.0,Sunday,15:47,10.9,13.7,34.0
392,8,14,4,4.4,1.0,Tuesday,11:58,7.4,2.5,12.8
393,6,13,6,9.7,0.0,Sunday,07:38,8.5,5.4,10.4
394,13,16,3,8.8,0.0,Wednesday,15:38,7.2,27.4,49.4
395,7,14,6,3.9,1.0,Sunday,09:07,7.0,0.0,6.3
396,11,15,3,2.9,0.0,Monday,12:32,7.3,8.0,15.2
397,1,5,3,11.1,0.0,Sunday,07:58,4.1,12.5,4.7
398,4,7,3,8.4,0.0,Tuesday,00:38,10.3,9.3,7.6
399,4,8,4,10.0,0.0,Thursday,22:34,6.3,17.5,9.2
400,1,8,3,10.1,1.0,Tuesday,20:48,7.8,24.7,16.0
401,7,9,1,11.8,0.0,Wednesday,08:35,3.2,66.5,86.4
402,13,20,5,9.5,0.0,Tuesday,08:24,10.3,4.7,25.5
403,6,11,3,10.4,0.0,Sunday,07:31,6.0,20.3,16.5
404,6,10,4,5.5,0.0,Wednesday,15:08,10.5,16.0,13.7
405,4,8,4,10.2,1.0,Monday,20:26,7.1,21.0,20.3
406,8,11,3,7.5,2.0,Monday,08:09,11.5,19.0,62.2
407,9,16,5,8.5,0.0,Thursday,17:09,5.9,22.2,18.4
408,12,19,5,7.1,1.0,Tuesday,10:36,10.2,8.0,24.6
409,5,11,4,13.7,1.0,Saturday,18:41,10.9,31.5,38.2
410,8,12,4,10.1,0.0,Tuesday,16:00,10.5,17.2,26.8
411,4,7,2,8.6,0.0,Friday,00:47,9.3,26.2,19.7
412,5,11,4,11.7,0.0,Monday,14:52,7.2,5.1,19.1
413,7,12,4,11.1,0.0,Thursday,09:34,7.6,13.9,27.2
414,20,26,6,6.8,1.0,Monday,12:41,15.3,14.6,38.6
415,6,11,5,8.9,0.0,Monday,10:41,6.4,,19.1
416,8,16,6,5.8,0.0,Sunday,08:31,9.6,9.8,12.0
417,4,10,5,4.2,0.0,Thursday,14:04,11.6,12.1,4.8
418,16,23,5,7.2,0.0,Friday,15:45,11.6,11.7,48.2
419,7,12,3,9.0,,Monday,09:33,11.9,17.6,26.4
420,7,13,4,10.6,2.0,Wednesday,09:17,7.0,14.5,33.9
421,4,7,2,9.5,0.0,Tuesday,10:10,12.0,55.5,30.0
422,3,10,4,7.7,0.0,Saturday,07:37,13.8,,12.1
423,9,15,4,7.1,1.0,Thursday,12:52,9.3,21.5,30.7
424,17,25,6,5.3,1.0,Friday,12:00,14.7,8.4,24.3
425,2,4,1,5.8,0.0,Wednesday,00:46,2.7,29.0,8.9
426,2,5,2,8.4,2.0,Sunday,18:37,7.2,25.0,21.2
427,8,13,4,4.4,0.0,Wednesday,08:27,,13.1,9.9
428,14,20,5,9.4,1.0,Sunday,16:32,8.3,5.6,34.9
429,8,13,5,9.6,0.0,Friday,17:33,8.1,15.0,21.7
430,17,22,3,7.9,0.0,Tuesday,17:22,8.3,35.2,63.4
431,15,19,4,6.4,0.0,Friday,10:05,13.8,9.7,30.3
432,11,16,5,5.2,2.0,Saturday,15:39,10.0,10.3,22.2
433,7,11,3,6.4,1.0,Thursday,14:44,14.1,20.5,22.0
434,12,17,5,7.6,1.0,Monday,13:31,10.6,4.9,33.8
435,4,8,4,9.1,1.0,Tuesday,20:34,2.9,31.3,21.2
436,6,11,5,5.1,1.0,Sunday,21:04,9.3,0.0,11.5
437,13,17,4,6.3,0.0,Saturday,17:57,5.8,12.3,27.0
438,11,14,3,7.9,1.0,Thursday,10:12,9.4,,37.7
439,16,23,4,2.0,0.0,Monday,10:59,13.6,0.0,13.8
440,12,18,4,4.1,1.0,Friday,10:29,11.0,0.0,17.2
441,11,16,5,9.3,3.0,Thursday,20:56,9.3,5.8,35.4
442,8,16,6,4.7,5.0,Wednesday,18:05,12.8,10.5,21.5
443,13,21,3,6.4,0.0,Wednesday,11:27,7.2,10.1,33.7
444,6,11,3,8.0,0.0,Friday,11:06,9.3,29.4,22.2
445,12,18,5,7.4,0.0,Friday,16:55,8.9,10.0,26.0
446,16,22,5,10.1,0.0,Tuesday,18:54,10.8,15.0,45.2
447,9,13,3,8.1,0.0,Friday,13:10,7.3,28.3,40.0
448,2,9,5,9.0,1.0,Sunday,07:08,4.6,15.4,10.8
449,11,18,4,4.7,0.0,Thursday,12:22,6.0,21.4,18.8
450,6,10,2,11.2,0.0,Thursday,10:40,6.6,25.0,40.2
451,2,5,3,10.0,0.0,Thursday,19:58,6.1,13.0,11.8
452,8,12,2,6.6,0.0,Saturday,12:55,4.0,17.5,44.4
453,11,16,4,8.8,,Friday,14:55,11.2,6.0,42.4
454,11,16,5,3.7,2.0,Friday,12:07,12.8,6.9,18.8
455,5,10,3,11.3,1.0,Tuesday,17:50,10.8,29.8,33.2
456,7,12,4,9.1,1.0,Sunday,20:21,8.9,0.0,20.2
457,9,13,4,8.0,1.0,Friday,11:04,13.5,15.7,32.5
458,10,16,6,8.8,0.0,Saturday,13:43,11.3,1.7,25.3
459,8,10,2,4.2,1.0,Wednesday,13:23,8.6,11.0,22.9
460,13,17,3,11.3,2.0,Monday,20:17,1.2,24.2,71.4
461,12,16,3,12.5,0.0,Wednesday,13:23,9.3,37.2,69.6
462,8,11,3,8.9,0.0,Friday,11:45,8.6,40.8,37.5
463,10,12,1,7.7,1.0,Friday,05:57,5.5,47.8,66.9
464,11,15,4,9.6,0.0,Wednesday,10:47,10.5,20.8,35.4
465,9,16,6,6.6,0.0,Thursday,12:47,7.7,10.9,13.5
466,5,12,5,7.8,0.0,Saturday,09:05,11.6,24.0,13.5
467,8,10,2,6.6,0.0,Monday,19:59,4.3,32.0,41.3
468,12,16,4,4.8,0.0,Wednesday,12:57,10.6,6.9,18.3
469,7,10,3,,0.0,Saturday,15:35,11.3,31.9,30.6
470,6,11,4,8.5,0.0,Wednesday,06:52,,13.5,10.6
471,14,21,5,7.2,2.0,Friday,14:08,10.3,4.1,35.6
472,9,14,4,,0.0,Friday,13:41,15.1,16.2,31.3
473,12,18,5,6.3,0.0,Monday,18:36,6.7,3.7,26.7
474,6,9,3,3.6,,Thursday,20:52,9.3,9.0,10.3
475,12,16,3,5.1,2.0,Tuesday,18:29,9.1,18.2,37.5
476,7,13,5,11.3,2.0,Thursday,14:59,10.6,9.5,35.1
477,8,11,3,10.8,0.0,Sunday,18:08,11.0,22.9,38.8
478,7,12,4,8.1,0.0,Sunday,03:07,4.6,8.0,11.0
479,13,18,4,9.7,3.0,Monday,19:41,9.5,22.6,64.6
480,4,9,5,5.8,0.0,Saturday,21:24,10.1,8.2,9.7
481,4,8,3,4.0,1.0,Friday,07:06,8.5,0.5,7.3
482,2,5,3,7.8,0.0,Tuesday,15:19,9.8,17.6,12.0
483,4,8,3,7.9,0.0,Friday,07:49,3.7,14.6,10.8
484,11,16,5,8.2,1.0,Tuesday,13:04,11.1,11.8,28.6
485,9,15,5,10.7,,Wednesday,12:28,8.2,13.8,39.0
486,10,17,4,8.7,0.0,Saturday,10:53,9.3,16.2,28.7
487,6,12,5,6.1,2.0,Monday,01:25,4.9,1.2,11.9
488,1,4,2,12.9,0.0,Sunday,17:19,4.6,28.6,13.0
489,4,8,3,4.6,2.0,Thursday,19:08,10.5,13.5,12.9
490,10,12,2,4.3,0.0,Friday,22:17,8.3,15.2,23.5
491,7,13,5,6.1,1.0,Monday,09:31,4.6,5.7,14.0
492,12,15,3,6.9,0.0,Monday,20:25,8.1,25.8,37.8
493,3,10,5,11.8,1.0,Thursday,18:17,7.2,19.5,17.1
494,3,7,3,4.0,0.0,Sunday,13:06,1.5,15.8,5.1
495,3,8,4,8.1,0.0,Monday,07:38,12.3,18.8,8.5
496,12,15,3,8.2,0.0,Wednesday,20:00,10.6,33.1,38.4
497,2,4,2,,1.0,Sunday,07:27,,53.1,21.9
498,11,17,5,7.3,0.0,Monday,16:33,9.6,9.5,21.7
499,4,8,3,11.2,1.0,Thursday,16:14,9.0,36.1,29.6
500,7,11,3,5.2,0.0,Friday,21:07,7.0,14.8,17.6
501,7,14,5,7.6,1.0,Wednesday,13:15,9.6,22.0,22.4
502,5,11,4,6.5,0.0,Sunday,10:25,3.8,18.3,5.6
503,2,10,4,7.2,1.0,Monday,08:16,4.0,18.6,12.1
504,5,8,3,7.5,1.0,Tuesday,00:26,4.2,4.0,12.6
505,9,14,4,3.5,1.0,Wednesday,16:55,3.8,0.0,10.9
506,16,21,5,2.0,0.0,Saturday,12:18,15.3,3.8,12.5
507,10,14,3,3.4,0.0,Wednesday,18:10,10.9,6.8,15.0
508,5,9,3,8.7,0.0,Thursday,01:10,0.0,16.0,13.1
509,6,12,4,4.6,2.0,Wednesday,18:18,7.4,6.4,9.5
510,13,19,4,8.8,0.0,Monday,17:32,13.6,21.5,45.6
511,6,8,2,6.3,0.0,Friday,16:58,11.6,15.6,28.8
512,4,9,5,3.3,1.0,Tuesday,18:15,6.1,0.0,3.8
513,12,19,5,7.3,1.0,Friday,14:51,10.1,3.0,30.9
514,13,19,4,9.0,2.0,Wednesday,19:30,11.8,23.7,49.2
515,11,15,3,6.6,0.0,Sunday,08:35,5.6,7.5,23.4
516,8,11,3,5.9,0.0,Monday,09:23,7.0,10.2,21.0
517,11,18,5,9.9,0.0,Monday,15:05,6.3,22.9,29.5
518,6,10,4,7.5,0.0,Tuesday,18:09,13.2,3.9,14.0
519,12,16,4,4.4,0.0,Saturday,17:56,6.3,0.1,17.8
520,9,13,3,9.5,1.0,Sunday,21:57,4.3,23.8,32.7
521,7,11,4,4.7,1.0,Monday,07:59,11.8,11.2,11.4
522,13,17,3,11.5,0.0,Monday,16:26,14.2,18.6,70.4
523,4,8,3,10.6,0.0,Saturday,09:54,11.1,22.1,18.9
524,3,7,4,5.7,0.0,Tuesday,20:06,14.8,14.1,5.9
525,10,15,3,5.6,0.0,Monday,23:59,8.3,14.5,20.6
526,11,13,2,10.8,0.0,Thursday,15:44,4.2,47.9,73.8
527,7,12,4,3.1,1.0,Monday,17:43,5.9,7.1,10.2
528,6,11,5,9.4,2.0,Tuesday,21:10,5.8,2.4,21.4
529,12,16,3,10.2,1.0,Tuesday,12:37,9.3,32.0,63.7
530,12,19,5,8.7,0.0,Thursday,12:08,11.3,11.9,28.9
531,13,17,3,7.6,2.0,Tuesday,08:49,9.0,17.2,41.3
532,7,11,3,,1.0,Friday,07:17,2.5,26.4,26.6
533,6,11,4,,2.0,Tuesday,13:23,6.1,26.5,32.2
534,9,15,6,6.6,1.0,Sunday,15:52,9.4,14.1,19.4
535,6,10,4,6.2,0.0,Thursday,19:02,9.7,2.7,9.3
536,9,14,3,5.8,2.0,Wednesday,16:21,15.1,11.7,29.2
537,9,13,4,8.4,0.0,Sunday,08:35,7.5,10.1,17.2
538,7,11,4,6.8,0.0,Sunday,20:05,7.7,13.2,12.5
539,10,14,4,9.5,0.0,Sunday,20:35,11.5,28.5,29.2
540,6,13,6,7.3,1.0,Tuesday,20:38,8.8,9.7,13.0
541,9,15,5,5.9,0.0,Friday,17:38,12.2,5.9,19.4
542,8,10,2,6.9,1.0,Tuesday,03:21,4.5,23.3,25.3
543,5,8,2,7.9,0.0,Sunday,08:59,3.2,24.8,22.2
544,8,11,3,9.2,0.0,Wednesday,20:51,7.6,12.2,26.6
545,5,8,3,7.9,1.0,Sunday,16:44,10.1,4.3,20.2
546,11,15,3,11.4,0.0,Saturday,07:12,8.2,31.9,52.1
547,14,20,4,6.7,0.0,Wednesday,22:44,7.6,7.7,18.1
548,8,12,4,12.9,1.0,Monday,11:41,12.6,29.0,49.5
549,5,10,4,9.3,0.0,Thursday,10:01,7.4,16.6,15.0
550,10,16,4,4.1,0.0,Tuesday,20:41,9.0,0.4,14.5
551,5,8,3,7.0,1.0,Tuesday,08:31,2.9,17.9,12.8
552,5,9,3,13.1,1.0,Tuesday,04:16,2.3,23.4,25.7
553,10,16,5,8.8,2.0,Wednesday,13:22,10.6,10.8,33.4
554,7,13,4,6.0,2.0,Thursday,20:25,7.4,12.5,20.3
555,13,17,2,7.4,2.0,Friday,21:57,,25.1,68.9
556,11,14,3,9.4,1.0,Sunday,07:57,5.2,8.0,35.0
557,9,14,4,10.6,1.0,Thursday,20:09,7.5,19.4,37.1
558,8,11,3,6.8,1.0,Wednesday,21:27,3.2,15.5,24.9
559,1,5,3,10.0,0.0,Wednesday,05:24,2.3,19.6,3.7
560,13,17,4,6.8,0.0,Saturday,11:16,10.6,,36.7
561,3,6,3,4.3,0.0,Saturday,06:54,4.9,10.9,1.6
562,20,26,5,10.1,0.0,Wednesday,20:41,11.2,7.9,43.9
563,13,16,3,7.8,,Sunday,11:44,11.9,24.0,42.4
564,13,16,3,5.3,1.0,Saturday,15:54,10.8,9.6,30.9
565,14,18,4,4.7,1.0,Saturday,18:14,10.2,4.2,26.1
566,10,18,6,13.5,1.0,Tuesday,13:17,10.5,4.1,42.1
567,22,27,3,11.2,1.0,Thursday,17:31,12.4,44.4,118.1
568,1,5,3,7.9,2.0,Friday,22:35,3.6,18.5,14.5
569,16,21,5,5.8,1.0,Saturday,09:55,11.0,5.9,25.9
570,12,15,3,5.4,,Saturday,09:47,4.2,21.0,30.4
571,7,12,3,7.6,0.0,Monday,10:18,10.2,18.8,25.3
572,10,19,4,5.6,1.0,Monday,15:46,9.5,19.1,22.0
573,10,15,2,10.7,1.0,Saturday,03:29,,31.7,55.3
574,6,11,4,3.7,0.0,Thursday,01:43,4.6,0.7,5.4
575,11,17,4,6.6,0.0,Sunday,09:59,9.3,2.3,16.7
576,5,9,4,,0.0,Friday,08:11,4.0,21.2,18.8
577,9,17,4,5.8,0.0,Wednesday,07:47,0.4,0.0,11.9
578,11,18,6,3.4,1.0,Friday,10:40,13.9,0.0,12.8
579,6,9,2,13.2,0.0,Sunday,11:09,7.1,46.1,48.3
580,3,7,4,5.1,0.0,Friday,10:26,8.6,21.0,5.4
581,17,24,5,5.9,0.0,Friday,13:08,15.8,16.5,33.7
582,8,15,3,11.4,0.0,Friday,15:53,8.9,33.2,39.2
583,16,22,5,6.5,1.0,Friday,13:34,9.4,9.2,32.6
584,11,17,5,7.7,1.0,Friday,11:29,10.1,8.6,26.6
585,12,19,5,5.7,0.0,Saturday,20:39,,10.0,19.7
586,9,11,2,7.6,,Saturday,23:04,8.0,19.3,33.3
587,10,19,5,2.0,0.0,Thursday,14:12,6.4,6.8,3.8
588,13,18,4,8.7,1.0,Monday,14:33,10.2,19.4,47.7
589,10,16,3,8.1,1.0,Sunday,15:24,7.3,31.2,39.4
590,9,14,5,10.7,0.0,Monday,15:21,7.0,30.6,28.3
591,7,12,4,5.1,2.0,Friday,17:25,10.7,8.2,20.1
592,9,13,3,10.3,1.0,Tuesday,07:05,7.3,21.0,39.2
593,9,13,3,10.1,0.0,Thursday,21:01,10.4,38.3,34.9
594,10,16,4,11.4,,Tuesday,16:25,7.9,31.2,49.8
595,14,18,4,9.6,1.0,Monday,13:33,9.3,26.3,58.9
596,8,11,2,9.4,0.0,Wednesday,18:26,6.3,35.2,53.7
597,10,16,4,10.3,0.0,Thursday,10:36,9.1,9.0,30.7
598,13,17,3,8.5,1.0,Wednesday,10:21,5.6,25.3,45.8
599,10,13,3,4.8,0.0,Saturday,11:25,16.4,0.0,21.5
600,6,12,3,8.5,0.0,Wednesday,20:39,8.9,10.8,22.3
601,2,8,4,2.0,2.0,Tuesday,20:17,7.2,0.0,5.6
602,4,9,4,9.8,0.0,Sunday,20:19,6.4,26.5,12.6
603,11,17,5,7.5,1.0,Monday,19:01,10.0,20.8,24.8
604,9,13,4,6.0,1.0,Monday,18:30,6.4,8.4,25.7
605,4,9,5,10.2,2.0,Thursday,21:34,5.6,15.2,19.0
606,9,13,4,8.9,1.0,Friday,13:10,7.9,22.9,32.6
607,13,21,6,4.4,1.0,Wednesday,14:44,15.3,16.2,17.5
608,4,10,4,6.1,1.0,Sunday,15:03,9.8,3.9,10.3
609,8,12,3,7.3,0.0,Sunday,16:39,12.0,9.6,22.3
610,3,7,4,7.7,,Thursday,09:41,7.4,18.9,8.7
611,6,11,4,5.0,0.0,Thursday,10:17,7.2,16.8,7.7
612,9,12,3,10.1,1.0,Thursday,15:07,5.5,15.5,43.0
613,8,11,3,,0.0,Friday,07:06,8.4,35.5,38.2
614,5,10,3,5.5,0.0,Thursday,17:16,6.7,9.1,11.4
615,14,19,5,8.7,0.0,Saturday,07:03,13.2,16.6,27.3
616,8,13,4,4.8,2.0,Saturday,22:21,13.3,2.7,17.6
617,4,8,4,7.7,1.0,Tuesday,08:44,5.9,8.9,6.2
618,4,7,3,10.3,,Tuesday,09:59,7.7,22.2,21.1
619,7,9,1,5.9,0.0,Friday,18:51,,54.3,65.5
620,3,11,5,4.4,0.0,Saturday,04:10,7.2,6.0,3.1
621,9,15,6,10.8,0.0,Tuesday,08:30,5.1,22.4,19.0
622,11,14,3,10.5,1.0,Saturday,18:45,11.7,24.3,67.2
623,15,20,5,8.8,2.0,Friday,17:59,15.0,21.7,49.9
624,13,18,4,7.3,0.0,Thursday,20:52,10.3,26.5,28.0
625,17,21,4,9.3,0.0,Friday,12:30,10.3,27.5,102.1
626,7,15,6,8.7,2.0,Friday,15:07,10.4,16.2,26.4
627,13,15,2,5.6,0.0,Tuesday,01:50,11.7,19.8,31.3
628,10,17,6,7.0,1.0,Monday,19:30,17.1,8.7,20.4
629,7,13,6,9.4,2.0,Sunday,18:30,11.2,3.3,24.3
630,7,13,5,5.4,0.0,Thursday,11:23,,11.0,14.3
631,7,10,3,5.9,0.0,Saturday,21:57,10.7,22.5,20.6
632,4,9,5,8.5,0.0,Sunday,14:23,6.5,17.4,12.6
633,19,20,1,3.1,1.0,Friday,11:09,13.7,33.5,85.5
634,15,19,3,6.8,0.0,Wednesday,21:43,11.1,5.4,38.9
635,7,13,5,5.9,1.0,Sunday,12:24,6.3,16.3,13.2
636,13,19,5,11.2,0.0,Monday,18:32,9.4,13.2,49.7
637,2,3,1,7.2,0.0,Thursday,03:19,7.0,46.8,15.8
638,8,13,5,9.9,0.0,Friday,15:38,8.4,10.3,20.7
639,16,21,4,6.9,0.0,Thursday,12:21,11.7,18.7,41.7
640,8,14,4,5.3,1.0,Monday,10:10,5.2,14.1,19.7
641,5,10,4,10.2,0.0,Monday,03:07,6.1,0.0,11.5
642,6,13,2,5.9,0.0,Thursday,19:01,3.4,28.6,24.0
643,9,18,6,4.1,1.0,Saturday,17:59,9.0,0.2,13.7
644,13,22,6,8.0,0.0,Monday,16:34,5.1,15.6,20.9
645,9,14,5,9.0,1.0,Monday,19:21,8.9,16.5,32.5
646,6,9,2,4.4,0.0,Friday,17:33,8.6,25.1,21.5
647,15,19,3,5.6,3.0,Thursday,13:38,7.0,7.6,45.8
648,11,15,1,3.1,0.0,Monday,07:39,7.0,10.4,42.9
649,12,16,3,6.7,0.0,Friday,00:08,5.4,13.0,19.8
650,8,12,4,5.6,0.0,Saturday,08:30,7.1,13.0,9.6
651,7,13,4,8.9,1.0,Thursday,21:34,12.1,1.9,23.4
652,11,15,3,3.7,0.0,Friday,17:22,11.0,0.0,16.7
653,10,15,4,8.3,3.0,Saturday,12:46,18.1,28.6,48.7
654,12,18,5,7.2,2.0,Saturday,12:45,9.1,7.8,33.4
655,14,20,5,12.1,0.0,Monday,16:16,12.6,21.0,50.2
656,10,13,2,8.4,0.0,Thursday,13:44,12.7,41.3,58.8
657,5,9,3,3.0,0.0,Thursday,08:46,4.4,0.0,4.8
658,12,18,6,8.4,3.0,Thursday,16:19,13.5,1.3,35.5
659,10,15,5,6.3,0.0,Wednesday,17:58,10.9,8.0,16.7
660,8,13,4,15.7,0.0,Wednesday,19:17,,5.3,41.4
661,6,11,4,7.0,1.0,Tuesday,21:40,0.0,5.4,13.9
662,11,14,3,11.4,0.0,Sunday,15:12,10.0,36.3,48.3
663,12,18,4,6.4,0.0,Sunday,18:56,12.2,9.4,20.3
664,5,12,3,6.5,0.0,Tuesday,12:04,9.3,16.4,11.2
665,5,11,4,11.5,1.0,Monday,09:57,9.3,17.7,30.5
666,14,19,4,11.8,0.0,Thursday,17:35,14.3,27.1,55.5
667,6,10,4,10.2,1.0,Friday,19:46,13.6,28.7,30.1
668,11,17,5,13.9,3.0,Friday,15:24,,16.0,102.6
669,14,19,3,6.2,0.0,Thursday,16:11,11.1,22.0,38.1
670,11,16,5,11.5,0.0,Wednesday,17:32,12.7,16.8,31.2
671,9,12,2,5.3,0.0,Saturday,10:45,13.7,10.2,29.3
672,13,17,4,2.0,1.0,Saturday,11:56,11.8,9.0,8.4
673,9,15,4,6.4,0.0,Sunday,18:42,7.7,7.2,17.5
674,14,19,5,12.2,1.0,Monday,11:53,10.6,19.9,52.8
675,12,16,3,10.4,0.0,Sunday,12:37,9.9,21.3,57.7
676,14,18,3,5.7,1.0,Saturday,21:31,4.9,22.7,57.5
677,3,8,5,8.0,2.0,Saturday,19:09,11.3,15.5,18.6
678,6,11,4,6.5,0.0,Monday,20:23,13.3,26.7,17.0
679,5,10,4,7.8,0.0,Sunday,20:43,0.0,20.3,13.5
680,8,13,5,4.5,1.0,Friday,14:00,8.7,10.0,19.4
681,6,9,3,9.4,2.0,Friday,20:55,2.9,8.6,29.5
682,6,10,4,10.7,0.0,Thursday,07:19,6.7,24.1,19.6
683,7,14,4,5.5,0.0,Saturday,05:23,7.8,12.0,10.3
684,7,12,3,6.0,0.0,Monday,19:17,8.1,6.6,22.1
685,5,7,2,7.0,0.0,Thursday,13:10,10.0,32.7,30.3
686,10,17,5,2.1,2.0,Wednesday,21:32,4.2,9.2,10.8
687,17,23,4,6.1,1.0,Saturday,14:19,12.8,13.6,47.4
688,6,11,4,4.6,0.0,Monday,20:13,10.2,0.1,8.1
689,9,14,5,7.4,1.0,Sunday,08:12,3.6,7.2,18.8
690,2,5,2,3.5,0.0,Sunday,22:04,5.5,10.3,2.2
691,11,14,3,8.5,1.0,Saturday,07:26,10.7,23.7,45.7
692,6,12,3,7.3,0.0,Thursday,17:12,5.3,30.4,20.1
693,9,12,3,2.6,1.0,Monday,09:41,10.1,0.4,15.1
694,8,11,3,6.4,1.0,Wednesday,19:38,7.0,16.5,26.2
695,6,12,5,5.9,0.0,Thursday,19:42,9.0,4.3,8.9
696,13,19,3,6.9,1.0,Tuesday,18:29,10.9,24.8,50.1
697,10,13,3,5.4,0.0,Wednesday,13:23,10.9,13.4,23.1
698,11,15,4,5.8,2.0,Tuesday,23:56,6.4,6.3,20.6
699,10,15,4,2.3,1.0,Saturday,19:07,5.2,11.8,9.5
700,7,11,3,6.6,2.0,Sunday,18:33,8.5,16.4,29.9
701,15,22,4,2.0,0.0,Friday,09:50,9.6,0.0,7.6
702,19,26,5,10.7,0.0,Wednesday,13:03,13.2,22.3,54.0
703,10,17,6,6.4,0.0,Tuesday,12:02,9.0,10.0,17.1
704,12,16,3,4.6,1.0,Friday,15:21,7.6,10.3,24.2
705,12,19,6,,0.0,Saturday,08:34,14.7,9.2,17.5
706,7,12,4,3.4,1.0,Saturday,09:01,6.3,0.0,10.5
707,9,12,3,11.2,0.0,Tuesday,22:00,4.6,7.9,29.4
708,6,12,5,5.0,0.0,Monday,07:03,9.0,1.7,3.2
709,4,7,3,10.0,0.0,Wednesday,16:18,8.6,4.0,14.2
710,7,14,4,,1.0,Friday,14:33,11.1,44.6,56.2
711,10,16,5,8.1,1.0,Saturday,14:50,9.0,27.3,30.3
712,10,17,4,9.8,1.0,Sunday,17:13,11.7,10.0,34.0
713,3,6,3,10.3,1.0,Tuesday,00:19,6.2,15.0,10.7
714,8,12,4,11.2,0.0,Friday,14:53,9.1,24.7,33.6
715,7,12,3,12.4,1.0,Sunday,10:39,10.4,26.3,40.3
716,10,14,4,,2.0,Friday,10:58,6.8,12.1,37.7
717,5,8,2,8.8,0.0,Saturday,07:24,1.9,33.5,25.3
718,9,16,5,8.2,0.0,Saturday,14:58,10.3,7.0,23.5
719,9,14,5,9.2,1.0,Thursday,20:04,7.8,12.4,24.3
720,9,14,4,6.0,0.0,Monday,08:58,5.9,10.5,14.5
721,7,12,4,6.6,0.0,Friday,04:53,7.4,4.0,10.2
722,8,12,4,9.1,0.0,Friday,19:26,,14.0,25.8
723,11,17,5,11.1,0.0,Monday,14:27,9.8,,38.4
724,8,14,3,13.3,0.0,Sunday,16:22,8.2,14.6,40.3
725,11,14,3,3.9,0.0,Thursday,11:58,6.7,4.6,18.4
726,17,21,3,5.4,1.0,Friday,19:22,11.4,20.7,44.4
727,8,14,5,8.4,1.0,Tuesday,19:19,8.8,7.3,20.8
728,8,13,2,6.7,1.0,Tuesday,08:17,5.5,19.3,31.4
729,15,22,6,9.7,1.0,Friday,19:21,13.7,13.7,40.9
730,14,20,4,4.4,0.0,Monday,11:03,8.7,16.5,25.6
731,13,20,6,7.0,2.0,Tuesday,10:15,11.9,4.5,21.5
732,4,7,3,4.9,0.0,Tuesday,13:53,9.0,12.8,7.0
733,5,9,3,9.7,0.0,Thursday,03:02,7.3,26.2,20.0
734,4,6,2,5.6,2.0,Tuesday,18:04,5.3,11.5,19.2
735,12,17,4,6.0,0.0,Monday,07:10,10.7,21.0,23.0
736,12,16,3,8.5,1.0,Friday,20:52,,14.2,47.9
737,6,9,3,8.1,0.0,Saturday,23:26,2.1,9.0,13.2
738,3,6,2,5.7,0.0,Sunday,21:05,4.3,26.1,10.3
739,16,23,6,7.3,1.0,Sunday,19:20,11.5,10.2,23.0
740,10,15,5,6.4,1.0,Friday,18:51,11.0,11.1,20.5
741,11,16,5,7.2,0.0,Tuesday,08:30,10.3,11.9,18.0
742,16,24,6,11.5,2.0,Monday,14:00,15.1,11.4,55.1
743,13,19,2,13.3,1.0,Thursday,11:13,8.0,46.7,116.2
744,7,12,4,,1.0,Tuesday,16:56,11.3,21.9,26.7
745,7,11,3,2.7,0.0,Thursday,16:01,7.0,0.0,7.0
746,7,12,3,7.6,0.0,Sunday,20:47,8.3,15.9,19.1
747,6,10,3,7.2,0.0,Thursday,06:11,0.9,4.8,9.5
748,11,16,4,6.0,0.0,Monday,20:33,7.7,9.0,24.2
749,4,10,4,6.4,1.0,Tuesday,15:50,2.4,,14.0
750,3,9,4,4.1,1.0,Tuesday,00:51,2.9,6.6,5.5
751,10,14,4,5.4,0.0,Saturday,05:56,1.5,1.4,13.6
752,12,16,4,7.1,0.0,Monday,11:36,9.8,18.4,29.9
753,7,11,4,8.7,0.0,Tuesday,21:45,10.5,0.0,19.2
754,11,15,3,9.7,0.0,Sunday,20:18,5.7,26.2,35.0
755,9,13,3,,0.0,Tuesday,19:36,6.4,25.2,33.9
756,13,22,5,8.1,1.0,Sunday,14:35,,18.6,32.4
757,6,10,4,10.9,2.0,Sunday,09:02,5.4,17.7,62.7
758,6,10,4,7.3,0.0,Saturday,16:03,9.3,24.2,20.2
759,3,8,5,6.6,0.0,Wednesday,19:25,12.0,19.5,10.9
760,5,10,4,4.2,0.0,Monday,03:35,4.9,11.3,2.5
761,4,9,5,4.8,2.0,Sunday,08:48,6.8,13.7,4.1
762,16,22,4,7.7,0.0,Sunday,21:43,10.0,8.8,30.8
763,7,10,3,7.0,0.0,Tuesday,00:30,6.3,10.6,15.9
764,13,17,3,8.1,0.0,Sunday,12:42,8.1,12.6,45.5
765,15,21,5,8.8,0.0,Friday,12:00,19.6,14.1,37.4
766,12,21,5,5.5,0.0,Monday,10:35,6.8,13.8,20.7
767,6,10,3,11.1,0.0,Tuesday,01:57,3.7,25.4,19.9
768,5,10,4,5.0,0.0,Friday,10:23,12.2,6.7,10.8
769,12,19,5,6.2,1.0,Saturday,08:29,8.7,4.2,21.4
770,9,13,4,2.1,1.0,Wednesday,12:43,11.0,11.2,3.5
771,11,14,3,5.0,0.0,Monday,15:15,11.2,24.7,31.5
772,11,15,4,11.1,0.0,Wednesday,11:39,6.8,33.2,40.5
773,10,13,3,3.6,0.0,Friday,13:53,13.5,7.2,16.7
774,16,24,5,9.9,0.0,Monday,19:16,11.4,,44.2
775,7,12,5,10.7,0.0,Saturday,06:58,5.9,4.6,12.6
776,5,10,4,8.6,1.0,Sunday,08:15,,12.9,14.1
777,5,9,3,5.1,0.0,Sunday,15:38,6.8,15.3,10.8
778,10,14,3,4.1,2.0,Tuesday,04:44,8.5,10.6,16.9
779,14,18,4,13.1,0.0,Monday,21:33,10.9,18.7,54.1
780,11,17,5,5.4,0.0,Thursday,21:23,8.5,14.2,11.1
781,1,5,3,7.9,2.0,Friday,22:35,3.6,18.5,14.5
782,6,9,3,8.3,1.0,Sunday,20:33,6.0,5.9,25.4
783,3,11,5,13.3,1.0,Monday,07:53,9.0,21.8,17.0
784,7,16,5,7.8,0.0,Wednesday,11:31,10.6,4.4,12.8
785,7,11,4,7.7,1.0,Sunday,10:35,5.4,20.7,20.1
786,7,10,3,11.3,1.0,Thursday,17:09,10.7,29.7,42.6
787,6,13,3,10.6,2.0,Wednesday,14:03,4.2,25.2,38.2
788,13,17,4,7.9,0.0,Saturday,09:41,11.9,16.2,32.0
789,8,13,5,8.5,0.0,Sunday,10:55,5.8,15.6,15.4
790,12,18,6,10.7,2.0,Sunday,12:35,12.3,15.4,38.6
791,5,13,5,8.7,1.0,Sunday,16:53,8.6,24.4,19.4
792,11,18,5,10.9,0.0,Tuesday,15:26,11.4,19.7,32.3
793,10,16,5,7.6,4.0,Monday,16:46,11.6,20.3,36.3
794,10,15,4,14.3,1.0,Monday,10:25,13.2,35.4,57.0
795,13,17,4,11.3,0.0,Saturday,12:47,14.0,20.6,60.0
796,6,11,4,5.0,0.0,Sunday,17:44,8.6,23.5,13.9
797,6,8,2,7.0,0.0,Sunday,18:09,4.3,40.9,30.3
798,9,12,3,9.9,1.0,Friday,18:21,10.2,34.8,51.5
799,12,18,6,4.2,1.0,Thursday,18:31,14.6,13.7,15.7
800,16,24,4,6.7,0.0,Friday,14:12,14.3,15.2,40.4
801,6,13,5,3.8,0.0,Saturday,10:22,10.7,,7.2
802,5,6,1,7.7,1.0,Sunday,23:47,4.6,39.4,36.2
803,10,14,4,6.6,2.0,Thursday,07:35,9.1,21.3,25.7
804,3,9,5,7.6,2.0,Sunday,10:22,,15.0,13.5
805,11,19,6,7.5,1.0,Friday,21:58,6.8,17.0,19.8
806,11,14,3,4.7,0.0,Wednesday,20:17,9.6,10.4,20.5
807,5,7,1,7.5,1.0,Thursday,03:44,5.4,22.1,37.3
808,10,15,4,9.5,2.0,Wednesday,16:05,8.4,16.7,36.8
809,6,11,3,3.2,1.0,Saturday,16:23,9.7,,9.7
810,16,22,4,11.8,2.0,Saturday,10:03,5.9,27.8,71.7
811,9,14,4,4.2,0.0,Monday,15:14,9.7,6.5,12.4
812,3,8,3,6.2,0.0,Friday,07:16,7.0,5.3,4.9
813,6,11,5,12.1,1.0,Wednesday,21:01,7.9,13.6,21.4
814,7,13,6,6.2,2.0,Monday,12:36,14.8,3.5,21.7
815,6,10,4,7.4,0.0,Thursday,11:00,9.6,5.5,13.2
816,8,12,4,5.6,3.0,Thursday,13:05,12.5,17.2,23.7
817,7,12,4,7.5,2.0,Monday,19:01,9.0,16.0,28.1
818,8,13,4,5.4,0.0,Sunday,15:11,1.9,10.1,16.3
819,378,17,2,9.3,2.0,Wednesday,08:35,7.8,24.3,73.6
820,11,16,4,7.0,1.0,Tuesday,07:13,4.1,12.7,24.8
821,12,19,5,8.5,1.0,Saturday,17:46,14.6,17.1,31.2
822,9,12,2,,2.0,Sunday,20:17,11.2,28.9,67.9
823,8,13,5,6.1,1.0,Wednesday,17:30,9.7,0.0,16.9
824,6,12,5,4.4,0.0,Saturday,08:40,8.7,6.7,5.3
825,7,12,4,7.6,0.0,Sunday,07:44,7.9,7.7,12.0
826,2,6,4,8.3,0.0,Monday,12:33,8.2,26.2,12.6
827,9,14,4,8.8,0.0,Friday,08:44,8.0,12.3,21.3
828,6,10,4,5.6,1.0,Monday,10:43,3.4,9.1,15.2
829,4,10,4,8.1,0.0,Friday,13:05,9.7,1.1,13.1
830,6,11,4,5.5,0.0,Thursday,12:22,9.0,1.6,13.8
831,11,13,2,,3.0,Thursday,15:22,8.6,31.9,75.1
832,4,7,2,8.6,0.0,Friday,00:47,9.3,26.2,19.7
833,20,23,3,5.8,1.0,Monday,14:15,12.8,19.8,62.3
834,5,8,3,5.1,,Saturday,15:31,12.4,18.5,12.6
835,11,17,4,6.7,0.0,Wednesday,18:14,8.5,5.5,21.9
836,16,21,4,6.7,3.0,Friday,12:02,13.3,11.5,53.9
837,11,16,5,8.4,0.0,Thursday,09:22,12.3,6.9,21.4
838,13,18,5,4.4,0.0,Monday,13:35,11.8,15.0,22.6
839,15,21,5,10.7,0.0,Tuesday,14:46,14.4,17.7,42.8
840,10,17,6,5.1,1.0,Friday,14:28,13.2,17.4,16.2
841,10,14,4,12.9,1.0,Monday,21:04,6.4,35.8,50.9
842,3,6,3,4.3,2.0,Wednesday,03:59,8.9,8.5,9.7
843,5,9,3,11.3,1.0,Friday,16:03,5.9,46.6,36.8
844,11,14,3,5.3,0.0,Saturday,10:54,10.7,7.6,25.3
845,15,19,3,13.6,1.0,Thursday,17:09,10.7,4.6,88.7
846,6,11,5,10.1,0.0,Saturday,09:20,11.4,16.2,15.6
847,8,12,3,9.5,1.0,Wednesday,20:39,6.1,30.5,40.4
848,11,17,3,7.7,0.0,Saturday,12:09,8.9,38.1,48.7
849,11,14,3,6.9,0.0,Thursday,21:09,4.9,27.9,31.4
850,15,22,6,10.3,1.0,Saturday,11:46,15.3,10.6,47.0
851,11,16,3,8.8,0.0,Tuesday,11:55,10.3,37.0,42.4
852,3,7,3,,1.0,Thursday,14:48,9.5,12.3,9.4
853,10,14,3,6.1,2.0,Saturday,09:47,10.0,16.2,34.2
854,7,13,4,5.6,1.0,Friday,08:46,4.0,8.0,14.5
855,5,9,3,7.9,0.0,Sunday,14:54,9.8,22.5,13.5
856,7,13,4,10.9,0.0,Friday,19:34,10.0,18.0,28.1
857,8,11,3,5.1,2.0,Friday,07:44,9.3,9.8,22.5
858,10,16,5,9.1,0.0,Tuesday,21:28,7.0,13.8,20.7
859,14,20,5,7.7,1.0,Thursday,11:21,7.6,6.4,30.7
860,8,14,5,12.1,2.0,Thursday,21:18,10.4,20.7,37.4
861,9,14,3,8.5,1.0,Wednesday,20:11,7.9,11.7,31.5
862,7,10,3,7.9,1.0,Monday,08:35,4.1,11.3,27.1
863,9,14,4,10.0,0.0,Thursday,10:21,5.0,,26.5
864,10,15,5,6.4,2.0,Saturday,11:34,13.5,8.2,25.3
865,14,20,5,8.6,,Wednesday,09:43,8.2,5.9,27.3
866,1,5,3,11.1,0.0,Sunday,03:41,7.5,10.9,0.9
867,7,9,2,9.5,2.0,Monday,02:10,0.0,14.8,33.0
868,5,11,5,10.8,1.0,Tuesday,08:17,7.1,11.7,19.0
869,12,16,4,6.0,0.0,Thursday,19:54,11.3,28.5,26.9
870,6,10,2,7.5,2.0,Friday,10:02,7.0,33.9,32.3
871,4,9,3,,1.0,Sunday,10:44,6.1,16.8,15.6
872,8,12,3,7.6,2.0,Monday,14:01,11.9,30.4,37.3
873,11,18,5,8.6,1.0,Saturday,13:56,11.4,4.9,35.7
874,14,19,4,2.6,0.0,Monday,09:54,9.9,6.4,11.7
875,14,20,5,8.6,1.0,Monday,12:13,8.8,15.9,38.6
876,5,8,3,9.8,1.0,Thursday,21:56,7.0,24.5,28.2
877,8,11,3,4.1,0.0,Thursday,18:17,7.8,10.8,18.6
878,9,15,6,7.9,1.0,Saturday,09:15,5.4,11.3,22.5
879,9,13,4,10.8,0.0,Saturday,08:23,11.0,35.6,32.7
880,6,10,2,7.9,1.0,Saturday,22:18,6.5,16.5,28.6
881,10,17,6,9.1,0.0,Saturday,07:25,12.4,15.7,24.0
882,7,11,3,9.5,1.0,Monday,05:41,9.4,13.3,24.0
883,9,12,1,5.6,0.0,Wednesday,08:07,3.1,46.0,53.6
884,12,16,4,7.1,2.0,Thursday,12:06,13.5,19.6,39.4
885,12,17,4,6.5,4.0,Tuesday,20:54,7.7,23.9,35.5
886,11,15,4,11.0,0.0,Tuesday,14:50,13.0,15.2,42.0
887,10,15,4,8.9,1.0,Thursday,18:54,12.7,13.0,37.8
888,5,11,6,5.3,0.0,Friday,20:48,15.2,16.1,7.8
889,11,14,3,8.5,0.0,Monday,10:51,4.3,28.1,44.7
890,8,15,6,10.7,1.0,Monday,17:09,14.5,15.0,28.5
891,7,10,3,6.8,0.0,Sunday,16:29,9.7,10.3,21.2
892,4,9,4,6.1,2.0,Wednesday,07:29,10.9,4.0,12.4
893,13,18,4,4.9,,Sunday,10:49,7.7,2.8,16.0
894,8,15,5,9.9,1.0,Wednesday,09:21,7.7,22.2,26.7
895,4,9,5,3.7,1.0,Friday,23:15,5.9,4.2,2.8
896,11,16,5,10.0,2.0,Thursday,20:35,7.9,24.7,37.6
897,6,10,4,,0.0,Saturday,15:00,6.5,15.9,19.5
898,7,14,5,4.3,0.0,Saturday,09:00,8.7,,8.9
899,8,11,3,11.9,1.0,Sunday,15:25,7.8,31.6,41.4
900,4,9,2,10.3,0.0,Friday,15:16,10.8,24.7,28.1
901,11,16,4,9.2,0.0,Tuesday,16:10,7.5,23.3,35.6
902,5,9,3,9.2,0.0,Sunday,07:22,6.6,14.7,13.5
903,14,19,4,9.3,0.0,Tuesday,20:33,11.5,13.3,41.0
904,10,15,5,8.5,1.0,Friday,16:52,12.2,19.8,31.6
905,8,12,3,12.0,1.0,Friday,07:35,7.8,27.6,46.4
906,15,18,3,7.8,1.0,Saturday,15:05,9.9,34.4,60.3
907,5,12,5,9.2,1.0,Monday,19:30,14.1,10.7,20.9
908,2,7,5,5.5,0.0,Saturday,01:01,5.0,3.6,2.1
909,2,7,3,5.7,0.0,Wednesday,06:26,,9.2,2.4
910,11,15,4,5.8,0.0,Sunday,13:42,6.5,26.1,25.3
911,6,10,3,9.6,0.0,Wednesday,23:52,5.1,14.2,9.2
912,18,24,4,8.0,1.0,Wednesday,10:00,9.6,12.3,43.6
913,11,17,5,6.7,0.0,Monday,10:40,10.9,3.3,18.0
914,10,15,5,9.6,0.0,Wednesday,16:20,11.2,11.6,25.9
915,11,16,5,5.9,0.0,Monday,21:04,13.9,1.9,14.2
916,11,15,3,8.2,1.0,Sunday,13:01,9.4,19.3,42.5
917,5,8,3,11.0,1.0,Wednesday,03:15,6.1,17.8,22.0
918,4,9,4,11.1,0.0,Friday,02:39,5.3,0.0,11.1
919,13,17,3,8.6,0.0,Wednesday,17:46,7.0,21.8,48.4
920,9,14,3,6.2,1.0,Friday,08:16,11.4,10.0,24.1
921,5,7,1,5.4,0.0,Sunday,10:39,10.7,32.4,32.7
922,3,8,4,9.6,0.0,Tuesday,09:08,7.5,11.4,9.9
923,9,11,1,2.0,1.0,Tuesday,05:40,5.5,16.0,17.9
924,6,9,3,8.9,0.0,Thursday,23:22,7.1,26.7,15.0
925,11,17,4,11.7,0.0,Saturday,07:30,7.8,30.5,37.2
926,14,18,3,7.5,1.0,Friday,15:17,16.6,,49.6
927,13,19,4,2.6,0.0,Saturday,07:07,7.1,0.0,9.2
928,3,7,4,7.1,0.0,Saturday,06:31,7.7,15.1,6.8
929,6,9,3,9.3,1.0,Tuesday,13:21,9.9,7.9,41.0
930,7,11,4,10.7,0.0,Thursday,15:14,13.2,36.0,25.7
931,10,16,4,12.8,0.0,Monday,20:09,9.8,14.7,38.3
932,7,11,3,3.6,1.0,Sunday,11:14,9.0,8.2,13.1
933,13,19,4,5.0,1.0,Saturday,14:18,10.0,8.3,32.3
934,1,6,5,8.6,0.0,Tuesday,20:31,9.1,24.5,2.1
935,8,13,4,8.3,1.0,Friday,16:13,7.5,17.6,27.0
936,9,14,3,8.8,2.0,Sunday,13:51,10.6,16.4,47.0
937,8,12,4,8.3,1.0,Wednesday,11:05,7.7,11.3,25.2
938,21,29,6,6.8,,Saturday,12:38,18.8,12.0,48.3
939,1,5,4,6.3,0.0,Thursday,23:04,7.3,8.1,6.6
940,5,9,3,6.4,0.0,Sunday,09:55,4.2,25.6,16.9
941,4,10,5,11.2,0.0,Tuesday,04:23,5.8,26.4,8.1
942,8,13,4,8.8,2.0,Monday,21:22,8.0,23.3,32.4
943,5,9,3,10.2,1.0,Saturday,14:27,8.4,25.6,35.4
944,12,16,4,6.0,1.0,Sunday,07:58,5.9,8.2,18.2
945,3,9,5,7.3,1.0,Thursday,17:07,7.7,4.6,10.7
946,4,12,3,10.6,0.0,Thursday,08:19,8.9,15.6,14.0
947,9,13,3,9.0,0.0,Friday,18:36,3.9,11.5,41.3
948,11,15,3,7.2,2.0,Friday,20:58,7.6,27.4,46.1
949,2,7,2,5.4,0.0,Monday,02:39,5.4,15.3,8.7
950,10,17,4,9.3,2.0,Monday,19:05,6.6,9.9,44.2
951,8,12,4,6.3,0.0,Monday,07:07,9.8,24.5,11.5
952,13,20,4,7.4,0.0,Saturday,21:35,9.6,19.5,30.8
953,7,11,4,8.6,0.0,Wednesday,21:50,8.7,13.0,18.2
954,6,8,2,5.9,0.0,Saturday,21:34,8.5,25.3,26.4
955,7,8,1,7.2,0.0,Tuesday,18:40,8.8,50.6,71.3
956,11,12,1,7.3,1.0,Tuesday,12:19,,57.3,118.0
957,10,14,4,4.2,0.0,Wednesday,15:30,9.7,8.4,14.2
958,4,8,4,3.5,1.0,Monday,01:34,1.9,0.0,5.7
959,11,15,4,7.8,0.0,Saturday,20:42,8.3,6.3,28.8
960,13,18,4,6.5,1.0,Wednesday,14:03,10.2,4.6,30.5
961,4,8,1,9.8,0.0,Sunday,20:37,1.7,54.7,50.2
962,12,16,2,,0.0,Sunday,15:51,6.1,24.8,44.9
963,13,17,4,3.2,3.0,Saturday,10:10,12.8,2.4,18.6
964,7,13,4,5.4,0.0,Monday,11:32,11.3,16.6,15.1
965,13,20,6,,0.0,Saturday,15:08,8.7,3.4,13.8
966,10,14,4,5.9,0.0,Friday,11:43,13.2,9.0,22.6
967,6,12,4,4.5,0.0,Thursday,10:47,8.5,6.8,5.9
968,7,9,2,3.8,1.0,Monday,07:46,5.1,17.3,25.3
969,2,5,3,3.5,0.0,Saturday,21:58,2.6,5.0,3.9
970,11,18,5,7.5,1.0,Thursday,17:54,3.8,18.6,24.9
971,12,17,5,12.9,0.0,Monday,07:44,7.2,18.6,31.9
972,10,17,5,8.0,1.0,Saturday,10:44,10.9,0.0,24.1
973,8,13,4,4.9,1.0,Friday,00:34,,0.0,11.7
974,14,17,3,9.3,0.0,Friday,19:30,7.5,16.0,59.4
975,6,9,2,4.4,0.0,Friday,17:33,8.6,25.1,21.5
976,4,8,4,4.8,0.0,Thursday,08:43,11.9,9.7,3.8
977,6,11,5,6.8,1.0,Tuesday,13:19,,13.7,18.5
978,14,21,5,9.1,2.0,Monday,14:34,8.9,4.6,41.7
979,8,12,3,7.6,0.0,Saturday,04:42,6.4,11.3,18.9
980,12,17,3,6.0,1.0,Saturday,12:05,13.7,26.4,43.2
981,13,19,4,6.6,2.0,Friday,10:23,6.8,15.6,34.1
982,7,9,2,9.0,1.0,Sunday,21:20,7.7,38.6,44.3
983,7,12,5,8.1,2.0,Thursday,19:27,5.7,5.6,20.9
984,5,9,3,5.2,2.0,Thursday,09:21,9.0,10.2,13.6
985,6,10,4,8.6,0.0,Saturday,09:10,8.1,8.4,17.8
986,14,19,5,9.8,0.0,Saturday,12:23,13.3,26.6,45.9
987,9,11,2,6.4,1.0,Tuesday,10:14,13.3,,40.1
988,4,10,4,5.1,0.0,Thursday,04:25,10.8,9.7,3.1
989,7,10,3,6.3,0.0,Friday,22:40,8.8,0.3,14.0
990,10,16,3,6.9,0.0,Tuesday,16:44,10.5,19.0,30.2
991,14,19,4,6.5,1.0,Monday,19:59,9.7,29.0,78.2
992,7,10,3,8.2,0.0,Wednesday,10:29,11.1,15.4,20.4
993,3,7,2,12.4,0.0,Tuesday,07:31,5.2,46.1,24.7
994,14,19,4,2.9,0.0,Saturday,18:42,10.5,5.6,13.0
995,5,9,3,9.6,0.0,Tuesday,17:11,5.0,29.0,23.2
996,10,17,5,11.2,2.0,Friday,13:16,13.7,22.6,48.3
997,7,11,3,10.4,0.0,Thursday,11:15,5.4,20.1,28.8
998,12,19,3,10.2,0.0,Tuesday,06:44,3.0,22.7,33.9
999,2,6,4,6.8,2.0,Tuesday,17:05,4.9,4.9,16.2
1000,9,13,4,8.2,1.0,Thursday,11:05,9.0,15.8,27.7
1001,11,18,5,12.8,0.0,Saturday,21:12,6.4,25.3,38.6
1002,9,13,2,9.4,2.0,Sunday,05:52,5.9,,38.0
1003,14,19,4,9.7,,Monday,18:01,9.0,20.4,53.9
1004,10,15,4,2.0,3.0,Monday,15:28,6.3,1.7,11.7
1005,3,7,3,2.0,1.0,Thursday,09:52,8.6,15.4,7.2
1006,8,11,2,8.4,0.0,Tuesday,09:13,8.7,26.1,34.5
1007,13,18,5,9.5,0.0,Monday,13:20,11.6,15.9,41.2
1008,11,14,2,6.9,1.0,Wednesday,13:55,6.1,39.5,58.3
1009,12,19,6,7.3,2.0,Thursday,17:16,10.2,7.4,30.1
1010,7,10,3,5.4,0.0,Friday,14:54,8.2,17.7,21.0
1011,13,17,4,6.4,2.0,Saturday,21:22,9.6,13.0,30.9
1012,10,16,5,10.5,1.0,Friday,12:06,11.8,14.9,39.3
1013,11,14,2,7.2,0.0,Thursday,07:35,7.2,13.8,43.2
1014,8,10,2,9.9,0.0,Tuesday,10:20,5.5,27.5,45.2
1015,2,5,3,12.6,0.0,Saturday,14:42,10.8,26.3,17.2
1016,15,22,4,8.0,1.0,Wednesday,07:30,15.9,,35.7
1017,12,17,4,7.8,0.0,Wednesday,15:15,11.3,0.0,26.9
1018,17,22,3,5.3,0.0,Saturday,13:04,10.5,10.4,47.7
1019,6,12,4,5.1,0.0,Thursday,13:27,7.9,5.6,8.4
1020,10,14,3,9.2,1.0,Saturday,10:27,10.5,20.5,48.9
1021,12,17,4,6.9,1.0,Saturday,21:36,12.0,18.7,33.5
1022,10,15,3,7.2,0.0,Sunday,10:36,4.8,25.8,27.9
1023,7,15,6,6.5,0.0,Tuesday,16:17,,8.0,12.0
1024,12,17,4,2.6,0.0,Tuesday,12:02,11.9,14.5,10.3
1025,1,8,3,10.1,1.0,Tuesday,20:48,7.8,24.7,16.0
1026,8,14,5,7.1,0.0,Tuesday,13:03,9.6,8.2,14.7
1027,8,13,4,10.7,1.0,Tuesday,04:02,5.9,9.5,24.6
1028,5,9,4,4.8,0.0,Wednesday,07:53,7.6,6.5,8.1
1029,6,8,2,6.0,0.0,Monday,22:32,5.2,12.5,17.4
1030,5,8,2,7.9,1.0,Monday,05:46,5.7,17.4,21.8
1031,6,9,3,7.8,1.0,Sunday,07:07,8.4,15.2,18.1
1032,7,8,1,5.5,,Monday,01:23,3.7,34.5,34.9
1033,5,13,5,7.6,0.0,Wednesday,12:32,9.9,9.1,11.8
1034,8,12,4,7.3,1.0,Wednesday,20:05,11.3,17.1,22.1
1035,12,16,4,8.0,1.0,Friday,10:44,14.8,1.4,31.2
1036,10,15,5,5.2,0.0,Wednesday,14:47,13.0,25.1,16.2
1037,4,8,3,10.3,0.0,Tuesday,23:58,4.8,22.3,11.5
1038,10,17,4,7.9,0.0,Thursday,16:39,9.2,4.6,24.7
1039,11,16,4,8.6,0.0,Friday,17:26,11.0,15.2,31.2
1040,11,14,2,8.9,1.0,Thursday,21:00,8.9,21.6,57.0
1041,9,16,4,5.6,0.0,Sunday,21:08,4.5,10.7,14.1
1042,6,12,5,4.2,1.0,Monday,19:01,8.0,0.0,9.8
1043,4,8,3,7.8,0.0,Tuesday,21:21,7.9,20.9,14.6
1044,6,9,3,6.8,2.0,Friday,07:09,15.2,15.3,23.2
1045,8,13,4,7.3,2.0,Friday,15:37,11.6,14.3,32.0
1046,6,11,4,8.4,1.0,Wednesday,16:07,13.7,15.0,21.0
1047,9,15,5,11.0,1.0,Saturday,07:24,16.1,14.4,36.5
1048,8,15,5,2.0,3.0,Thursday,17:16,8.3,0.6,8.6
1049,8,12,3,6.7,1.0,Tuesday,12:22,5.6,25.7,29.6
1050,8,12,3,6.1,0.0,Monday,03:29,7.8,19.9,18.4
1051,8,14,5,7.9,1.0,Wednesday,11:06,15.0,14.8,23.1
1052,4,6,2,2.8,0.0,Thursday,18:35,9.4,16.0,9.5
1053,9,13,4,4.5,0.0,Wednesday,10:44,10.8,8.9,12.1
1054,9,13,3,6.9,,Wednesday,08:56,6.4,5.4,52.5
1055,6,9,3,11.9,0.0,Saturday,20:02,10.2,38.3,36.6
1056,7,11,3,2.8,1.0,Wednesday,21:07,,6.2,7.2
1057,7,12,5,4.1,0.0,Saturday,10:57,8.6,0.0,7.4
1058,3,7,3,5.8,1.0,Thursday,21:05,10.8,12.6,13.6
1059,3,6,2,13.2,,Tuesday,06:36,5.4,23.1,18.5
1060,9,16,6,11.8,0.0,Tuesday,15:05,9.8,17.9,24.7
1061,10,16,5,3.4,1.0,Sunday,11:42,8.4,10.0,7.8
1062,1,5,4,7.5,0.0,Thursday,10:33,8.8,16.1,3.6
1063,6,11,4,9.1,0.0,Friday,07:08,4.4,10.7,19.1
1064,9,14,4,2.4,0.0,Wednesday,13:16,14.8,0.0,9.5
1065,10,16,3,6.3,3.0,Wednesday,19:02,9.4,10.8,37.0
1066,8,12,4,4.4,1.0,Tuesday,14:26,7.6,14.0,13.8
1067,14,19,3,9.1,2.0,Thursday,12:34,11.9,27.6,71.0
1068,7,11,3,8.1,0.0,Sunday,08:29,9.2,7.6,21.9
1069,16,21,4,8.0,0.0,Monday,10:52,7.0,12.2,41.3
1070,11,17,5,10.0,0.0,Saturday,11:36,10.5,26.6,34.6
1071,7,11,4,8.5,1.0,Tuesday,11:54,8.5,11.5,25.6
1072,5,10,4,5.1,0.0,Sunday,08:12,5.0,7.3,10.1
1073,11,15,3,6.6,0.0,Sunday,10:38,7.7,20.9,23.5
1074,7,11,3,6.3,0.0,Saturday,02:20,7.7,18.2,13.7
1075,7,13,5,2.0,0.0,Monday,07:49,9.7,0.0,1.3
1076,8,14,5,10.2,1.0,Tuesday,14:03,,22.9,30.5
1077,14,17,3,8.6,0.0,Sunday,15:03,7.2,14.8,46.0
1078,9,14,5,8.8,1.0,Saturday,12:39,6.4,14.2,31.2
1079,11,17,6,4.1,3.0,Tuesday,17:34,8.0,0.1,15.6
1080,11,15,3,7.8,0.0,Saturday,20:50,16.1,6.0,39.7
1081,3,7,4,7.4,0.0,Sunday,01:11,2.4,3.5,3.7
1082,10,14,3,,0.0,Thursday,10:25,10.9,0.8,26.6
1083,4,7,3,9.7,1.0,Thursday,17:15,5.5,21.3,20.2
1084,11,15,3,5.3,1.0,Friday,19:10,7.6,17.7,31.3
1085,10,14,4,9.4,1.0,Wednesday,15:18,6.8,20.4,34.4
1086,9,12,2,7.1,0.0,Wednesday,10:01,6.9,36.6,40.6
1087,7,11,3,10.5,0.0,Tuesday,21:55,6.3,23.0,28.0
1088,8,14,3,8.3,0.0,Sunday,09:20,5.0,21.3,23.5
1089,13,15,1,5.7,2.0,Wednesday,13:36,9.9,59.2,105.5
1090,10,15,4,7.5,1.0,Tuesday,13:41,14.4,17.9,33.9
1091,6,9,3,6.3,1.0,Tuesday,01:04,4.6,10.7,13.1
1092,6,11,4,5.4,0.0,Friday,03:07,8.6,6.6,5.6
1093,12,17,5,4.5,0.0,Monday,17:18,7.1,9.5,14.6
1094,9,19,6,9.9,0.0,Friday,14:52,14.7,23.3,22.4
1095,5,11,4,5.6,1.0,Sunday,19:43,9.5,4.0,41.8
1096,10,15,4,5.8,1.0,Saturday,12:51,13.4,24.0,30.8
1097,16,22,4,10.4,3.0,Saturday,18:29,8.2,40.2,81.7
1098,6,11,4,11.4,0.0,Monday,17:34,10.4,27.0,29.7
1099,5,8,3,6.3,0.0,Monday,10:02,7.8,12.5,16.0
1100,9,17,4,9.9,0.0,Tuesday,19:41,10.1,26.1,31.4
1101,18,23,4,8.0,1.0,Tuesday,18:46,13.1,23.6,56.5
1102,8,16,6,10.4,,Saturday,20:38,11.3,7.3,23.4
1103,4,9,3,2.6,0.0,Thursday,08:15,7.7,3.0,8.8
1104,8,15,5,9.1,0.0,Saturday,21:02,8.6,9.6,15.2
1105,10,19,5,5.2,2.0,Saturday,13:03,11.6,19.7,23.0
1106,12,16,3,8.2,1.0,Thursday,11:52,9.4,17.6,47.1
1107,12,20,6,6.5,0.0,Friday,09:00,12.4,33.6,19.1
1108,11,15,4,5.9,0.0,Sunday,18:10,11.7,13.6,20.1
1109,11,21,5,4.2,0.0,Wednesday,15:54,9.3,8.4,12.7
1110,9,13,3,8.3,0.0,Saturday,10:27,9.7,21.8,32.0
1111,11,15,2,9.4,0.0,Thursday,08:59,6.6,24.0,53.4
1112,4,10,4,6.3,0.0,Saturday,16:16,11.2,11.4,9.4
1113,12,19,5,7.2,2.0,Friday,14:19,,15.5,30.2
1114,3,8,3,7.5,1.0,Thursday,19:25,1.9,14.3,16.3
1115,14,21,5,8.2,2.0,Wednesday,12:50,13.4,4.0,40.1
1116,8,11,3,8.4,1.0,Wednesday,13:05,8.4,7.1,34.3
1117,11,18,5,6.9,0.0,Monday,21:55,8.2,8.5,18.2
1118,11,16,4,9.6,0.0,Saturday,16:05,10.2,21.1,38.6
1119,6,10,3,8.3,0.0,Tuesday,16:50,8.0,15.9,22.6
1120,4,9,5,,0.0,Wednesday,09:57,10.7,2.7,7.0
1121,11,14,3,8.7,0.0,Tuesday,06:39,8.0,13.6,-1.9
1122,4,6,2,5.0,0.0,Thursday,10:52,8.3,12.5,11.5
1123,14,19,3,6.3,1.0,Tuesday,12:55,9.1,10.4,41.0
1124,5,11,4,5.7,2.0,Wednesday,16:25,9.1,15.1,18.2
1125,4,10,5,7.9,0.0,Sunday,12:05,10.3,23.2,12.5
1126,7,11,4,7.2,1.0,Wednesday,09:22,6.9,25.7,18.8
1127,8,13,4,10.1,2.0,Saturday,13:42,11.0,14.7,44.5
1128,5,9,2,8.7,0.0,Thursday,20:45,8.7,38.5,28.0
1129,10,13,3,3.8,1.0,Sunday,16:48,10.3,13.2,17.6
1130,11,17,5,3.6,0.0,Thursday,19:39,8.1,4.4,12.3
1131,11,16,3,4.8,,Tuesday,21:17,10.1,14.2,17.0
1132,18,25,5,10.1,0.0,Monday,19:32,12.3,29.3,54.0
1133,12,16,4,9.7,1.0,Friday,07:52,8.4,21.7,39.8
1134,3,11,4,3.8,0.0,Thursday,10:01,7.7,0.0,3.5
1135,9,15,4,4.3,0.0,Sunday,12:54,7.0,5.3,13.4
1136,6,9,3,3.6,1.0,Wednesday,18:07,5.4,12.0,10.8
1137,13,16,3,4.9,1.0,Saturday,19:43,11.2,13.0,35.1
1138,6,12,5,10.5,1.0,Friday,15:16,11.6,19.0,22.4
1139,7,12,4,6.2,1.0,Friday,16:29,9.0,12.8,20.5
1140,9,13,4,3.8,1.0,Wednesday,13:30,8.0,15.4,14.2
1141,10,18,4,9.6,1.0,Wednesday,10:29,9.3,21.0,32.0
1142,8,12,3,7.2,1.0,Wednesday,12:10,10.5,17.1,29.6
1143,11,15,3,3.6,0.0,Tuesday,10:08,8.4,25.0,20.1
1144,6,12,4,5.4,0.0,Thursday,10:39,10.7,4.6,11.5
1145,8,11,2,6.0,2.0,Tuesday,10:22,8.1,26.4,36.8
1146,12,19,5,18.1,0.0,Thursday,15:16,11.2,,55.8
1147,6,9,3,11.6,,Sunday,15:42,7.9,32.2,39.0
1148,12,16,4,7.3,1.0,Tuesday,14:55,8.4,27.8,32.3
1149,11,16,4,5.9,2.0,Friday,08:01,5.7,4.1,24.0
1150,6,11,4,8.0,0.0,Saturday,15:43,11.5,9.6,15.3
1151,10,17,4,7.9,0.0,Wednesday,07:51,9.3,10.3,21.8
1152,12,16,4,3.8,0.0,Thursday,21:43,8.6,0.0,13.3
1153,12,18,3,7.0,1.0,Friday,12:05,5.6,8.1,45.6
1154,18,23,3,6.2,0.0,Thursday,19:05,8.0,18.8,47.6
1155,6,10,3,,,Friday,20:14,6.1,30.9,22.1
1156,7,13,4,10.3,1.0,Wednesday,08:54,8.7,3.5,21.5
1157,6,13,5,5.3,0.0,Monday,05:27,8.2,3.4,8.0
1158,8,14,4,7.1,1.0,Monday,23:08,7.6,15.0,14.9
1159,4,12,5,6.5,0.0,Friday,08:16,7.9,1.6,6.8
1160,10,13,3,4.9,1.0,Wednesday,09:29,8.3,7.2,22.7
1161,5,9,3,12.8,0.0,Monday,05:01,,24.4,22.0
1162,8,11,3,7.9,,Wednesday,08:09,5.3,14.5,20.6
1163,1,5,4,9.6,2.0,Tuesday,08:46,5.9,12.4,11.5
1164,14,18,4,4.7,0.0,Saturday,12:43,12.6,13.5,27.1
1165,14,18,3,5.2,2.0,Tuesday,11:13,9.3,6.6,36.0
1166,4,7,3,5.5,1.0,Friday,08:07,6.1,11.3,10.3
1167,11,17,4,9.6,1.0,Sunday,09:07,8.0,10.2,29.7
1168,7,9,2,10.1,1.0,Friday,00:13,7.7,16.6,34.1
1169,9,13,4,11.8,0.0,Sunday,07:20,11.8,19.2,44.2
1170,11,17,5,8.6,0.0,Saturday,20:15,6.4,19.2,28.1
1171,12,18,5,8.0,0.0,Tuesday,15:57,13.0,6.3,26.9
1172,10,14,3,10.5,0.0,Wednesday,09:02,12.0,23.8,37.4
1173,15,21,5,11.0,0.0,Saturday,17:46,13.2,16.1,49.4
1174,15,19,4,9.8,0.0,Tuesday,14:50,8.6,18.8,48.6
1175,10,15,4,3.4,1.0,Thursday,16:22,13.0,8.1,12.4
1176,8,12,4,8.2,0.0,Sunday,17:28,11.3,18.2,23.0
1177,6,13,4,4.6,0.0,Sunday,13:18,7.1,13.8,5.8
1178,4,8,4,2.0,0.0,Friday,10:55,8.0,,3.2
1179,12,17,3,9.9,0.0,Sunday,17:40,17.7,25.8,53.0
1180,17,21,3,4.4,1.0,Wednesday,20:27,12.4,10.1,34.2
1181,12,17,3,8.0,3.0,Wednesday,19:12,12.3,29.8,57.0
1182,8,13,3,7.6,0.0,Friday,14:04,6.7,33.0,31.4
1183,4,7,3,10.5,0.0,Thursday,13:05,8.0,29.2,23.6
1184,12,16,4,7.2,0.0,Monday,20:15,11.2,14.9,28.7
1185,5,11,4,6.4,0.0,Friday,01:30,4.5,5.4,7.4
1186,10,17,6,4.8,0.0,Monday,07:02,15.1,0.1,7.7
1187,3,6,3,7.5,0.0,Sunday,07:37,6.5,9.9,9.3
1188,7,11,3,10.6,1.0,Thursday,10:29,8.6,28.6,37.1
1189,7,10,3,11.3,0.0,Wednesday,08:20,11.6,30.5,28.1
1190,9,14,3,3.3,,Wednesday,20:38,7.6,14.5,13.5
1191,7,10,2,9.9,2.0,Tuesday,12:39,11.7,42.1,64.5
1192,11,16,5,6.8,0.0,Saturday,18:27,12.9,21.4,28.8
1193,6,10,2,6.9,0.0,Monday,23:46,5.6,9.4,20.8
1194,12,17,5,4.2,0.0,Monday,10:00,11.2,0.0,16.6
1195,11,15,3,6.8,1.0,Friday,11:58,11.5,20.0,38.6
1196,11,15,2,8.7,1.0,Tuesday,10:14,9.7,20.9,61.0
1197,10,15,4,7.2,2.0,Saturday,20:12,7.5,15.1,27.8
1198,9,16,4,5.8,0.0,Sunday,13:15,13.3,0.0,17.4
1199,5,11,4,7.8,1.0,Friday,20:31,12.9,27.2,17.8
1200,12,15,3,8.2,0.0,Thursday,21:58,6.5,24.2,41.4
1201,7,11,4,5.4,1.0,Wednesday,19:30,11.2,11.1,11.0
1202,376,13,4,9.9,0.0,Sunday,18:24,4.4,20.7,26.2
1203,8,14,6,8.6,3.0,Friday,09:16,7.1,7.6,26.0
1204,14,22,5,7.0,0.0,Saturday,19:09,10.7,14.3,28.3
1205,12,18,5,9.2,0.0,Saturday,14:54,15.2,4.1,34.5
1206,8,12,3,5.8,0.0,Thursday,17:42,10.1,17.5,26.7
1207,14,21,6,9.6,1.0,Friday,13:27,15.8,21.0,39.8
1208,8,13,4,10.8,1.0,Wednesday,09:22,6.8,16.1,25.4
1209,8,12,4,4.7,0.0,Saturday,15:56,7.2,,15.3
1210,8,14,5,4.7,0.0,Saturday,17:42,6.0,0.0,10.6
1211,18,25,5,8.4,2.0,Saturday,07:43,11.8,25.1,48.1
1212,7,12,3,10.3,1.0,Tuesday,15:46,7.7,15.8,38.6
1213,7,10,3,10.4,0.0,Monday,19:38,12.6,35.4,39.6
1214,7,10,2,10.2,1.0,Tuesday,23:52,5.8,34.9,37.7
1215,9,13,3,8.3,1.0,Friday,13:56,6.4,28.8,44.4
1216,4,7,1,9.5,0.0,Friday,04:10,2.8,50.6,32.3
1217,10,15,4,4.1,2.0,Saturday,17:06,12.4,4.9,39.6
1218,12,18,3,5.5,1.0,Wednesday,19:53,9.7,26.1,34.8
1219,5,12,4,5.3,0.0,Saturday,01:52,2.3,7.7,6.7
1220,11,18,6,10.6,1.0,Friday,18:50,11.0,23.1,33.4
1221,8,15,5,10.1,2.0,Saturday,20:11,11.1,17.5,33.1
1222,11,15,4,5.0,2.0,Saturday,21:39,14.2,10.7,21.8
1223,8,13,3,9.8,1.0,Thursday,10:07,1.7,17.5,34.1
1224,6,11,4,6.1,1.0,Wednesday,20:42,3.5,21.0,16.7
1225,14,20,3,11.3,0.0,Wednesday,15:55,11.1,18.1,60.2
1226,11,14,3,4.4,0.0,Sunday,16:30,6.1,13.1,19.9
1227,9,14,4,8.8,0.0,Thursday,17:06,10.4,17.7,26.5
1228,11,14,3,9.0,,Friday,10:26,5.3,18.5,43.0
1229,13,18,4,,1.0,Monday,17:25,11.2,20.9,41.0
1230,6,12,3,10.9,0.0,Monday,06:54,7.3,21.3,25.2
1231,5,8,2,7.7,0.0,Tuesday,23:46,3.7,4.9,10.5
1232,10,14,4,7.2,0.0,Saturday,00:01,7.6,5.2,16.4
1233,5,8,2,12.7,1.0,Sunday,04:25,1.7,34.6,32.5
1234,6,12,3,5.2,0.0,Friday,22:47,6.7,5.7,8.5
1235,7,12,5,7.9,0.0,Sunday,09:16,6.4,7.3,7.9
1236,5,9,2,10.3,0.0,Wednesday,15:36,3.6,41.2,36.8
1237,5,11,5,7.9,0.0,Tuesday,17:56,6.8,27.4,13.8
1238,11,14,2,9.6,1.0,Tuesday,10:55,,32.6,63.7
1239,9,15,5,5.7,1.0,Friday,11:03,11.9,6.5,16.0
1240,4,9,5,9.3,1.0,Sunday,17:07,6.5,14.3,13.7
1241,11,16,5,6.8,2.0,Friday,19:48,10.1,17.2,26.0
1242,3,8,5,6.6,0.0,Friday,14:23,11.8,14.2,6.5
1243,4,8,3,6.4,0.0,Sunday,18:23,2.4,17.7,14.5
1244,20,25,4,3.7,1.0,Saturday,17:12,10.7,0.0,30.3
1245,6,9,2,10.1,1.0,Sunday,20:38,10.6,31.2,39.5
1246,9,12,3,8.5,0.0,Tuesday,15:48,8.2,14.5,31.5
1247,7,13,6,8.3,1.0,Monday,19:34,12.2,12.6,23.0
1248,13,18,4,,1.0,Saturday,17:22,14.7,21.1,34.3
1249,7,12,5,6.0,0.0,Thursday,19:52,11.6,1.8,10.2
1250,6,9,2,8.0,1.0,Friday,02:29,4.5,13.6,25.1
1251,5,10,4,9.4,0.0,Wednesday,07:10,5.9,6.4,15.6
1252,8,13,5,8.3,0.0,Thursday,12:37,,21.1,19.4
1253,12,18,6,7.4,0.0,Thursday,19:34,4.8,0.7,19.2
1254,8,14,4,4.2,0.0,Tuesday,19:40,9.5,0.0,10.5
1255,11,15,3,5.6,0.0,Wednesday,20:12,,12.0,29.2
1256,18,24,5,9.2,2.0,Saturday,12:47,18.8,15.5,63.7
1257,5,12,5,4.5,0.0,Monday,00:12,8.4,4.9,4.6
1258,4,6,2,6.4,1.0,Tuesday,08:43,6.1,11.5,13.3
1259,5,10,4,,,Tuesday,09:29,10.0,3.0,5.6
1260,7,11,4,6.6,0.0,Tuesday,12:23,9.0,10.3,19.1
1261,9,12,3,5.5,1.0,Tuesday,08:27,7.8,13.3,24.1
1262,10,15,4,4.9,2.0,Saturday,16:12,6.8,7.9,26.8
1263,7,11,3,7.0,0.0,Saturday,21:23,13.5,40.3,21.8
1264,8,12,4,6.8,0.0,Sunday,12:49,6.7,15.9,16.6
1265,13,17,4,8.8,0.0,Friday,09:51,9.0,17.4,30.0
1266,7,11,4,6.4,1.0,Wednesday,08:03,5.6,6.2,16.1
1267,6,11,4,8.6,1.0,Thursday,09:15,5.8,4.1,16.9
1268,17,23,4,12.4,2.0,Saturday,14:02,10.6,29.5,92.2
1269,9,14,4,5.3,1.0,Monday,12:17,12.6,5.2,26.3
1270,8,14,5,6.6,1.0,Monday,21:15,8.8,8.0,16.8
1271,11,15,4,7.3,2.0,Friday,19:11,13.0,5.5,36.7
1272,6,11,3,6.1,0.0,Thursday,11:04,,15.8,21.2
1273,6,12,4,5.9,0.0,Saturday,02:32,8.5,7.5,11.6
1274,7,11,4,6.1,1.0,Tuesday,08:52,8.4,18.0,17.1
1275,10,15,5,8.2,0.0,Thursday,17:37,9.8,10.8,22.0
1276,9,13,3,7.1,1.0,Wednesday,19:50,8.2,29.0,31.1
1277,10,13,2,8.9,0.0,Thursday,15:43,2.8,37.7,51.5
1278,13,16,3,5.3,1.0,Thursday,11:29,8.1,17.1,36.1
1279,13,19,5,11.4,0.0,Tuesday,19:58,,13.1,36.5
1280,7,14,4,5.2,0.0,Monday,13:04,9.5,22.0,17.2
1281,7,13,4,9.4,0.0,Saturday,19:37,7.9,15.8,25.2
1282,9,13,4,,1.0,Saturday,20:10,9.0,0.0,15.9
1283,10,14,2,9.1,0.0,Sunday,04:02,1.2,19.1,30.5
1284,7,13,4,6.5,0.0,Wednesday,14:13,11.8,20.0,13.7
1285,8,13,3,6.3,0.0,Friday,17:45,9.2,21.0,26.6
1286,12,20,6,6.3,0.0,Monday,14:22,12.4,17.4,19.7
1287,14,18,4,5.3,,Thursday,15:37,8.7,16.6,28.4
1288,5,11,4,9.9,0.0,Thursday,10:42,11.6,6.5,14.1
1289,12,16,3,6.3,0.0,Sunday,18:18,3.8,12.2,26.7
1290,3,9,4,9.7,0.0,Tuesday,13:31,7.1,24.2,13.8
1291,2,11,5,10.8,1.0,Tuesday,01:58,6.0,9.5,6.1
1292,7,11,4,4.0,1.0,Tuesday,15:41,3.6,5.2,9.9
1293,8,13,4,8.5,0.0,Wednesday,17:01,11.1,9.4,23.2
1294,8,15,5,11.4,1.0,Monday,14:59,9.7,13.8,32.5
1295,5,9,4,11.2,0.0,Tuesday,08:43,6.2,21.7,17.3
1296,4,7,2,4.4,1.0,Sunday,07:31,3.8,14.5,11.1
1297,8,11,3,5.3,0.0,Wednesday,07:33,7.2,17.8,18.6
1298,6,11,5,5.6,1.0,Saturday,20:27,10.4,12.2,10.3
1299,9,13,4,7.9,2.0,Friday,08:03,13.0,3.4,30.2
1300,13,19,5,4.5,1.0,Wednesday,11:59,9.7,6.6,15.7
1301,14,20,5,8.1,1.0,Friday,11:45,9.6,13.9,35.9
1302,9,15,4,7.0,1.0,Monday,14:19,14.5,5.5,50.7
1303,10,14,4,9.1,1.0,Wednesday,17:02,6.7,25.5,37.3
1304,6,13,4,2.0,1.0,Sunday,18:36,10.8,6.7,4.9
1305,12,17,5,8.1,0.0,Tuesday,07:15,8.0,12.0,21.2
1306,6,10,4,6.0,0.0,Wednesday,21:31,3.4,1.5,9.2
1307,5,12,5,6.0,2.0,Saturday,13:08,9.2,11.4,20.2
1308,7,13,4,5.8,0.0,Tuesday,01:04,6.1,17.8,10.1
1309,11,20,4,11.7,0.0,Tuesday,16:47,9.2,24.0,44.7
1310,10,13,3,4.7,1.0,Monday,10:11,3.0,,23.7
1311,12,17,5,3.4,2.0,Thursday,19:13,12.5,6.5,14.9
1312,8,12,3,9.9,0.0,Saturday,00:37,2.1,12.1,22.1
1313,12,16,4,6.3,1.0,Friday,12:20,11.2,0.3,27.9
1314,12,14,2,10.6,2.0,Thursday,13:18,8.2,40.4,104.9
1315,8,13,3,2.7,2.0,Saturday,11:40,8.6,8.8,13.6
1316,8,12,3,4.3,2.0,Wednesday,10:56,2.4,13.0,18.9
1317,9,16,4,12.1,1.0,Thursday,11:49,6.7,27.5,44.7
1318,9,13,3,6.9,0.0,Sunday,20:07,6.1,7.6,24.7
1319,6,10,3,11.8,1.0,Wednesday,10:58,7.4,21.7,55.4
1320,6,10,4,7.0,0.0,Monday,11:51,6.8,6.2,16.9
1321,10,15,5,4.5,0.0,Saturday,18:53,13.9,4.3,15.6
1322,9,15,4,4.2,0.0,Sunday,19:03,,2.8,11.7
1323,8,14,5,10.3,0.0,Tuesday,14:18,10.5,24.3,23.2
1324,10,13,3,4.8,1.0,Monday,20:19,6.8,13.3,25.7
1325,8,12,4,5.1,2.0,Saturday,20:40,9.5,17.1,20.8
1326,6,10,4,7.5,1.0,Monday,21:58,9.2,29.0,24.1
1327,13,16,3,7.6,2.0,Saturday,15:20,,11.6,54.8
1328,6,10,4,8.3,1.0,Friday,02:38,6.6,10.2,12.5
1329,6,9,3,9.0,0.0,Tuesday,21:48,4.8,17.6,18.2
1330,11,16,4,6.6,2.0,Wednesday,13:45,9.3,11.2,32.0
1331,19,26,5,10.0,2.0,Saturday,18:52,14.7,13.0,69.5
1332,10,18,5,9.5,0.0,Saturday,17:07,12.3,14.6,29.9
1333,8,13,5,4.4,2.0,Monday,12:09,13.2,15.7,13.9
1334,12,19,6,9.8,3.0,Monday,14:23,10.1,16.8,42.3
1335,11,13,2,5.4,1.0,Monday,12:36,10.9,32.7,50.4
1336,10,16,5,5.3,0.0,Monday,19:22,13.4,10.6,14.5
1337,3,9,4,7.4,1.0,Monday,18:00,9.5,11.0,15.4
1338,7,13,5,9.3,0.0,Sunday,13:01,10.0,17.7,24.8
1339,3,8,3,12.3,,Sunday,09:26,0.0,29.3,19.4
1340,2,5,3,11.0,0.0,Saturday,11:19,8.7,39.5,16.6
1341,13,20,5,,1.0,Friday,13:34,15.3,0.0,14.5
1342,14,18,4,7.4,1.0,Tuesday,18:16,6.8,20.6,39.6
1343,8,13,5,6.7,1.0,Saturday,16:24,9.2,23.0,17.6
1344,5,9,4,10.4,0.0,Tuesday,15:53,12.1,16.2,16.5
1345,8,12,3,4.8,0.0,Tuesday,11:26,8.4,15.5,17.7
1346,6,13,4,11.2,1.0,Tuesday,13:48,12.6,25.9,29.3
1347,14,19,4,4.5,0.0,Monday,15:06,5.1,18.4,22.2
1348,12,17,5,13.6,0.0,Wednesday,12:32,2.9,21.6,46.2
1349,3,8,4,5.8,0.0,Saturday,08:55,8.6,,3.7
1350,5,10,4,9.8,1.0,Thursday,04:13,5.2,10.5,13.3
1351,6,11,5,7.1,1.0,Wednesday,19:12,11.3,11.9,20.3
1352,5,8,3,10.3,1.0,Thursday,00:14,,0.0,19.9
1353,8,11,3,6.4,0.0,Monday,11:28,10.6,,28.4
1354,13,18,2,10.6,0.0,Tuesday,12:53,13.5,64.3,100.9
1355,5,9,4,4.9,1.0,Friday,12:11,10.1,1.7,14.3
1356,5,10,3,8.3,0.0,Sunday,13:35,7.1,14.8,17.0
1357,13,18,4,8.1,2.0,Monday,11:07,20.0,24.6,48.2
1358,8,12,4,9.9,2.0,Wednesday,10:53,7.8,7.7,31.4
1359,5,9,4,10.9,0.0,Wednesday,16:16,6.9,16.5,18.6
1360,7,11,3,13.1,1.0,Thursday,13:44,9.6,49.0,53.9
1361,4,8,3,14.2,0.0,Sunday,07:51,5.8,22.5,19.8
1362,13,17,4,6.4,0.0,Tuesday,19:07,11.1,18.9,28.5
1363,9,16,4,7.4,0.0,Wednesday,11:56,14.0,23.7,26.0
1364,11,17,4,12.5,0.0,Thursday,07:39,5.4,25.8,38.1
1365,3,7,4,,0.0,Saturday,07:05,7.4,15.1,8.5
1366,9,13,4,8.6,1.0,Monday,12:59,9.4,11.3,36.3
1367,9,13,3,9.9,0.0,Saturday,07:57,6.2,28.2,39.5
1368,12,21,6,5.9,2.0,Friday,15:27,7.9,13.9,20.2
1369,8,12,4,3.8,1.0,Monday,15:16,7.5,15.7,12.5
1370,8,12,3,7.4,2.0,Friday,16:46,15.0,9.3,33.8
1371,4,11,5,7.3,0.0,Sunday,19:14,3.4,8.0,8.7
1372,7,10,3,7.6,0.0,Sunday,13:35,14.7,15.8,65.0
1373,3,10,5,10.4,2.0,Monday,10:35,8.5,17.0,20.7
1374,7,13,6,6.6,0.0,Wednesday,18:26,11.5,6.4,9.4
1375,14,20,4,8.7,1.0,Wednesday,12:39,9.4,21.7,46.1
1376,9,15,5,7.1,2.0,Saturday,12:44,13.5,9.8,28.8
1377,12,16,4,6.8,0.0,Saturday,09:49,14.7,9.6,27.0
1378,5,11,4,2.0,1.0,Monday,16:19,8.4,0.0,5.8
1379,6,10,3,,0.0,Sunday,17:35,8.9,4.9,18.2
1380,21,26,5,9.6,1.0,Monday,13:34,11.8,25.5,93.2
1381,12,17,3,7.4,1.0,Thursday,14:17,6.0,6.1,43.2
1382,13,19,4,8.5,1.0,Monday,20:31,11.5,18.0,43.0
1383,5,9,3,2.3,1.0,Wednesday,08:35,6.6,8.4,6.3
1384,6,11,3,10.2,0.0,Thursday,18:49,,30.9,47.7
1385,16,23,5,2.8,0.0,Monday,13:12,10.8,12.6,17.4
1386,13,16,3,8.0,0.0,Saturday,18:14,10.3,11.9,53.2
1387,10,15,5,4.4,0.0,Sunday,19:14,0.7,4.6,11.1
1388,12,18,5,8.3,1.0,Friday,08:10,8.3,1.5,29.3
1389,13,19,5,9.3,1.0,Saturday,10:05,12.4,8.3,40.0
1390,8,11,3,6.8,1.0,Monday,21:41,8.7,27.0,28.0
1391,12,17,4,8.5,1.0,Wednesday,14:54,10.0,35.3,69.8
1392,8,11,2,4.6,2.0,Thursday,17:48,7.8,21.6,33.2
1393,3,5,2,5.9,0.0,Friday,16:37,6.8,23.3,21.5
1394,13,21,5,6.8,0.0,Thursday,14:52,11.6,10.4,25.6
1395,9,15,4,8.7,2.0,Saturday,20:54,14.4,33.7,37.6
1396,3,7,4,7.9,1.0,Saturday,07:42,11.4,16.7,14.0
1397,4,7,3,7.4,0.0,Wednesday,23:58,2.3,16.1,6.8
1398,10,15,4,4.6,0.0,Tuesday,10:11,5.8,6.8,13.1
1399,7,13,4,5.9,0.0,Tuesday,15:26,8.7,0.0,10.8
1400,6,11,5,8.9,0.0,Friday,04:26,3.1,13.9,8.8
1401,11,18,6,9.4,0.0,Sunday,18:36,7.3,13.7,22.6
1402,14,19,4,9.9,0.0,Monday,09:41,5.9,27.9,40.5
1403,7,12,3,7.2,0.0,Thursday,21:19,7.9,17.9,21.5
1404,12,18,5,7.4,2.0,Friday,20:41,11.3,,30.0
1405,9,14,5,3.7,0.0,Monday,11:49,5.5,14.5,10.9
1406,3,8,4,7.7,0.0,Saturday,01:59,7.7,0.0,7.8
1407,12,17,3,6.5,1.0,Saturday,14:27,13.0,39.3,44.9
1408,9,13,4,10.5,1.0,Wednesday,20:21,8.2,26.8,33.6
1409,7,12,4,8.9,1.0,Sunday,03:12,8.2,1.1,17.9
1410,14,17,3,8.0,0.0,Monday,15:49,6.5,23.5,54.1
1411,13,18,4,12.8,0.0,Saturday,21:23,8.8,14.8,56.5
1412,10,14,4,9.6,0.0,Thursday,09:48,9.4,13.6,25.1
1413,12,16,3,8.7,1.0,Thursday,10:49,6.2,22.9,40.8
1414,8,11,3,10.5,0.0,Monday,10:45,4.5,33.6,40.5
1415,4,8,2,7.5,1.0,Sunday,16:08,5.2,21.4,26.5
1416,5,10,3,9.4,0.0,Friday,21:37,11.1,46.9,26.4
1417,6,11,3,5.1,1.0,Saturday,21:33,8.3,12.7,17.5
1418,7,14,5,10.4,0.0,Wednesday,13:09,9.7,18.0,21.2
1419,7,9,2,4.2,0.0,Thursday,10:21,8.7,16.6,14.8
1420,6,10,4,7.6,2.0,Wednesday,17:36,5.3,30.3,28.8
1421,6,11,4,,0.0,Monday,01:34,6.7,18.2,12.3
1422,9,14,5,5.5,0.0,Thursday,12:50,13.0,0.4,14.1
1423,9,14,4,10.2,1.0,Saturday,16:45,11.5,20.6,36.7
1424,7,12,4,5.9,0.0,Saturday,08:13,9.4,15.6,15.8
1425,4,9,3,6.8,0.0,Wednesday,09:43,8.3,13.5,13.1
1426,15,21,5,8.8,1.0,Monday,10:38,14.4,20.7,37.9
1427,3,8,4,6.7,1.0,Sunday,18:18,3.2,19.2,15.2
1428,5,10,3,7.0,1.0,Tuesday,07:26,4.4,30.3,14.1
1429,6,9,3,5.0,1.0,Thursday,06:34,4.8,15.7,10.8
1430,10,15,5,8.5,2.0,Thursday,10:18,12.4,10.4,26.9
1431,9,15,5,6.0,0.0,Sunday,15:04,11.0,0.0,9.4
1432,5,11,5,7.0,0.0,Sunday,15:15,8.0,18.4,12.4
1433,7,13,5,9.2,0.0,Saturday,05:31,7.1,4.0,11.8
1434,13,19,5,,1.0,Thursday,12:32,10.2,13.9,59.7
1435,10,12,2,8.1,0.0,Friday,15:22,5.7,11.5,54.8
1436,6,14,4,11.5,2.0,Saturday,15:03,14.6,27.0,38.0
1437,14,18,4,2.4,0.0,Thursday,14:44,12.0,9.8,14.0
1438,7,11,3,9.7,0.0,Tuesday,14:08,2.0,35.0,33.8
1439,2,5,2,5.8,0.0,Wednesday,01:52,5.4,15.7,6.7
1440,15,19,2,,1.0,Saturday,11:06,10.4,52.6,103.0
1441,9,16,6,9.6,1.0,Tuesday,17:22,16.1,12.1,27.7
1442,8,12,4,5.6,0.0,Wednesday,19:33,7.5,15.2,16.3
1443,10,14,4,9.9,0.0,Tuesday,03:12,5.0,18.4,18.4
1444,2,7,5,9.0,1.0,Wednesday,17:19,10.1,19.8,13.8
1445,9,14,4,5.5,1.0,Wednesday,10:13,10.2,3.6,14.9
1446,9,14,5,6.2,0.0,Saturday,08:51,7.9,8.2,15.0
1447,7,11,3,10.8,0.0,Sunday,11:07,9.0,14.2,32.2
1448,7,13,6,6.3,0.0,Sunday,07:54,6.7,1.0,6.2
1449,8,13,4,8.6,0.0,Tuesday,08:13,8.8,23.7,19.3
1450,12,18,4,7.1,0.0,Sunday,11:57,4.9,26.9,23.7
1451,6,9,2,10.6,1.0,Thursday,14:11,3.6,50.6,71.3
1452,10,15,5,2.7,1.0,Friday,17:21,11.5,2.1,9.7
1453,8,14,5,10.3,0.0,Friday,21:12,8.9,16.7,23.4
1454,4,7,3,5.3,2.0,Thursday,21:15,3.9,14.4,14.8
1455,13,19,5,5.9,1.0,Thursday,15:15,11.4,8.1,21.6
1456,13,17,4,10.9,1.0,Monday,09:57,10.0,22.1,46.2
1457,0,5,4,9.7,1.0,Sunday,16:30,6.6,13.8,6.3
1458,8,13,5,4.4,2.0,Monday,12:09,13.2,15.7,13.9
1459,11,14,3,6.2,0.0,Saturday,11:37,11.7,15.3,33.7
1460,6,9,2,5.9,1.0,Monday,21:26,6.0,11.5,28.9
1461,10,13,3,11.6,0.0,Monday,21:56,5.8,38.3,47.9
1462,12,17,4,4.3,1.0,Tuesday,12:18,10.5,4.4,16.7
1463,11,18,6,,0.0,Sunday,14:51,11.7,8.0,20.3
1464,11,16,5,8.0,1.0,Saturday,20:14,12.6,6.4,26.2
1465,6,9,3,9.0,1.0,Sunday,15:45,6.8,30.7,25.0
1466,12,17,4,6.4,1.0,Saturday,10:31,10.6,12.2,29.6
1467,12,19,6,6.8,0.0,Monday,12:06,11.5,12.9,22.6
1468,9,13,4,7.9,0.0,Sunday,17:04,9.3,13.4,20.3
1469,20,27,5,8.4,1.0,Monday,18:31,11.1,14.9,52.3
1470,8,13,5,4.8,1.0,Tuesday,13:33,10.4,3.9,15.8
1471,18,23,5,10.6,5.0,Saturday,19:52,17.3,24.9,88.7
1472,7,9,2,4.9,0.0,Tuesday,19:39,8.3,22.6,22.6
1473,5,8,3,7.4,3.0,Sunday,12:21,7.7,26.3,31.6
1474,8,10,2,8.4,0.0,Friday,14:28,6.9,22.6,47.6
1475,5,7,2,8.0,0.0,Thursday,00:22,8.0,28.3,21.4
1476,9,14,5,8.8,0.0,Tuesday,16:54,6.4,11.0,18.1
1477,15,22,5,6.2,1.0,Saturday,12:16,10.4,5.8,33.0
1478,5,10,3,13.8,0.0,Tuesday,20:37,10.3,47.6,34.1
1479,6,12,5,4.8,2.0,Friday,10:15,16.4,,15.1
1480,8,11,3,7.7,0.0,Sunday,21:05,8.6,19.6,22.1
1481,8,13,2,5.0,0.0,Thursday,16:39,4.2,38.2,25.1
1482,7,11,4,8.7,1.0,Thursday,14:42,5.8,12.4,27.3
1483,19,23,4,6.5,2.0,Tuesday,14:08,11.6,21.3,51.4
1484,8,11,3,6.7,0.0,Thursday,16:45,8.8,16.4,23.9
1485,8,14,4,7.0,1.0,Sunday,17:18,6.9,10.5,19.6
1486,7,13,5,4.5,1.0,Saturday,15:36,13.9,5.5,11.9
1487,11,19,6,10.6,1.0,Friday,08:01,5.4,21.9,28.2
1488,8,11,3,5.0,0.0,Thursday,08:24,9.3,10.1,17.5
1489,6,11,4,4.6,1.0,Sunday,21:00,9.5,4.9,9.4
1490,7,11,4,6.9,0.0,Thursday,00:05,4.9,4.9,8.3
1491,4,7,2,7.1,0.0,Friday,07:01,7.8,14.0,20.0
1492,7,13,3,6.0,1.0,Sunday,21:12,5.2,15.0,16.5
1493,6,9,3,7.4,2.0,Wednesday,20:37,7.5,26.9,28.3
1494,9,14,4,3.2,0.0,Wednesday,21:46,9.8,1.7,7.1
1495,15,19,4,9.8,2.0,Saturday,18:42,13.2,18.3,67.1
1496,12,18,4,,1.0,Saturday,17:51,10.7,6.6,32.3
1497,11,16,5,10.1,0.0,Saturday,07:49,7.4,9.6,29.3
1498,12,17,5,8.4,0.0,Monday,04:42,9.4,11.4,12.7
1499,6,13,6,9.8,1.0,Tuesday,19:40,,11.5,19.7
1500,7,12,3,7.3,1.0,Thursday,19:53,6.1,12.6,27.0
1501,10,15,4,5.1,0.0,Tuesday,18:14,11.0,7.9,20.5
1502,14,20,4,11.3,1.0,Saturday,14:34,3.2,12.8,62.4
1503,9,13,4,5.7,0.0,Sunday,09:19,4.6,10.8,12.7
1504,7,12,4,12.6,0.0,Wednesday,13:20,13.0,33.3,30.4
1505,15,23,5,12.7,0.0,Wednesday,14:14,10.8,9.5,46.1
1506,4,11,5,8.0,1.0,Thursday,03:20,,6.6,6.5
1507,10,16,4,11.4,1.0,Friday,16:06,9.2,26.6,48.5
1508,5,12,4,6.3,1.0,Friday,16:20,7.9,,15.6
1509,5,8,3,8.1,0.0,Thursday,09:24,5.2,24.2,18.2
1510,6,10,3,4.8,0.0,Thursday,07:39,4.4,6.4,16.3
1511,11,15,3,7.4,0.0,Tuesday,15:13,7.0,18.7,32.1
1512,14,21,6,6.2,2.0,Saturday,18:23,13.4,0.3,19.6
1513,7,11,3,9.0,1.0,Monday,19:36,6.8,20.0,35.5
1514,7,11,3,7.5,1.0,Friday,13:51,14.9,25.8,33.4
1515,11,18,3,6.8,1.0,Sunday,10:46,8.7,21.8,27.8
1516,1,5,3,7.0,0.0,Sunday,09:50,1.9,11.3,5.5
1517,7,11,4,5.5,0.0,Sunday,08:23,7.2,7.8,6.7
1518,10,15,3,6.4,0.0,Tuesday,00:25,8.1,9.6,18.6
1519,8,13,4,8.7,0.0,Friday,07:52,7.3,20.7,24.1
1520,7,11,3,10.6,0.0,Tuesday,15:21,3.5,31.5,31.9
1521,8,12,4,10.9,0.0,Tuesday,10:11,12.2,28.9,27.0
1522,14,20,4,11.8,1.0,Friday,07:02,11.1,29.2,52.6
1523,6,13,5,11.4,,Saturday,12:58,12.8,25.0,32.9
1524,12,18,4,11.0,0.0,Monday,12:04,7.1,12.4,52.3
1525,7,9,2,4.1,0.0,Wednesday,14:12,6.8,18.4,20.5
1526,2,7,5,8.7,1.0,Saturday,11:54,8.2,18.7,12.3
1527,18,23,5,3.4,1.0,Tuesday,14:07,13.9,1.7,20.4
1528,2,9,2,6.7,1.0,Wednesday,02:14,10.4,18.6,8.8
1529,7,13,4,7.8,0.0,Saturday,19:10,8.4,3.4,16.4
1530,8,15,5,2.0,1.0,Sunday,20:49,9.7,5.4,9.5
1531,10,15,5,2.4,1.0,Thursday,10:33,10.7,2.7,5.1
1532,8,13,3,5.4,1.0,Tuesday,08:52,7.2,9.2,16.8
1533,11,16,4,5.3,1.0,Monday,15:40,12.6,7.2,27.5
1534,8,11,2,12.8,1.0,Tuesday,11:04,9.2,28.4,71.0
1535,10,15,4,6.5,1.0,Saturday,19:23,12.7,16.0,29.9
1536,10,13,3,5.6,0.0,Wednesday,13:44,8.0,17.1,25.5
1537,10,14,3,8.1,0.0,Monday,04:19,6.1,7.5,23.0
1538,15,22,5,7.3,0.0,Friday,14:24,,19.9,33.0
1539,5,10,4,8.4,0.0,Sunday,21:21,9.2,16.0,16.5
1540,9,12,3,11.4,1.0,Tuesday,18:22,7.4,25.0,51.0
1541,7,11,3,9.8,0.0,Wednesday,13:48,6.1,18.6,34.1
1542,13,18,4,11.8,0.0,Monday,12:40,7.8,24.0,57.5
1543,11,16,5,7.2,0.0,Tuesday,08:30,10.3,11.9,18.0
1544,7,12,5,7.3,0.0,Friday,10:17,12.4,29.3,9.8
1545,11,13,2,10.0,1.0,Saturday,14:19,11.5,59.0,94.4
1546,9,14,5,6.2,0.0,Saturday,08:51,7.9,8.2,15.0
1547,16,25,6,6.5,1.0,Friday,21:06,11.4,5.7,26.9
1548,9,16,6,9.6,1.0,Tuesday,17:22,16.1,12.1,27.7
1549,8,15,3,8.5,1.0,Tuesday,07:19,9.4,28.2,31.3
1550,10,15,5,6.9,0.0,Monday,16:21,10.5,19.3,20.9
1551,3,9,3,12.2,1.0,Thursday,18:34,10.2,38.2,28.6
1552,13,16,3,8.0,0.0,Saturday,18:14,10.3,11.9,53.2
1553,3,6,3,5.3,0.0,Thursday,10:51,4.7,9.4,6.5
1554,10,16,4,10.2,1.0,Sunday,08:23,4.5,13.2,30.4
1555,5,10,4,4.2,0.0,Monday,03:35,4.9,11.3,2.5
1556,2,6,4,6.3,0.0,Saturday,03:34,4.1,8.7,2.5
1557,7,15,4,7.7,1.0,Wednesday,13:43,9.9,15.0,19.9
1558,5,11,4,9.7,0.0,Sunday,08:09,8.2,21.6,14.6
1559,12,17,4,6.4,0.0,Wednesday,12:01,,15.2,26.4
1560,3,7,3,2.3,0.0,Thursday,05:11,9.4,3.2,3.1
1561,11,18,4,4.4,1.0,Saturday,10:16,10.9,9.5,16.8
1562,19,27,4,10.5,0.0,Tuesday,11:30,10.3,19.7,62.5
1563,10,17,5,7.4,0.0,Saturday,16:09,9.9,5.0,17.5
1564,5,8,3,7.5,1.0,Tuesday,00:26,4.2,4.0,12.6
1565,7,13,5,8.7,1.0,Friday,19:55,9.6,17.9,21.4
1566,9,14,5,2.0,0.0,Saturday,07:34,5.6,11.3,2.5
1567,15,20,5,8.7,0.0,Friday,14:15,5.5,9.7,36.6
1568,13,17,4,7.6,1.0,Thursday,15:24,8.0,10.6,32.2
1569,10,15,4,10.0,0.0,Sunday,20:54,4.4,8.9,32.4
1570,3,11,3,4.8,0.0,Friday,04:28,8.5,0.0,7.3
1571,4,7,3,10.0,0.0,Monday,01:34,6.9,15.9,11.7
1572,5,10,4,9.3,2.0,Tuesday,20:37,7.3,28.4,29.3
1573,6,10,4,8.8,1.0,Sunday,18:59,10.0,12.2,22.3
1574,15,20,5,9.4,0.0,Friday,13:40,12.2,9.8,44.5
1575,19,25,5,8.8,0.0,Saturday,07:44,8.9,9.3,36.2
1576,11,16,4,7.3,0.0,Friday,17:09,9.5,15.9,26.5
1577,2,6,3,4.1,1.0,Wednesday,23:27,8.1,7.9,8.2
1578,16,21,4,8.8,0.0,Thursday,20:04,7.9,15.8,44.2
1579,4,8,4,8.6,0.0,Friday,08:37,5.4,17.8,10.3
1580,2,7,3,8.6,0.0,Sunday,02:39,0.7,14.2,4.0
1581,9,12,3,2.6,1.0,Saturday,18:46,,13.3,11.7
1582,3,8,2,10.2,0.0,Sunday,09:15,,26.2,14.1
1583,5,7,1,4.9,1.0,Monday,00:19,5.8,22.8,28.0
1584,6,10,3,4.8,0.0,Sunday,07:48,5.5,19.1,14.7
1585,12,16,4,8.2,1.0,Monday,19:09,15.8,22.6,40.8
1586,17,22,5,12.9,0.0,Saturday,18:58,8.3,23.7,65.9
1587,7,10,2,8.8,1.0,Sunday,15:15,7.3,46.6,40.6
1588,18,22,4,7.1,1.0,Saturday,17:01,9.2,16.9,48.0
1589,16,23,6,7.4,0.0,Saturday,13:38,13.5,18.1,35.5
1590,2,6,4,3.4,0.0,Wednesday,09:15,,6.6,3.2
1591,5,10,4,8.7,0.0,Friday,09:21,10.4,16.8,11.1
1592,16,21,0,9.9,1.0,Saturday,08:06,13.3,13.2,48.1
1593,4,8,3,10.9,1.0,Wednesday,14:50,9.1,22.8,20.0
1594,8,13,5,8.8,1.0,Tuesday,08:47,7.4,9.4,15.1
1595,4,11,4,7.4,0.0,Wednesday,10:54,4.5,12.2,12.2
1596,12,16,3,8.4,3.0,Tuesday,14:26,14.0,28.9,55.0
1597,4,8,4,10.3,0.0,Sunday,03:01,6.0,6.2,9.8
1598,6,10,3,7.8,0.0,Tuesday,22:17,5.2,17.1,15.0
1599,4,11,5,10.0,2.0,Monday,10:44,6.5,19.4,23.1
1600,7,10,3,3.6,1.0,Wednesday,10:32,9.0,13.3,10.9
1601,7,13,5,8.5,1.0,Wednesday,15:51,11.5,,21.3
1602,5,10,5,5.7,0.0,Sunday,10:50,3.7,12.8,6.3
1603,13,17,4,3.7,0.0,Wednesday,12:34,7.0,6.6,17.1
1604,14,20,6,4.2,0.0,Saturday,17:19,15.3,,14.1
1605,2,6,4,6.9,1.0,Saturday,22:17,0.0,0.4,5.9
1606,12,16,4,9.1,2.0,Thursday,17:27,8.4,24.0,48.0
1607,12,17,4,8.0,1.0,Wednesday,15:13,13.0,20.5,38.2
1608,3,7,4,7.4,1.0,Saturday,11:20,9.4,25.8,16.1
1609,8,13,4,7.7,1.0,Friday,08:39,7.3,22.7,25.0
1610,17,24,4,10.8,0.0,Monday,20:14,15.5,21.8,79.4
1611,6,13,5,6.9,1.0,Saturday,07:24,9.9,14.7,18.7
1612,11,18,5,9.1,0.0,Wednesday,13:50,8.3,20.3,28.2
1613,8,14,4,8.4,,Saturday,07:16,11.0,32.1,22.5
1614,8,14,5,11.4,0.0,Wednesday,14:57,6.9,27.2,24.9
1615,8,13,4,5.9,3.0,Saturday,19:05,10.1,27.5,28.9
1616,9,14,4,2.4,0.0,Wednesday,13:16,14.8,0.0,9.5
1617,15,20,3,6.7,1.0,Sunday,16:12,11.6,27.8,39.8
1618,15,24,6,9.0,0.0,Saturday,15:55,15.1,18.8,36.4
1619,7,10,2,9.4,1.0,Saturday,02:11,8.0,22.0,35.3
1620,6,10,2,9.7,2.0,Monday,11:37,9.6,44.7,57.2
1621,7,11,4,,1.0,Sunday,20:51,9.7,15.9,26.0
1622,7,10,3,2.2,0.0,Sunday,13:48,1.7,9.3,9.2
1623,19,26,5,9.7,1.0,Friday,15:38,11.4,16.2,54.9
1624,8,11,3,3.4,0.0,Wednesday,08:50,10.3,2.9,9.5
1625,6,11,4,5.9,1.0,Wednesday,02:44,10.4,6.0,9.2
1626,6,11,5,6.9,0.0,Sunday,23:35,3.9,5.0,7.4
1627,6,13,6,9.8,0.0,Thursday,23:37,8.3,12.2,7.9
1628,14,22,6,6.9,0.0,Monday,18:22,8.2,15.4,26.6
1629,17,24,4,2.5,0.0,Tuesday,10:38,,0.0,15.2
1630,11,16,3,8.0,0.0,Sunday,13:52,8.7,31.6,39.6
1631,7,10,3,7.0,0.0,Friday,19:23,7.3,21.9,20.7
1632,7,10,3,5.1,0.0,Monday,15:15,8.0,8.9,15.7
1633,6,12,6,10.5,5.0,Wednesday,16:03,7.2,13.1,46.7
1634,11,15,3,7.7,0.0,Saturday,15:13,10.6,29.3,41.6
1635,6,11,4,13.3,0.0,Friday,07:56,9.0,36.0,28.2
1636,11,16,4,7.1,0.0,Wednesday,15:53,9.0,17.1,23.9
1637,13,20,3,2.7,1.0,Sunday,19:25,10.7,15.5,12.3
1638,11,16,5,8.5,1.0,Monday,19:17,13.5,17.1,37.0
1639,14,17,3,8.4,0.0,Wednesday,13:59,10.6,30.3,51.4
1640,14,19,5,7.3,1.0,Thursday,19:37,11.1,10.8,30.4
1641,11,16,4,6.5,2.0,Monday,18:26,12.8,22.7,36.0
1642,11,17,5,7.5,1.0,Thursday,20:59,10.9,17.9,28.8
1643,5,10,5,12.0,1.0,Friday,12:51,6.1,12.7,21.5
1644,5,12,4,5.8,0.0,Monday,18:55,8.9,14.8,13.8
1645,4,11,6,10.9,1.0,Tuesday,21:28,9.3,0.0,13.9
1646,8,12,4,7.0,1.0,Tuesday,08:44,9.9,14.4,16.0
1647,5,9,3,8.5,0.0,Wednesday,19:56,8.1,29.0,20.0
1648,4,9,4,9.2,0.0,Thursday,20:03,7.4,16.5,9.4
1649,13,20,6,10.9,0.0,Friday,13:16,10.5,36.9,37.8
1650,8,11,3,5.9,0.0,Friday,15:33,5.8,19.6,22.0
1651,12,18,5,9.9,1.0,Tuesday,20:20,7.6,16.5,32.4
1652,10,15,4,11.0,0.0,Wednesday,16:51,,29.3,39.2
1653,21,25,4,5.6,0.0,Tuesday,14:01,12.2,16.6,43.2
1654,9,14,5,6.3,,Wednesday,08:34,9.2,7.5,11.8
1655,12,17,5,9.2,0.0,Friday,12:49,11.0,26.5,37.2
1656,14,19,3,11.6,0.0,Tuesday,20:27,,21.0,66.5
1657,13,17,4,4.9,1.0,Friday,13:57,14.3,0.0,24.3
1658,9,14,4,3.7,1.0,Thursday,13:03,10.0,7.9,20.3
1659,10,15,3,2.6,1.0,Saturday,09:13,8.3,3.5,10.8
1660,13,18,5,10.6,0.0,Monday,18:51,7.2,21.8,40.4
1661,12,15,3,7.2,0.0,Monday,18:40,9.8,37.2,45.4
1662,10,14,4,6.3,0.0,Monday,09:54,9.1,22.5,20.9
1663,11,15,3,8.0,0.0,Thursday,21:34,13.3,24.0,34.8
1664,12,17,4,10.0,0.0,Wednesday,07:05,4.5,15.0,27.0
1665,6,10,4,5.0,0.0,Thursday,14:42,5.9,20.6,12.5
1666,4,10,4,2.0,0.0,Sunday,14:18,12.8,11.8,0.8
1667,7,11,2,5.9,1.0,Wednesday,18:41,14.8,16.4,34.3
1668,-4,15,4,6.1,0.0,Saturday,14:13,9.5,12.6,26.3
1669,13,19,5,9.4,0.0,Saturday,17:09,11.0,7.7,35.9
1670,10,16,5,8.3,2.0,Friday,14:36,,12.9,32.8
1671,8,14,5,7.6,1.0,Monday,19:08,3.5,24.6,25.2
1672,7,12,4,9.6,0.0,Thursday,19:47,14.4,12.0,21.4
1673,13,17,4,9.1,0.0,Saturday,11:43,11.3,25.2,42.3
1674,5,9,4,8.7,3.0,Tuesday,13:55,6.6,15.7,67.8
1675,2,6,3,,0.0,Sunday,07:07,4.0,2.5,5.7
1676,6,11,4,3.8,1.0,Thursday,20:16,9.6,0.0,12.8
1677,7,11,3,8.5,1.0,Friday,00:33,7.0,13.1,22.7
1678,14,20,5,2.0,0.0,Saturday,17:20,12.7,0.2,8.4
1679,15,21,5,11.6,1.0,Saturday,13:38,17.0,27.2,63.4
1680,10,15,5,4.1,0.0,Monday,17:14,11.9,5.6,13.2
1681,4,6,2,5.0,1.0,Tuesday,00:04,3.1,8.0,9.1
1682,4,8,2,7.1,0.0,Thursday,10:31,7.4,23.7,55.1
1683,5,9,4,8.4,0.0,Friday,12:55,11.9,23.0,20.8
1684,8,11,3,4.8,2.0,Sunday,14:56,10.5,14.5,20.4
1685,6,9,3,9.0,0.0,Tuesday,01:52,5.6,16.7,11.4
1686,7,11,4,8.9,0.0,Tuesday,10:19,11.8,7.6,20.9
1687,7,13,5,9.1,2.0,Friday,07:39,12.1,22.2,30.8
1688,4,8,4,8.4,0.0,Saturday,07:50,8.7,14.0,10.9
1689,3,8,4,5.1,0.0,Thursday,15:23,9.0,5.9,2.9
1690,7,11,3,9.6,1.0,Friday,09:25,9.3,22.6,30.0
1691,12,15,3,3.6,0.0,Thursday,08:08,10.2,0.0,13.5
1692,9,13,4,2.9,3.0,Wednesday,20:20,8.6,0.0,13.5
1693,8,11,3,7.5,1.0,Wednesday,21:02,8.9,14.1,27.2
1694,5,10,4,7.1,0.0,Sunday,00:21,5.7,13.7,9.1
1695,11,17,4,9.6,2.0,Thursday,19:06,9.6,20.7,39.7
1696,11,16,3,13.0,0.0,Thursday,10:27,6.2,22.7,56.2
1697,3,8,3,9.4,0.0,Wednesday,20:08,14.1,,15.1
1698,8,14,3,5.0,1.0,Saturday,10:37,6.9,16.9,25.1
1699,6,10,3,9.9,1.0,Tuesday,08:55,6.0,20.4,27.9
1700,11,17,6,5.4,0.0,Sunday,18:34,12.0,6.6,14.9
1701,9,14,4,6.7,0.0,Thursday,20:51,8.4,2.0,21.3
1702,8,13,3,8.5,1.0,Thursday,00:59,0.0,14.9,22.2
1703,11,16,3,10.5,0.0,Friday,18:38,8.7,38.0,60.1
1704,2,7,4,6.4,1.0,Wednesday,21:12,7.1,12.7,7.3
1705,12,15,3,10.9,0.0,Wednesday,09:46,1.3,27.2,49.2
1706,8,12,4,11.4,0.0,Wednesday,10:43,3.6,15.2,28.3
1707,10,16,5,9.2,1.0,Thursday,15:48,9.6,7.8,26.2
1708,6,12,4,8.9,0.0,Thursday,10:03,8.5,17.9,17.1
1709,14,21,6,8.4,0.0,Monday,12:17,14.8,17.5,69.6
1710,8,13,4,9.7,2.0,Sunday,01:01,8.5,14.3,25.8
1711,5,14,5,9.1,0.0,Thursday,16:35,11.5,19.7,16.8
1712,6,11,2,8.6,2.0,Sunday,22:14,6.2,26.5,30.7
1713,7,11,4,,0.0,Saturday,12:14,3.5,17.4,16.6
1714,5,8,3,12.9,0.0,Wednesday,09:43,9.3,32.5,23.6
1715,4,9,5,8.8,0.0,Tuesday,08:22,3.5,9.3,7.0
1716,14,20,5,4.7,0.0,Friday,07:43,9.0,1.6,12.0
1717,12,17,4,,1.0,Saturday,09:45,12.3,38.4,52.4
1718,9,10,1,5.5,2.0,Monday,12:48,12.3,47.1,84.9
1719,4,9,3,4.4,0.0,Tuesday,16:45,4.9,7.5,10.8
1720,15,20,5,10.1,1.0,Monday,16:53,14.2,17.3,49.9
1721,8,13,4,6.0,1.0,Monday,20:11,10.9,17.2,22.9
1722,9,14,3,5.5,1.0,Thursday,07:29,8.2,7.9,19.4
1723,7,11,4,7.7,1.0,Saturday,08:17,4.2,7.0,19.8
1724,6,11,4,,0.0,Tuesday,01:53,5.9,1.0,24.1
1725,5,11,4,10.3,0.0,Sunday,23:24,4.9,13.9,10.1
1726,6,9,3,4.6,2.0,Tuesday,14:17,9.7,10.3,19.4
1727,5,12,5,10.7,0.0,Thursday,21:17,13.7,23.7,18.2
1728,14,18,3,7.8,1.0,Saturday,12:07,11.9,26.6,62.6
1729,11,14,3,4.9,0.0,Wednesday,14:46,7.4,15.7,25.2
1730,13,21,6,6.8,1.0,Saturday,19:35,10.7,0.0,27.0
1731,15,20,3,5.3,0.0,Friday,13:54,10.5,24.6,44.8
1732,3,8,3,6.7,1.0,Saturday,22:18,9.5,0.8,10.3
1733,7,12,4,4.1,0.0,Thursday,19:57,7.5,14.1,9.3
1734,7,11,3,2.4,1.0,Monday,10:02,6.0,7.6,3.5
1735,8,12,4,7.2,0.0,Friday,23:08,6.9,9.0,13.5
1736,14,22,5,6.6,1.0,Saturday,11:41,11.2,19.3,36.4
1737,5,9,3,10.3,0.0,Friday,22:16,7.9,13.1,18.5
1738,5,11,5,9.1,1.0,Monday,18:16,12.1,14.8,22.6
1739,9,14,5,3.6,1.0,Tuesday,16:04,9.0,18.7,11.0
1740,10,14,3,4.6,2.0,Tuesday,19:27,7.1,7.2,25.3
1741,5,11,3,10.2,1.0,Saturday,06:00,5.8,20.6,21.6
1742,13,18,5,9.0,1.0,Friday,12:15,6.1,6.6,38.1
1743,6,11,4,3.5,1.0,Sunday,13:00,5.7,15.3,9.9
1744,5,9,4,2.9,0.0,Monday,08:41,10.7,7.8,5.2
1745,6,9,3,8.4,0.0,Tuesday,07:01,5.6,11.1,17.3
1746,11,15,4,8.6,,Friday,20:04,9.5,12.7,31.1
1747,9,12,2,,4.0,Tuesday,12:16,12.1,32.3,88.6
1748,9,13,4,8.6,0.0,Thursday,08:12,5.9,7.2,16.3
1749,9,14,3,2.0,2.0,Monday,08:51,2.1,9.2,8.1
1750,4,8,3,6.7,0.0,Monday,00:32,3.9,12.2,7.4
1751,14,18,4,6.3,0.0,Thursday,17:48,12.9,10.1,30.0
1752,10,16,5,4.9,1.0,Saturday,09:24,9.6,12.2,17.2
1753,2,4,2,7.5,0.0,Sunday,06:42,8.5,,7.8
1754,11,16,4,9.3,0.0,Sunday,13:51,9.3,23.3,30.5
1755,7,11,4,6.8,1.0,Tuesday,16:07,8.4,10.8,22.3
1756,12,17,5,6.0,2.0,Sunday,19:30,16.8,0.0,23.6
1757,2,6,3,7.5,0.0,Wednesday,08:46,3.9,23.2,7.1
1758,7,12,4,8.4,1.0,Monday,10:46,9.2,15.8,23.9
1759,11,17,4,7.2,0.0,Saturday,09:28,8.6,17.5,52.6
1760,9,14,5,7.2,0.0,Friday,16:22,11.1,8.1,17.8
1761,4,7,3,6.7,1.0,Wednesday,19:47,6.6,17.3,14.6
1762,18,26,5,7.9,0.0,Saturday,11:50,11.9,15.1,42.3
1763,15,19,4,9.4,1.0,Wednesday,13:17,7.1,16.5,54.5
1764,10,16,4,7.5,0.0,Monday,15:16,6.4,4.0,23.1
1765,16,22,5,6.4,1.0,Friday,18:55,12.4,3.5,33.9
1766,13,18,4,7.3,0.0,Tuesday,09:42,6.9,25.2,23.6
1767,-1,12,5,7.4,1.0,Saturday,19:27,12.9,15.0,21.2
1768,7,11,4,6.4,2.0,Friday,14:28,7.2,21.6,18.8
1769,2,5,2,5.3,1.0,Tuesday,02:31,4.8,2.7,8.7
1770,9,15,4,6.3,0.0,Saturday,11:02,9.7,8.6,19.5
1771,5,10,2,11.7,1.0,Monday,14:50,10.8,35.8,49.9
1772,10,16,4,7.3,0.0,Friday,09:45,8.6,11.9,25.5
1773,9,16,3,10.3,1.0,Saturday,08:43,5.9,27.1,43.9
1774,13,17,4,6.7,0.0,Monday,11:33,8.7,23.6,71.8
1775,8,15,3,6.2,0.0,Tuesday,18:19,5.3,17.1,26.6
1776,11,16,4,8.7,0.0,Friday,09:05,8.9,26.3,31.6
1777,7,12,5,,2.0,Saturday,07:42,,0.2,14.6
1778,14,21,6,4.3,0.0,Thursday,10:50,7.7,0.0,13.2
1779,4,7,3,4.5,1.0,Sunday,20:49,5.3,6.5,7.2
1780,4,11,5,3.7,0.0,Thursday,17:39,8.0,6.0,3.4
1781,6,12,4,12.0,0.0,Friday,11:15,8.4,26.4,29.9
1782,7,10,2,3.1,,Sunday,21:07,5.6,12.2,11.4
1783,5,7,2,5.6,0.0,Sunday,23:10,1.6,1.3,7.4
1784,13,20,6,6.2,2.0,Monday,12:39,11.9,20.2,33.6
1785,7,12,4,5.9,0.0,Thursday,15:58,7.0,12.3,12.0
1786,10,15,4,8.6,0.0,Saturday,16:00,8.8,12.4,36.1
1787,3,10,5,3.8,1.0,Tuesday,17:53,5.4,5.9,4.4
1788,8,12,4,8.3,0.0,Friday,10:03,14.4,9.0,23.7
1789,3,8,4,6.5,0.0,Wednesday,16:33,10.7,8.3,8.0
1790,8,13,4,10.9,1.0,Friday,12:16,10.2,40.6,43.6
1791,6,12,5,10.1,0.0,Sunday,08:25,5.1,12.6,10.8
1792,11,16,5,5.3,,Wednesday,12:35,7.2,5.1,15.2
1793,5,11,4,8.1,0.0,Sunday,17:31,11.6,7.7,15.7
1794,14,18,3,5.2,0.0,Wednesday,16:54,7.5,18.8,32.7
1795,5,9,4,4.3,0.0,Saturday,09:32,6.4,3.6,11.0
1796,6,8,2,9.6,1.0,Thursday,03:55,7.7,5.6,23.3
1797,8,13,5,3.8,1.0,Friday,13:24,9.7,10.1,10.9
1798,12,17,5,10.5,1.0,Tuesday,11:37,9.3,15.0,41.5
1799,2,4,2,6.4,0.0,Saturday,23:04,3.4,15.9,8.5
1800,11,15,2,6.7,0.0,Sunday,09:25,6.0,10.8,36.5
1801,7,12,4,9.1,0.0,Tuesday,08:50,8.8,11.2,16.9
1802,12,17,4,3.1,1.0,Sunday,18:18,9.1,14.9,10.9
1803,8,13,4,11.4,1.0,Wednesday,21:15,5.1,16.4,27.8
1804,8,13,4,7.0,0.0,Saturday,14:30,9.4,8.5,22.0
1805,5,9,4,8.3,0.0,Monday,09:53,7.3,6.1,13.6
1806,10,14,4,6.4,1.0,Monday,19:59,8.5,12.1,29.2
1807,7,10,3,11.9,1.0,Sunday,14:48,7.4,45.7,40.6
1808,17,23,4,7.3,2.0,Sunday,16:44,,1.1,44.0
1809,12,18,5,9.5,1.0,Monday,13:27,12.6,0.0,41.3
1810,7,10,3,,0.0,Tuesday,01:25,2.6,3.1,12.4
1811,12,20,5,11.0,1.0,Sunday,07:32,15.0,24.9,34.5
1812,10,13,2,5.2,0.0,Tuesday,18:12,7.3,21.6,65.5
1813,10,13,3,4.9,1.0,Thursday,20:22,12.7,11.7,24.8
1814,11,17,5,11.2,0.0,Saturday,13:50,11.2,20.1,39.1
1815,6,11,3,4.4,0.0,Tuesday,06:08,7.0,9.5,3.9
1816,7,13,2,8.3,1.0,Monday,08:42,4.2,37.9,41.1
1817,6,11,5,8.2,0.0,Monday,13:44,7.6,22.4,14.1
1818,13,20,5,5.1,0.0,Friday,10:17,12.9,5.4,17.7
1819,10,12,2,9.6,0.0,Monday,21:43,7.5,44.4,58.5
1820,7,12,5,8.5,1.0,Friday,20:48,7.4,15.8,22.7
1821,12,19,5,10.9,0.0,Monday,17:02,12.1,11.7,36.9
1822,14,19,4,8.1,0.0,Tuesday,16:46,12.6,24.7,36.2
1823,9,15,6,8.9,0.0,Monday,14:30,14.4,15.0,25.7
1824,5,10,4,8.5,1.0,Wednesday,11:01,6.1,24.1,17.8
1825,11,16,4,10.1,0.0,Monday,13:15,12.9,44.7,46.7
1826,7,12,3,11.2,1.0,Thursday,15:29,9.9,26.6,38.2
1827,10,14,4,6.8,0.0,Friday,15:02,5.5,13.7,72.0
1828,6,15,6,8.0,0.0,Monday,13:34,14.2,3.0,18.7
1829,4,8,2,11.9,1.0,Tuesday,06:53,3.7,21.6,23.8
1830,4,8,3,4.4,1.0,Wednesday,08:14,9.9,6.6,12.5
1831,8,14,4,6.5,0.0,Tuesday,10:34,8.4,,16.3
1832,10,16,4,9.9,2.0,Monday,13:02,10.6,28.0,77.9
1833,9,12,3,9.2,0.0,Friday,14:11,6.6,17.3,37.9
1834,9,15,5,6.9,1.0,Monday,17:11,16.1,3.8,17.6
1835,11,15,4,11.9,1.0,Thursday,18:11,8.3,19.3,52.8
1836,11,15,4,7.8,0.0,Sunday,20:20,10.8,27.3,23.4
1837,10,14,4,3.3,0.0,Thursday,21:22,6.0,0.0,8.3
1838,5,10,3,8.2,1.0,Sunday,06:33,5.7,13.6,17.7
1839,10,13,3,4.8,1.0,Monday,20:19,6.8,13.3,25.7
1840,14,20,4,7.9,0.0,Sunday,07:49,4.7,25.7,25.8
1841,6,10,3,6.6,,Sunday,20:25,9.9,22.1,12.8
1842,13,19,3,6.2,1.0,Sunday,08:29,6.6,12.7,29.8
1843,10,14,4,12.5,0.0,Tuesday,18:45,14.4,25.3,43.1
1844,9,13,4,6.4,1.0,Monday,13:32,9.8,14.7,28.3
1845,6,9,3,5.9,0.0,Tuesday,06:07,3.1,9.7,11.5
1846,11,17,6,12.3,0.0,Saturday,10:33,11.2,18.0,29.7
1847,9,14,4,6.1,0.0,Tuesday,16:02,15.8,6.5,16.4
1848,12,14,1,,1.0,Wednesday,15:16,4.7,54.6,73.5
1849,8,12,4,8.6,1.0,Tuesday,08:58,7.0,20.5,18.8
1850,10,15,4,8.3,0.0,Monday,19:02,9.9,6.0,27.0
1851,10,15,5,8.8,0.0,Thursday,14:29,8.6,4.6,24.1
1852,5,10,3,9.1,1.0,Thursday,08:59,3.3,21.7,22.7
1853,4,7,3,12.5,1.0,Monday,07:15,10.2,36.8,32.5
1854,10,14,4,6.0,0.0,Thursday,08:45,9.9,13.2,18.2
1855,6,11,4,7.2,0.0,Monday,08:01,13.0,13.6,14.9
1856,8,10,1,8.9,1.0,Wednesday,08:38,8.4,31.3,75.6
1857,6,13,5,10.0,0.0,Wednesday,09:36,10.1,20.1,16.1
1858,2,6,2,6.2,0.0,Wednesday,03:16,7.2,18.6,10.2
1859,7,12,4,5.3,0.0,Friday,12:06,6.4,17.8,16.8
1860,13,21,6,9.4,0.0,Friday,17:23,11.2,14.6,36.9
1861,6,9,3,12.8,0.0,Friday,08:19,7.6,22.2,30.5
1862,6,10,3,11.0,0.0,Monday,08:05,6.9,21.1,26.7
1863,14,20,5,8.0,3.0,Monday,16:32,8.9,14.1,40.9
1864,17,21,4,7.8,0.0,Wednesday,21:26,6.5,25.0,36.6
1865,7,14,5,12.0,1.0,Sunday,19:53,11.1,16.3,28.5
1866,9,16,5,10.3,0.0,Friday,13:35,10.7,26.0,33.0
1867,3,7,2,4.7,1.0,Tuesday,02:48,4.6,0.8,10.5
1868,6,9,3,10.6,0.0,Sunday,13:43,9.4,33.2,34.2
1869,9,12,3,9.2,2.0,Wednesday,21:08,7.4,28.9,39.6
1870,14,18,4,6.8,0.0,Tuesday,19:15,9.1,,31.6
1871,17,22,5,3.0,4.0,Friday,13:16,10.2,0.0,16.8
1872,14,20,4,6.3,0.0,Tuesday,11:51,11.1,8.3,26.9
1873,3,11,4,10.2,0.0,Sunday,07:14,7.6,10.6,5.2
1874,4,9,4,4.2,0.0,Monday,20:36,9.2,14.0,5.6
1875,4,6,2,5.3,2.0,Saturday,21:26,,18.2,17.7
1876,14,18,4,9.0,0.0,Saturday,16:41,11.4,31.4,48.2
1877,12,18,5,6.2,3.0,Thursday,17:58,11.5,2.7,30.3
1878,14,17,3,6.8,1.0,Tuesday,09:26,8.8,25.6,37.0
1879,11,14,3,7.0,1.0,Friday,09:46,9.6,21.4,35.7
1880,9,15,4,8.3,1.0,Friday,16:45,7.5,27.9,30.1
1881,6,13,5,7.2,0.0,Friday,19:44,3.8,20.1,14.8
1882,8,13,4,8.4,3.0,Monday,01:24,7.1,10.3,27.9
1883,7,13,5,6.7,0.0,Wednesday,09:24,9.6,6.3,9.0
1884,11,16,5,9.8,0.0,Wednesday,21:45,,16.3,25.8
1885,11,17,5,7.6,,Friday,12:20,13.1,2.7,27.6
1886,9,14,3,6.1,0.0,Wednesday,19:48,4.7,15.5,25.4
1887,12,16,3,8.8,2.0,Tuesday,09:29,12.7,19.6,43.9
1888,5,9,3,6.9,0.0,Sunday,20:46,6.9,14.9,9.7
1889,16,23,6,11.8,0.0,Saturday,12:35,18.9,17.0,52.2
1890,6,10,3,12.2,1.0,Thursday,15:40,5.1,10.2,38.6
1891,8,15,5,5.5,2.0,Saturday,14:20,15.9,21.2,20.9
1892,14,18,3,7.8,1.0,Saturday,21:41,9.8,26.4,51.2
1893,10,16,5,7.3,1.0,Monday,10:32,6.3,8.4,20.4
1894,4,9,3,4.8,1.0,Wednesday,09:01,6.7,13.0,7.0
1895,18,23,4,9.6,1.0,Thursday,12:11,12.0,23.7,67.4
1896,9,13,4,5.7,0.0,Friday,14:03,10.9,20.8,16.4
1897,11,15,3,6.0,0.0,Sunday,18:40,7.4,6.8,27.3
1898,6,10,4,9.0,0.0,Saturday,02:50,3.2,12.5,15.9
1899,8,11,2,3.9,0.0,Friday,13:04,9.9,21.9,26.8
1900,12,16,4,8.5,2.0,Thursday,09:48,7.5,19.9,35.5
1901,4,7,3,10.3,1.0,Saturday,17:45,5.4,33.5,31.3
1902,12,16,3,6.1,0.0,Monday,19:07,6.0,0.6,36.4
1903,8,13,4,10.4,0.0,Thursday,08:16,9.5,0.0,17.5
1904,11,17,5,6.6,0.0,Friday,14:40,12.8,7.7,16.1
1905,10,14,3,8.7,0.0,Monday,16:03,15.9,19.8,40.8
1906,5,7,2,4.5,0.0,Tuesday,10:58,7.1,17.7,13.7
1907,9,14,5,6.2,,Thursday,16:04,8.8,15.7,17.0
1908,5,8,3,7.1,2.0,Tuesday,08:10,8.1,5.6,18.6
1909,8,12,4,4.6,1.0,Friday,17:01,3.1,0.5,15.3
1910,6,10,3,8.0,1.0,Friday,13:57,11.5,25.6,30.7
1911,8,12,3,4.7,0.0,Sunday,17:01,9.5,13.5,12.4
1912,9,13,4,10.7,0.0,Saturday,07:04,6.6,18.0,30.3
1913,8,12,2,5.4,0.0,Tuesday,14:42,6.5,25.9,64.5
1914,10,14,4,5.8,0.0,Sunday,10:30,5.2,7.5,14.4
1915,10,14,3,3.4,0.0,Friday,09:34,7.3,12.4,12.7
1916,9,14,5,8.9,1.0,Saturday,19:40,12.2,10.2,28.7
1917,16,21,5,6.9,2.0,Saturday,16:15,8.2,17.1,42.4
1918,4,12,4,7.8,0.0,Monday,14:47,12.1,22.0,14.3
1919,5,7,2,8.0,0.0,Tuesday,15:46,8.9,33.9,27.9
1920,7,11,3,10.7,0.0,Wednesday,20:47,4.6,33.4,52.4
1921,10,13,2,9.4,0.0,Saturday,15:05,9.2,35.2,64.9
1922,5,12,3,7.3,3.0,Friday,09:07,4.2,0.0,27.6
1923,5,10,5,12.5,0.0,Friday,07:58,8.4,20.6,17.3
1924,10,14,4,8.2,0.0,Friday,21:56,4.7,1.9,21.0
1925,10,11,1,4.3,0.0,Saturday,08:07,4.9,27.5,54.8
1926,11,17,4,6.8,0.0,Tuesday,20:28,7.0,11.5,22.5
1927,12,16,3,7.5,0.0,Saturday,11:42,8.5,34.3,43.6
1928,8,14,4,7.5,0.0,Tuesday,08:39,7.3,18.4,18.7
1929,2,7,3,5.7,0.0,Wednesday,06:26,,9.2,2.4
1930,6,12,4,5.4,0.0,Saturday,13:50,9.1,18.6,12.9
1931,9,15,4,8.2,,Thursday,22:28,7.4,5.9,-5.8
1932,5,8,2,9.4,0.0,Monday,21:27,7.7,37.0,28.7
1933,13,18,4,10.7,1.0,Monday,18:35,11.1,19.3,60.6
1934,4,7,3,8.5,0.0,Wednesday,00:51,9.2,,8.8
1935,7,11,3,5.8,0.0,Tuesday,14:21,12.2,20.8,18.6
1936,10,16,5,4.8,0.0,Friday,16:27,10.8,12.1,18.1
1937,8,14,5,8.7,2.0,Monday,19:58,7.6,22.4,29.3
1938,6,14,6,9.7,0.0,Friday,18:45,14.2,13.9,14.2
1939,8,15,5,4.6,0.0,Tuesday,17:59,15.0,2.3,12.1
1940,4,9,4,9.7,2.0,Tuesday,08:01,16.0,7.3,19.0
1941,19,24,5,8.6,1.0,Monday,19:21,14.1,11.1,52.2
1942,14,16,2,6.1,0.0,Thursday,11:47,8.7,24.7,55.8
1943,6,10,3,10.1,0.0,Thursday,18:46,,37.3,29.6
1944,10,15,4,8.2,2.0,Sunday,20:42,12.0,21.9,30.2
1945,3,8,4,6.4,0.0,Wednesday,20:52,10.7,7.2,5.3
1946,12,18,5,7.2,0.0,Saturday,19:01,12.5,11.9,22.9
1947,3,10,4,5.8,1.0,Thursday,18:37,5.9,9.3,13.1
1948,11,17,5,9.2,0.0,Wednesday,19:44,10.3,7.5,22.2
1949,10,15,4,9.1,0.0,Saturday,22:45,13.1,11.0,20.2
1950,10,16,5,10.8,0.0,Wednesday,15:59,9.0,28.2,25.6
1951,7,10,2,6.3,0.0,Thursday,21:55,3.9,19.0,24.5
1952,456,11,3,6.7,1.0,Friday,22:44,4.7,13.8,23.1
1953,9,13,4,2.5,1.0,Wednesday,20:14,7.4,0.0,6.7
1954,7,12,4,9.1,2.0,Monday,23:52,6.1,11.5,22.2
1955,4,11,5,5.2,0.0,Sunday,15:22,9.6,4.0,42.7
1956,9,14,4,7.6,1.0,Sunday,17:33,7.6,0.3,22.1
1957,5,9,3,5.8,0.0,Sunday,07:32,5.3,3.4,7.6
1958,8,13,5,10.1,1.0,Friday,05:34,6.7,5.4,17.7
1959,1,6,4,6.9,0.0,Saturday,19:56,6.7,17.3,5.2
1960,9,14,3,8.6,0.0,Wednesday,11:22,3.2,30.1,29.8
1961,11,18,6,5.7,3.0,Tuesday,18:03,8.9,10.6,21.4
1962,4,11,5,5.3,1.0,Tuesday,21:42,7.6,11.0,9.2
1963,3,6,3,8.5,0.0,Thursday,15:09,9.3,16.0,10.9
1964,11,17,5,11.6,2.0,Tuesday,11:11,13.2,24.5,51.9
1965,10,14,4,10.8,0.0,Thursday,03:54,,23.9,23.9
1966,14,18,3,10.0,1.0,Thursday,15:08,11.3,28.0,64.4
1967,7,14,4,5.3,1.0,Friday,11:37,12.7,13.7,17.1
1968,9,14,4,10.1,1.0,Tuesday,16:32,6.1,13.3,30.7
1969,18,23,4,5.9,0.0,Saturday,15:48,17.9,11.6,36.9
1970,7,10,3,4.1,0.0,Sunday,23:01,5.6,6.4,8.5
1971,12,16,3,5.1,1.0,Thursday,03:46,8.3,6.8,16.8
1972,9,16,6,7.8,0.0,Thursday,11:32,15.3,2.2,16.1
1973,10,15,5,9.9,1.0,Sunday,14:39,8.8,18.7,25.5
1974,4,12,5,6.2,0.0,Saturday,08:04,10.9,16.6,8.0
1975,6,12,5,5.4,0.0,Friday,10:46,11.7,7.0,8.4
1976,9,13,4,8.5,0.0,Thursday,14:53,9.3,18.4,28.2
1977,13,19,5,6.7,0.0,Monday,18:44,9.4,0.0,24.6
1978,10,15,4,15.2,0.0,Tuesday,20:27,2.4,22.9,46.0
1979,10,14,4,5.9,0.0,Sunday,12:53,9.2,4.5,18.3
1980,9,14,4,3.7,2.0,Sunday,15:50,10.1,2.0,14.7
1981,6,13,4,7.1,1.0,Saturday,18:23,,14.4,22.0
1982,13,20,4,6.2,0.0,Thursday,10:15,9.8,9.0,23.2
1983,6,11,5,8.9,0.0,Friday,07:49,9.2,6.0,14.5
1984,5,9,3,3.0,0.0,Thursday,10:29,5.9,23.9,6.2
1985,8,13,5,7.2,0.0,Wednesday,06:26,10.1,0.0,8.8
1986,10,16,3,9.4,0.0,Friday,10:11,14.8,17.3,41.1
1987,5,8,2,10.0,1.0,Friday,22:09,5.6,30.4,30.1
1988,13,17,4,8.2,2.0,Monday,11:48,14.9,16.6,46.2
1989,3,8,5,3.5,1.0,Monday,21:09,9.7,,5.8
1990,8,11,2,4.4,2.0,Wednesday,16:27,6.9,23.1,26.9
1991,16,23,6,7.2,0.0,Thursday,12:16,,9.6,25.3
1992,6,12,3,8.0,0.0,Tuesday,15:28,3.5,29.2,24.7
1993,10,16,5,9.3,1.0,Sunday,19:54,10.0,15.7,29.4
1994,5,6,1,5.2,0.0,Tuesday,00:08,7.3,33.8,21.6
1995,13,18,5,11.6,0.0,Saturday,16:07,8.3,14.4,43.1
1996,15,20,5,8.0,2.0,Saturday,17:59,,14.8,46.8
1997,7,12,3,6.1,0.0,Friday,07:47,10.0,12.9,14.6
1998,15,21,5,11.2,2.0,Monday,14:23,11.0,25.2,58.7
1999,5,9,4,4.8,0.0,Wednesday,07:53,7.6,6.5,8.1
2000,12,18,4,7.3,0.0,Sunday,19:32,9.8,7.9,20.8
2001,7,12,3,4.8,0.0,Sunday,05:37,3.8,6.2,6.4
2002,12,16,3,7.3,2.0,Wednesday,20:37,9.0,25.8,40.8
2003,7,14,5,6.0,1.0,Saturday,05:09,8.3,0.0,12.4
2004,11,16,4,5.3,0.0,Monday,10:10,8.6,12.1,23.5
2005,8,12,4,8.0,1.0,Wednesday,17:18,5.7,12.0,26.3
2006,14,20,3,6.5,1.0,Tuesday,07:49,11.2,4.4,37.1
2007,6,9,3,8.5,0.0,Wednesday,18:26,6.5,23.0,23.7
2008,13,17,4,7.4,0.0,Saturday,14:03,11.8,12.4,35.8
2009,10,14,4,6.1,1.0,Saturday,10:01,10.0,15.0,23.5
2010,5,10,4,6.8,1.0,Monday,05:47,4.4,4.0,11.3
2011,9,16,4,3.1,2.0,Friday,16:13,8.0,18.3,13.3
2012,10,13,2,5.8,1.0,Sunday,14:26,2.8,17.6,39.3
2013,10,15,3,4.6,1.0,Monday,11:16,10.4,21.9,25.3
2014,9,13,4,9.0,0.0,Tuesday,07:28,8.8,16.0,22.6
2015,10,15,5,7.2,0.0,Friday,07:25,12.8,0.0,18.1
2016,5,10,0,10.3,0.0,Thursday,03:11,1.2,29.4,16.6
2017,4,10,5,7.6,0.0,Friday,15:10,10.0,20.7,11.8
2018,6,13,4,2.1,0.0,Thursday,03:19,5.6,5.0,3.7
2019,20,25,4,4.3,0.0,Wednesday,13:59,14.3,6.9,26.9
2020,7,14,4,8.7,1.0,Sunday,21:52,10.5,13.9,20.1
2021,7,13,4,7.6,1.0,Tuesday,23:50,7.0,13.2,15.9
2022,11,16,5,6.7,1.0,Monday,07:34,6.3,3.7,23.8
2023,7,12,3,4.6,1.0,Saturday,16:07,8.6,10.9,22.1
2024,11,18,6,8.3,0.0,Friday,12:00,14.2,,23.1
2025,11,15,4,7.2,1.0,Monday,07:16,9.6,13.5,28.5
2026,2,7,4,7.4,1.0,Thursday,20:01,3.9,4.5,5.1
2027,7,12,4,5.5,0.0,Tuesday,20:48,6.0,0.0,12.4
2028,9,16,4,11.0,0.0,Wednesday,09:13,12.0,22.5,33.9
2029,9,13,4,11.1,2.0,Tuesday,07:06,8.4,12.0,37.1
2030,3,11,4,6.7,0.0,Saturday,10:46,6.2,7.0,6.9
2031,13,17,3,8.6,1.0,Saturday,08:07,10.6,25.2,53.0
2032,15,19,4,4.6,0.0,Thursday,08:11,7.3,10.6,19.7
2033,8,10,2,9.6,0.0,Thursday,08:18,9.9,35.0,46.8
2034,10,16,5,5.0,1.0,Friday,17:32,8.6,6.6,17.9
2035,6,11,3,8.8,0.0,Monday,05:39,3.8,13.9,9.8
2036,8,12,3,4.1,1.0,Sunday,15:00,5.4,3.7,11.5
2037,9,14,4,7.0,0.0,Wednesday,12:15,9.1,,22.8
2038,6,9,3,4.7,2.0,Saturday,07:32,6.8,19.0,18.7
2039,9,16,5,12.2,1.0,Tuesday,16:07,12.5,12.4,33.6
2040,11,18,4,6.2,0.0,Friday,10:47,6.4,16.8,19.6
2041,5,8,3,6.3,1.0,Tuesday,11:04,4.7,26.5,16.8
2042,2,5,3,13.2,0.0,Wednesday,21:58,4.5,33.9,9.9
2043,13,16,2,7.6,0.0,Monday,20:42,8.0,32.7,67.6
2044,11,16,4,5.5,1.0,Tuesday,15:25,12.9,15.1,26.0
2045,5,10,4,2.8,1.0,Thursday,19:22,7.3,0.0,4.0
2046,8,13,5,5.3,0.0,Sunday,19:38,9.4,4.8,8.3
2047,7,10,3,10.4,0.0,Friday,19:21,6.9,31.8,31.2
2048,7,11,4,5.1,1.0,Thursday,17:30,8.9,9.8,13.2
2049,10,16,4,8.0,1.0,Sunday,11:39,10.5,20.8,28.8
2050,6,10,4,12.9,0.0,Tuesday,06:51,9.2,6.3,18.7
2051,3,7,2,10.9,0.0,Wednesday,09:32,5.4,39.7,20.9
2052,4,7,3,10.5,0.0,Thursday,23:45,5.8,6.8,13.5
2053,6,12,4,4.0,0.0,Tuesday,02:31,8.3,7.6,7.7
2054,5,10,4,5.2,0.0,Thursday,09:54,7.1,15.4,5.9
2055,7,10,3,6.9,2.0,Wednesday,16:58,9.6,14.1,26.2
2056,7,13,5,5.8,0.0,Sunday,11:27,10.3,3.8,11.6
2057,14,18,3,8.2,2.0,Friday,11:33,10.6,30.3,61.1
2058,9,14,4,9.5,0.0,Saturday,17:57,9.3,20.2,34.3
2059,7,16,5,7.5,0.0,Sunday,14:24,9.7,3.7,14.0
2060,7,12,3,7.7,2.0,Thursday,09:21,7.1,15.1,23.1
2061,6,12,5,8.2,0.0,Wednesday,16:43,11.8,13.3,15.0
2062,9,12,3,9.5,1.0,Friday,11:44,8.5,28.7,45.3
2063,9,12,3,4.3,0.0,Friday,20:19,4.6,10.9,15.4
2064,11,15,3,2.3,0.0,Wednesday,09:41,7.5,10.8,9.5
2065,12,19,4,6.3,0.0,Wednesday,21:45,8.9,11.0,20.9
2066,6,9,3,4.8,0.0,Thursday,01:58,4.1,0.0,7.8
2067,11,16,5,8.8,0.0,Sunday,18:07,9.0,16.6,24.0
2068,6,9,3,6.7,3.0,Thursday,14:08,6.8,10.2,27.8
2069,7,10,3,9.3,0.0,Thursday,09:55,4.8,21.5,25.1
2070,5,10,4,2.7,0.0,Tuesday,20:22,3.5,0.0,7.1
2071,13,21,4,5.2,0.0,Wednesday,11:12,7.4,2.7,36.3
2072,9,12,3,11.9,0.0,Saturday,09:04,4.9,20.0,44.8
2073,4,8,4,7.9,0.0,Thursday,08:43,7.1,11.9,9.9
2074,11,18,4,7.6,0.0,Monday,15:58,9.2,16.5,27.7
2075,10,14,3,12.7,0.0,Wednesday,07:12,9.2,26.5,45.2
2076,9,16,6,9.0,1.0,Saturday,08:00,9.3,15.9,19.3
2077,10,15,5,7.5,0.0,Sunday,19:12,11.9,13.5,21.2
2078,14,17,3,7.3,0.0,Thursday,17:00,12.3,9.3,45.3
2079,8,15,4,9.8,0.0,Tuesday,19:10,5.7,10.6,23.7
2080,15,21,4,9.3,1.0,Monday,19:02,14.8,26.9,56.1
2081,11,16,5,10.5,1.0,Saturday,11:41,11.2,25.8,44.0
2082,11,16,5,8.3,0.0,Monday,12:54,7.9,19.1,33.7
2083,6,12,5,10.6,1.0,Sunday,12:42,13.5,18.9,20.7
2084,7,11,4,6.8,0.0,Sunday,11:07,7.2,14.5,13.3
2085,12,17,4,8.5,0.0,Thursday,20:19,13.8,12.9,30.5
2086,7,11,4,9.2,1.0,Wednesday,08:32,7.3,23.1,24.8
2087,2,8,4,8.3,0.0,Thursday,00:51,0.8,8.9,3.3
2088,3,7,3,6.8,0.0,Thursday,03:02,6.2,13.7,5.6
2089,13,19,4,3.2,1.0,Saturday,12:56,13.1,0.4,17.3
2090,2,5,2,9.3,0.0,Sunday,09:21,0.3,35.2,16.0
2091,10,14,4,4.6,0.0,Saturday,20:04,7.5,3.3,17.8
2092,8,13,4,13.3,1.0,Sunday,16:27,5.1,27.2,34.2
2093,11,16,4,8.3,0.0,Tuesday,14:19,5.9,26.9,30.5
2094,7,11,4,5.3,2.0,Tuesday,13:52,14.4,5.7,23.3
2095,4,8,4,6.3,1.0,Monday,07:47,11.8,13.7,7.3
2096,7,11,4,10.7,0.0,Thursday,08:36,,15.8,21.9
2097,6,11,5,8.7,1.0,Monday,18:39,6.2,10.4,18.5
2098,10,15,3,9.3,0.0,Sunday,19:10,13.5,,38.4
2099,14,18,4,5.4,2.0,Monday,19:51,12.0,6.6,29.2
2100,14,19,4,6.8,1.0,Tuesday,18:36,10.1,22.3,36.4
2101,9,14,3,7.8,0.0,Thursday,08:23,7.8,18.7,21.4
2102,13,19,5,3.5,0.0,Monday,18:28,7.3,9.6,14.5
2103,6,12,4,10.2,2.0,Friday,17:07,6.6,34.4,33.1
2104,4,8,4,9.3,0.0,Thursday,09:09,6.6,21.2,11.8
2105,8,12,3,5.2,0.0,Sunday,23:47,4.8,5.0,9.7
2106,11,15,3,8.2,1.0,Sunday,13:01,9.4,19.3,42.5
2107,6,11,5,8.0,1.0,Wednesday,12:38,7.0,19.5,21.5
2108,6,15,6,10.5,0.0,Tuesday,17:34,7.9,19.7,13.5
2109,11,16,3,7.1,0.0,Sunday,18:50,9.1,34.0,35.5
2110,5,10,4,8.6,2.0,Friday,16:37,4.8,23.3,22.3
2111,5,8,3,12.9,0.0,Wednesday,09:43,9.3,32.5,23.6
2112,8,13,3,7.4,0.0,Wednesday,07:00,1.1,18.0,22.6
2113,15,22,5,6.3,1.0,Thursday,12:06,18.2,12.8,30.1
2114,12,17,4,8.6,1.0,Saturday,10:08,6.8,7.7,37.9
2115,4,8,4,10.3,0.0,Tuesday,15:21,9.5,22.1,9.3
2116,2,5,3,4.7,0.0,Tuesday,08:03,10.4,7.3,3.3
2117,4,6,1,5.0,0.0,Wednesday,09:31,6.5,33.0,22.8
2118,5,9,3,6.2,0.0,Saturday,12:43,8.8,16.5,21.0
2119,9,15,5,5.6,0.0,Thursday,10:52,11.1,0.0,11.6
2120,9,12,2,9.2,1.0,Thursday,13:16,8.4,42.2,67.4
2121,14,19,4,8.4,0.0,Wednesday,11:28,8.2,15.0,34.4
2122,17,23,5,7.5,1.0,Thursday,20:40,7.3,18.4,35.6
2123,9,12,3,6.5,0.0,Monday,17:38,12.0,13.3,31.7
2124,12,16,3,11.3,1.0,Saturday,11:04,9.6,41.5,72.7
2125,4,8,3,,0.0,Friday,06:05,5.3,7.6,10.4
2126,8,12,4,9.2,1.0,Thursday,10:04,10.2,19.5,29.8
2127,17,21,4,6.0,2.0,Monday,18:07,13.1,19.1,43.2
2128,4,8,3,9.3,1.0,Tuesday,23:50,,12.2,12.5
2129,10,15,5,4.2,0.0,Wednesday,14:56,8.1,,16.8
2130,7,14,5,8.2,0.0,Monday,20:25,15.1,16.6,17.0
2131,16,21,4,13.8,0.0,Monday,19:23,12.5,17.9,76.1
2132,8,13,3,9.9,2.0,Saturday,09:56,8.5,,47.4
2133,1,5,3,7.5,1.0,Tuesday,02:17,2.4,10.8,3.6
2134,8,12,4,,1.0,Monday,08:38,14.5,5.4,20.2
2135,13,18,5,8.6,1.0,Sunday,20:16,12.0,11.5,23.4
2136,10,16,4,8.4,1.0,Friday,15:48,9.2,19.4,32.7
2137,9,16,4,7.7,3.0,Wednesday,07:58,10.7,12.3,29.7
2138,11,18,4,8.7,0.0,Wednesday,13:44,10.4,30.5,37.2
2139,16,22,4,5.4,0.0,Saturday,13:39,14.4,9.6,37.2
2140,12,18,4,7.9,1.0,Monday,09:30,6.8,16.3,32.8
2141,12,20,2,5.7,0.0,Wednesday,08:09,8.8,26.1,35.7
2142,10,15,3,10.0,1.0,Sunday,09:49,7.2,18.4,34.5
2143,9,12,3,4.6,0.0,Tuesday,12:02,9.8,21.8,18.5
2144,13,18,4,6.5,0.0,Monday,21:08,,14.5,24.9
2145,6,10,4,5.8,0.0,Sunday,08:40,1.7,12.8,7.3
2146,9,13,2,5.1,,Thursday,10:46,10.8,29.5,31.7
2147,5,14,6,9.4,1.0,Sunday,13:50,8.6,13.4,14.5
2148,5,9,3,7.1,0.0,Thursday,13:13,,,19.1
2149,6,9,3,6.5,0.0,Saturday,10:28,11.7,18.2,18.3
2150,9,11,2,5.5,0.0,Saturday,20:20,5.4,11.7,67.2
2151,9,14,4,11.3,0.0,Saturday,01:57,7.8,0.0,16.3
2152,17,23,6,10.1,2.0,Monday,17:23,16.5,17.7,53.1
2153,9,15,5,9.0,1.0,Friday,08:36,9.3,2.5,18.0
2154,5,11,4,10.2,1.0,Sunday,12:44,10.0,26.1,22.7
2155,13,19,6,7.6,2.0,Saturday,13:29,14.3,4.1,37.2
2156,9,13,4,10.3,1.0,Saturday,18:14,12.4,33.8,43.7
2157,6,9,2,4.1,2.0,Saturday,09:30,10.4,4.3,22.5
2158,4,9,4,6.2,1.0,Tuesday,09:29,5.8,13.8,15.1
2159,22,27,5,7.2,1.0,Saturday,16:39,12.2,8.6,46.2
2160,7,11,4,5.5,0.0,Tuesday,23:32,5.4,7.4,10.0
2161,8,12,4,10.8,1.0,Wednesday,18:47,9.6,16.2,33.0
2162,10,15,4,10.5,2.0,Monday,15:34,11.9,24.2,45.7
2163,11,14,2,8.3,1.0,Tuesday,14:21,5.5,22.3,66.7
2164,7,12,4,8.7,0.0,Sunday,08:24,4.7,12.9,14.4
2165,6,11,4,2.0,1.0,Saturday,08:16,12.2,4.9,7.3
2166,13,18,5,7.4,1.0,Saturday,10:34,12.7,25.9,32.1
2167,9,14,3,2.3,1.0,Tuesday,15:53,7.0,19.3,12.1
2168,8,11,3,4.6,,Friday,14:56,9.4,16.5,18.3
2169,8,13,4,6.2,0.0,Saturday,17:35,9.8,0.0,17.3
2170,7,11,2,8.7,0.0,Sunday,10:18,10.4,38.5,34.8
2171,12,15,3,8.5,1.0,Saturday,17:50,9.3,34.7,57.6
2172,6,11,5,8.5,0.0,Tuesday,18:04,10.9,26.7,19.9
2173,12,17,3,9.9,0.0,Sunday,17:40,17.7,25.8,53.0
2174,3,7,4,6.4,1.0,Sunday,09:48,1.0,16.6,9.1
2175,5,11,4,7.3,1.0,Wednesday,08:02,8.3,7.8,14.1
2176,5,7,2,4.4,0.0,Wednesday,15:20,5.2,14.8,11.3
2177,8,13,5,9.3,1.0,Sunday,12:50,11.4,16.9,25.7
2178,23,29,4,9.3,0.0,Wednesday,10:33,12.9,16.4,58.7
2179,9,15,6,7.8,1.0,Tuesday,10:07,11.3,9.1,19.6
2180,12,15,2,9.6,0.0,Monday,20:57,10.2,46.1,77.0
2181,7,10,3,7.2,0.0,Wednesday,07:04,4.8,17.4,17.9
2182,11,14,3,11.4,0.0,Sunday,15:12,10.0,36.3,48.3
2183,12,17,4,9.0,0.0,Friday,21:01,12.3,21.9,37.2
2184,7,13,6,8.3,1.0,Monday,19:34,12.2,12.6,23.0
2185,15,19,3,12.1,1.0,Saturday,18:06,9.6,30.8,101.7
2186,7,9,1,7.9,0.0,Sunday,07:01,8.4,45.0,61.1
2187,9,14,4,5.8,0.0,Monday,21:09,6.9,5.4,17.5
2188,7,11,3,,0.0,Thursday,10:20,,2.3,7.7
2189,8,12,3,5.8,3.0,Sunday,20:47,13.7,14.2,29.2
2190,18,24,4,6.1,2.0,Saturday,20:54,16.3,21.8,46.9
2191,9,13,3,8.0,0.0,Thursday,19:42,11.5,17.3,33.9
2192,7,12,3,3.3,1.0,Tuesday,08:40,4.9,2.0,9.4
2193,10,15,3,2.0,1.0,Thursday,13:58,5.8,4.5,8.7
2194,9,13,4,9.9,,Tuesday,09:23,5.9,20.8,29.6
2195,7,13,4,7.8,0.0,Saturday,19:10,8.4,3.4,16.4
2196,6,12,5,3.9,2.0,Monday,07:23,8.6,0.4,2.7
2197,13,18,3,7.0,0.0,Saturday,21:58,8.5,18.1,36.5
2198,8,12,4,6.6,0.0,Thursday,21:57,11.2,9.3,14.3
2199,10,14,4,3.4,0.0,Tuesday,21:44,7.3,0.0,8.1
2200,3,8,3,5.8,1.0,Friday,05:13,2.3,4.1,6.6
2201,11,16,5,9.0,0.0,Friday,13:03,12.2,23.7,33.4
2202,14,21,6,5.7,2.0,Wednesday,12:38,12.9,12.1,24.0
2203,11,20,5,6.4,0.0,Saturday,16:41,11.9,10.8,23.9
2204,13,17,4,10.6,1.0,Thursday,18:22,11.3,17.9,52.8
2205,13,18,4,,0.0,Wednesday,18:03,8.8,5.7,12.7
2206,8,12,3,7.8,0.0,Friday,07:19,5.9,,28.8
2207,6,11,4,10.3,1.0,Sunday,03:48,6.5,11.0,14.7
2208,18,22,3,4.3,1.0,Sunday,19:57,10.2,11.2,31.6
2209,8,14,5,6.2,0.0,Tuesday,13:52,9.8,6.4,17.2
2210,10,13,3,8.6,0.0,Sunday,13:31,9.9,12.8,37.1
2211,11,18,6,7.7,0.0,Saturday,15:36,13.4,13.4,23.7
2212,11,13,2,3.5,0.0,Monday,08:55,9.4,6.6,22.4
2213,6,8,2,5.0,0.0,Wednesday,15:38,7.1,10.8,19.9
2214,9,14,5,5.6,2.0,Friday,15:25,11.9,12.4,21.9
2215,16,22,5,,1.0,Monday,13:59,12.1,1.8,16.2
2216,3,7,3,4.3,1.0,Friday,05:36,5.9,7.9,41.4
2217,9,11,1,4.7,0.0,Thursday,06:53,2.0,22.6,30.8
2218,3,7,3,8.4,0.0,Saturday,16:35,5.0,32.9,16.7
2219,12,17,4,8.7,1.0,Friday,09:39,8.9,19.4,36.1
2220,16,23,5,4.7,1.0,Thursday,11:57,14.5,7.6,25.7
2221,10,14,4,10.0,0.0,Saturday,03:41,10.2,17.8,26.5
2222,11,18,5,6.5,0.0,Sunday,20:27,12.5,10.1,11.7
2223,19,28,6,3.4,1.0,Saturday,15:37,9.9,0.0,15.2
2224,6,11,3,5.9,2.0,Saturday,14:43,12.0,17.0,24.9
2225,12,17,5,10.2,2.0,Saturday,19:13,10.6,25.6,50.7
2226,4,9,5,9.7,0.0,Saturday,10:57,7.4,16.7,7.1
2227,2,7,3,11.2,1.0,Sunday,18:38,3.5,16.6,16.9
2228,7,10,3,7.6,0.0,Tuesday,07:47,10.2,22.6,22.5
2229,7,11,4,8.2,0.0,Thursday,09:32,8.4,14.2,17.7
2230,3,10,4,5.2,1.0,Tuesday,17:08,5.6,2.8,7.7
2231,7,12,4,8.8,0.0,Thursday,20:08,3.7,13.9,20.6
2232,8,11,3,5.1,0.0,Saturday,18:06,8.3,21.1,22.3
2233,11,15,4,5.8,0.0,Friday,09:14,10.0,6.7,21.7
2234,5,10,5,8.6,0.0,Monday,11:54,12.2,10.7,9.7
2235,7,9,2,5.3,0.0,Sunday,14:57,10.1,13.4,22.7
2236,13,16,3,13.9,,Thursday,18:14,8.9,47.1,83.6
2237,9,13,3,7.2,0.0,Wednesday,13:52,8.4,31.8,28.5
2238,3,8,3,4.4,0.0,Thursday,05:25,11.6,7.2,7.0
2239,13,20,5,9.0,1.0,Sunday,19:28,11.4,13.8,33.8
2240,8,13,4,8.6,2.0,Sunday,16:57,5.5,23.9,31.5
2241,16,19,2,2.7,1.0,Saturday,18:27,13.1,13.5,41.5
2242,8,13,4,7.5,0.0,Sunday,07:41,4.7,,15.2
2243,9,15,4,10.3,2.0,Friday,07:55,7.9,16.5,39.9
2244,15,21,4,2.3,0.0,Thursday,20:55,10.1,5.9,12.3
2245,15,20,4,13.1,0.0,Friday,12:59,12.9,19.4,71.5
2246,5,13,4,6.2,0.0,Monday,04:48,6.3,4.9,3.3
2247,7,10,3,8.0,0.0,Monday,16:53,8.2,14.4,23.9
2248,7,9,2,10.5,0.0,Wednesday,04:41,3.9,39.4,28.6
2249,8,13,5,8.3,3.0,Wednesday,00:24,8.0,12.7,56.1
2250,11,15,4,5.6,3.0,Saturday,08:00,11.2,16.0,29.1
2251,11,17,4,4.1,,Sunday,09:02,5.3,2.8,10.7
2252,10,15,4,4.9,3.0,Thursday,16:23,9.4,18.9,25.4
2253,12,17,4,4.9,1.0,Friday,11:53,10.3,6.8,25.3
2254,9,13,3,11.0,0.0,Tuesday,20:04,10.4,25.1,37.9
2255,9,12,2,6.6,0.0,Thursday,21:15,9.2,17.8,36.7
2256,9,16,6,6.7,0.0,Wednesday,20:01,5.8,0.0,13.0
2257,8,13,4,7.0,1.0,Sunday,19:20,10.8,12.7,24.1
2258,5,9,3,11.9,0.0,Monday,09:56,10.8,40.8,29.0
2259,11,15,4,8.3,0.0,Monday,10:18,9.7,7.1,34.9
2260,7,12,2,5.3,0.0,Monday,02:48,4.4,0.0,15.3
2261,7,11,3,8.0,1.0,Tuesday,08:11,7.3,16.6,24.1
2262,9,13,3,6.2,1.0,Sunday,20:00,4.2,11.8,21.8
2263,6,10,4,8.5,0.0,Tuesday,16:01,4.2,15.0,18.6
2264,14,21,4,6.5,1.0,Wednesday,14:33,8.8,19.3,35.8
2265,3,5,2,4.3,0.0,Tuesday,02:02,3.6,7.0,6.8
2266,15,21,4,7.8,2.0,Saturday,17:51,8.3,1.2,52.6
2267,11,15,2,5.8,0.0,Wednesday,20:02,6.6,27.1,40.3
2268,8,14,4,5.8,0.0,Wednesday,14:08,11.2,0.0,17.4
2269,10,18,6,,0.0,Wednesday,21:26,10.1,4.4,14.8
2270,308,24,4,11.6,2.0,Tuesday,17:11,10.9,20.6,80.2
2271,4,8,4,7.6,0.0,Tuesday,17:55,6.1,12.7,10.4
2272,13,18,4,3.3,0.0,Monday,19:34,7.8,8.3,15.6
2273,6,11,5,4.4,2.0,Friday,09:14,9.9,10.5,15.5
2274,5,10,4,11.3,0.0,Wednesday,13:39,10.2,31.4,21.3
2275,4,8,3,7.3,0.0,Saturday,09:56,8.0,13.4,13.2
2276,10,16,5,3.5,0.0,Tuesday,11:37,14.0,0.0,10.4
2277,10,12,2,9.1,0.0,Wednesday,09:20,7.8,26.9,48.6
2278,7,11,4,5.1,0.0,Saturday,02:32,7.7,2.8,8.0
2279,8,12,4,12.9,1.0,Friday,13:51,10.5,43.8,46.3
2280,9,14,3,,1.0,Friday,16:30,8.5,20.3,35.7
2281,11,15,2,5.8,0.0,Wednesday,20:02,6.6,27.1,40.3
2282,4,10,3,9.8,0.0,Saturday,09:50,9.2,24.4,21.4
2283,8,13,5,3.6,0.0,Saturday,19:30,9.3,9.3,11.6
2284,10,14,4,7.2,1.0,Thursday,13:58,4.9,17.7,32.8
2285,9,14,5,8.9,0.0,Thursday,09:39,11.2,21.1,17.2
2286,4,6,2,6.1,1.0,Saturday,00:41,5.4,37.1,15.7
2287,5,10,4,10.3,0.0,Monday,09:52,2.9,15.9,18.4
2288,9,14,5,4.1,1.0,Saturday,11:10,13.8,1.6,17.0
2289,15,19,4,8.3,1.0,Monday,18:22,6.4,16.3,50.2
2290,4,9,4,9.1,0.0,Tuesday,20:15,,16.6,12.2
2291,10,18,4,9.6,0.0,Saturday,09:10,7.5,25.4,31.1
2292,6,9,3,6.3,0.0,Tuesday,08:19,6.4,6.9,11.1
2293,10,15,5,6.2,0.0,Monday,14:24,8.0,9.1,18.0
2294,11,16,3,8.5,1.0,Sunday,14:00,12.1,21.4,42.9
2295,7,12,5,7.7,0.0,Wednesday,14:33,9.9,15.1,14.2
2296,14,19,5,7.0,0.0,Monday,15:50,14.0,14.6,28.1
2297,2,7,4,7.0,0.0,Thursday,14:26,8.5,7.2,5.6
2298,12,17,4,9.0,0.0,Monday,19:00,11.3,28.7,41.3
2299,6,11,3,8.1,0.0,Tuesday,11:34,7.4,19.2,21.6
2300,9,14,4,8.4,1.0,Sunday,13:54,6.6,19.9,26.6
2301,17,22,4,8.4,1.0,Friday,12:40,15.0,17.1,58.2
2302,9,13,3,8.9,1.0,Thursday,07:52,4.0,23.8,32.9
2303,13,16,3,7.0,1.0,Friday,15:33,12.9,28.4,45.8
2304,13,19,6,7.8,2.0,Sunday,12:08,13.5,8.3,28.5
2305,8,13,4,5.7,0.0,Saturday,14:34,6.9,12.1,15.0
2306,6,12,5,8.4,1.0,Saturday,19:41,8.1,12.4,18.4
2307,6,10,3,7.8,0.0,Friday,07:16,9.9,28.3,21.1
2308,4,10,4,8.1,0.0,Friday,13:05,9.7,1.1,13.1
2309,13,18,5,8.1,0.0,Sunday,11:39,7.3,6.7,22.5
2310,7,11,3,3.9,0.0,Saturday,03:47,6.3,12.2,8.4
2311,12,19,5,9.2,1.0,Saturday,21:27,5.0,14.4,33.6
2312,16,22,5,6.1,2.0,Thursday,19:25,10.8,13.9,29.7
2313,6,8,2,6.3,0.0,Saturday,06:54,6.9,10.2,20.0
2314,10,14,4,5.4,0.0,Thursday,10:43,11.3,0.0,12.7
2315,6,11,5,7.9,0.0,Saturday,23:58,6.4,12.5,8.5
2316,9,14,3,7.5,0.0,Tuesday,21:50,3.6,30.6,26.4
2317,12,20,6,2.2,0.0,Saturday,13:38,9.3,6.7,6.4
2318,6,12,4,6.1,1.0,Wednesday,20:22,6.1,9.5,17.0
2319,6,14,5,2.9,3.0,Friday,14:17,8.7,6.5,7.1
2320,13,18,2,10.8,0.0,Tuesday,17:22,13.2,32.6,93.0
2321,16,21,4,6.8,0.0,Monday,15:16,15.1,13.5,39.1
2322,9,14,4,5.2,0.0,Friday,21:14,5.9,0.0,9.0
2323,9,13,4,7.7,1.0,Saturday,02:11,9.7,17.7,23.2
2324,9,12,3,,0.0,Tuesday,11:12,9.8,24.8,42.0
2325,4,8,3,11.3,3.0,Thursday,00:02,4.4,9.3,29.0
2326,11,16,4,8.9,0.0,Friday,10:31,6.2,13.8,27.8
2327,12,17,4,12.1,2.0,Friday,17:13,10.5,16.0,65.0
2328,2,7,3,12.2,0.0,Monday,14:08,14.7,20.1,12.8
2329,6,8,2,7.2,1.0,Friday,17:14,12.3,22.3,32.3
2330,4,11,6,9.2,0.0,Friday,17:35,10.1,14.5,8.8
2331,8,11,3,6.7,1.0,Thursday,21:21,5.0,10.9,24.3
2332,7,14,6,5.3,0.0,Saturday,15:44,6.9,0.0,10.1
2333,14,18,4,4.7,2.0,Tuesday,20:42,12.6,5.0,22.9
2334,9,15,5,10.0,2.0,Thursday,12:21,11.9,21.1,39.8
2335,15,21,4,5.4,1.0,Monday,16:12,9.7,9.7,31.1
2336,4,7,3,10.3,0.0,Wednesday,04:15,5.0,22.2,10.4
2337,8,14,5,5.2,1.0,Thursday,15:35,9.8,6.1,8.4
2338,7,13,4,6.5,,Tuesday,09:10,5.5,4.4,15.7
2339,8,13,4,7.2,0.0,Friday,15:13,9.7,12.1,19.9
2340,18,25,4,12.8,1.0,Thursday,09:22,7.8,21.9,73.1
2341,4,10,4,5.5,0.0,Wednesday,11:33,4.1,10.6,8.5
2342,9,14,4,8.9,1.0,Wednesday,16:52,13.3,18.7,33.3
2343,7,12,5,3.3,1.0,Wednesday,20:15,9.8,1.8,8.2
2344,3,8,3,7.5,1.0,Thursday,19:25,1.9,14.3,16.3
2345,14,20,5,6.8,0.0,Wednesday,13:40,11.0,6.4,26.9
2346,11,17,4,9.1,3.0,Monday,21:05,8.2,15.9,42.5
2347,10,15,5,6.3,0.0,Wednesday,04:36,10.2,4.1,7.3
2348,7,10,3,7.3,1.0,Thursday,10:56,6.8,22.9,27.1
2349,10,18,6,14.1,0.0,Monday,14:32,9.8,21.2,37.6
2350,5,11,2,7.7,0.0,Thursday,03:43,5.5,18.9,10.4
2351,6,13,5,3.5,1.0,Thursday,18:20,11.3,2.4,5.3
2352,13,17,4,9.0,1.0,Friday,12:31,12.0,11.7,47.7
2353,11,18,6,8.0,0.0,Monday,18:29,12.0,14.3,24.0
2354,13,20,3,12.3,1.0,Sunday,16:28,8.3,38.1,66.4
2355,7,11,4,8.2,1.0,Friday,01:30,9.2,18.6,15.7
2356,7,14,5,8.2,,Friday,21:23,12.9,0.0,17.7
2357,7,13,5,9.7,1.0,Saturday,17:55,10.5,13.5,26.9
2358,5,8,0,2.0,,Saturday,01:44,6.3,8.6,8.8
2359,5,11,4,7.8,1.0,Tuesday,14:00,11.2,16.6,18.4
2360,8,15,5,4.0,2.0,Friday,15:39,8.2,10.1,15.5
2361,11,17,4,4.7,0.0,Thursday,08:08,7.9,3.7,13.6
2362,4,7,2,8.3,0.0,Sunday,04:25,6.6,24.1,18.6
2363,14,20,5,10.4,0.0,Wednesday,17:16,12.4,8.1,35.5
2364,13,18,4,6.9,0.0,Friday,18:56,11.5,9.4,33.6
2365,7,11,3,11.0,2.0,Tuesday,16:45,5.5,22.6,43.5
2366,10,18,6,6.8,0.0,Thursday,17:38,10.0,9.1,12.9
2367,9,11,2,9.0,1.0,Monday,14:05,10.5,28.4,64.4
2368,12,16,4,8.9,2.0,Thursday,11:53,10.1,17.5,43.1
2369,12,16,4,7.1,2.0,Thursday,12:06,13.5,19.6,39.4
2370,10,14,3,3.1,1.0,Friday,09:24,9.2,6.7,11.7
2371,12,17,5,10.6,0.0,Tuesday,19:17,16.9,28.3,34.4
2372,7,14,6,8.2,0.0,Wednesday,20:54,6.8,15.3,19.8
2373,8,11,3,11.2,2.0,Saturday,10:22,12.4,26.0,51.1
2374,6,10,4,5.7,0.0,Tuesday,11:05,7.2,17.0,36.9
2375,10,15,5,2.0,0.0,Sunday,10:35,5.5,12.4,2.8
2376,5,9,3,10.1,0.0,Sunday,03:32,6.2,15.4,14.1
2377,10,15,5,4.8,0.0,Monday,21:53,12.1,9.1,15.9
2378,4,10,3,5.5,0.0,Monday,07:42,9.0,23.1,14.9
2379,6,10,4,5.8,1.0,Thursday,14:49,5.9,4.3,13.3
2380,6,13,6,7.5,0.0,Thursday,15:14,7.5,4.4,8.9
2381,8,13,4,11.1,0.0,Sunday,07:25,8.8,15.8,23.2
2382,2,6,2,9.1,0.0,Saturday,03:51,11.6,17.8,11.5
2383,9,16,6,,0.0,Friday,21:04,9.3,0.0,7.2
2384,17,22,5,6.4,1.0,Monday,15:56,10.6,18.8,29.8
2385,2,6,3,9.6,0.0,Tuesday,11:31,5.5,31.2,5.5
2386,13,18,4,6.1,0.0,Friday,11:04,6.6,10.8,27.8
2387,9,13,3,7.1,0.0,Friday,03:57,8.0,12.8,22.0
2388,9,16,4,5.5,1.0,Friday,20:06,10.5,4.3,21.1
2389,11,16,4,8.2,0.0,Wednesday,17:47,12.4,15.8,32.1
2390,7,13,5,6.2,0.0,Saturday,12:17,11.6,3.0,17.1
2391,11,16,5,,2.0,Wednesday,13:26,13.8,18.7,51.1
2392,12,16,4,10.9,,Tuesday,11:53,11.2,23.3,50.5
2393,6,11,4,4.3,0.0,Sunday,16:34,8.5,14.0,10.1
2394,12,16,4,9.8,3.0,Thursday,19:09,8.3,28.7,53.5
2395,11,15,3,9.2,0.0,Tuesday,19:42,10.8,14.3,43.4
2396,4,8,3,7.9,1.0,Sunday,13:28,9.0,18.6,20.4
2397,5,10,4,10.0,1.0,Monday,08:23,8.7,16.5,22.5
2398,9,13,3,8.5,2.0,Monday,09:49,5.7,33.4,42.6
2399,4,10,4,13.5,1.0,Friday,23:25,8.7,,20.7
2400,4,8,4,4.9,2.0,Friday,22:31,9.7,6.4,10.5
2401,3,10,4,5.4,0.0,Thursday,21:21,7.3,13.9,3.9
2402,2,7,4,4.7,2.0,Sunday,10:27,3.5,16.7,8.8
2403,11,17,4,8.4,1.0,Thursday,17:25,11.5,12.1,39.6
2404,3,9,4,3.5,0.0,Wednesday,14:59,10.2,0.0,3.3
2405,6,10,2,10.5,0.0,Friday,09:22,4.7,29.3,37.4
2406,6,9,2,9.4,0.0,Friday,03:58,4.6,24.7,26.1
2407,6,11,3,10.7,1.0,Sunday,19:52,7.7,17.3,34.0
2408,11,14,3,7.4,2.0,Thursday,20:08,9.6,9.9,39.7
2409,15,22,5,6.8,2.0,Monday,16:41,11.2,13.7,36.2
2410,10,14,4,10.5,0.0,Saturday,10:55,10.0,15.4,36.2
2411,4,8,4,12.0,1.0,Sunday,01:41,6.5,20.3,14.6
2412,9,13,3,4.9,,Tuesday,19:08,10.6,19.8,24.8
2413,12,17,5,9.5,1.0,Monday,10:32,5.8,14.7,32.4
2414,6,12,5,11.6,0.0,Thursday,11:04,9.2,16.4,22.7
2415,11,16,4,10.2,0.0,Friday,01:36,,1.4,24.2
2416,16,21,4,3.7,2.0,Saturday,17:36,9.0,13.7,25.8
2417,3,7,3,4.2,0.0,Tuesday,20:02,15.0,8.5,6.5
2418,6,11,5,3.2,1.0,Wednesday,20:51,11.0,0.5,4.3
2419,6,10,3,6.3,0.0,Wednesday,05:01,5.9,13.4,11.4
2420,7,11,4,10.2,0.0,Friday,05:26,5.8,15.9,14.6
2421,7,13,6,11.0,1.0,Tuesday,15:27,9.8,19.4,22.9
2422,5,10,5,,1.0,Tuesday,07:57,7.5,12.6,17.6
2423,5,11,4,8.3,0.0,Tuesday,10:26,1.6,23.1,11.5
2424,7,13,4,7.0,2.0,Monday,17:06,7.9,25.3,32.2
2425,12,21,5,7.6,0.0,Saturday,17:09,10.4,13.5,29.0
2426,11,14,3,7.7,0.0,Sunday,15:23,7.2,23.7,34.1
2427,11,16,5,9.7,0.0,Tuesday,18:50,8.9,15.0,29.6
2428,12,17,4,8.9,4.0,Saturday,21:00,8.0,26.4,52.5
2429,7,11,4,9.1,0.0,Thursday,12:28,9.3,0.0,22.8
2430,6,12,5,4.6,2.0,Friday,14:22,10.5,8.9,19.4
2431,8,11,3,5.5,2.0,Monday,19:41,10.7,16.0,27.4
2432,6,12,4,8.8,0.0,Monday,17:44,6.1,34.1,20.5
2433,9,12,3,11.3,0.0,Tuesday,21:12,4.6,36.8,39.7
2434,8,14,5,5.8,0.0,Tuesday,16:46,8.0,10.6,8.2
2435,1,4,3,9.3,0.0,Sunday,05:41,4.6,23.3,4.1
2436,14,17,2,10.3,1.0,Friday,21:13,8.3,42.2,92.2
2437,14,19,4,6.8,1.0,Friday,07:43,,23.1,32.7
2438,9,15,5,5.3,0.0,Wednesday,15:56,12.4,7.8,8.3
2439,14,21,5,6.0,1.0,Saturday,11:54,7.0,8.5,24.9
2440,16,19,2,9.3,0.0,Wednesday,21:57,8.4,47.5,77.8
2441,7,12,4,8.4,0.0,Monday,15:14,12.6,23.3,20.7
2442,9,14,5,7.6,2.0,Saturday,19:30,7.8,13.5,30.3
2443,8,12,4,3.0,0.0,Thursday,13:45,10.2,9.1,7.7
2444,13,19,4,7.0,2.0,Friday,12:07,10.9,10.1,42.5
2445,5,13,4,6.9,0.0,Wednesday,17:25,7.3,17.9,13.1
2446,8,13,5,3.3,2.0,Saturday,08:05,6.3,1.4,8.5
2447,16,21,4,9.7,1.0,Monday,16:30,11.8,26.4,58.9
2448,2,7,3,4.7,1.0,Wednesday,03:20,6.8,5.0,3.3
2449,16,21,4,6.1,1.0,Tuesday,16:23,8.4,3.5,27.7
2450,10,16,5,6.8,0.0,Tuesday,03:57,0.4,0.0,9.8
2451,15,22,4,10.0,2.0,Wednesday,12:58,14.3,19.7,61.9
2452,11,17,2,4.1,0.0,Wednesday,15:55,9.6,20.1,25.5
2453,7,9,2,4.1,0.0,Wednesday,14:12,6.8,18.4,20.5
2454,4,10,3,7.5,0.0,Monday,01:43,4.8,10.8,8.0
2455,10,13,3,11.0,2.0,Friday,10:57,10.2,17.1,54.6
2456,11,17,5,6.3,0.0,Tuesday,14:14,7.4,12.8,46.2
2457,12,16,2,6.9,0.0,Monday,11:35,6.9,36.5,59.1
2458,22,29,3,5.4,1.0,Saturday,17:07,14.3,18.7,63.8
2459,11,18,5,7.7,2.0,Friday,23:12,6.1,7.8,22.0
2460,16,20,0,6.7,0.0,Friday,20:41,13.9,5.4,36.2
2461,7,13,2,4.4,0.0,Monday,19:25,5.1,4.2,20.3
2462,12,17,4,7.0,1.0,Wednesday,11:40,6.6,15.0,26.9
2463,10,13,2,,1.0,Saturday,14:51,13.6,32.3,58.7
2464,10,16,4,2.7,1.0,Friday,14:27,9.6,3.0,11.6
2465,6,9,3,4.3,0.0,Tuesday,11:31,5.0,4.5,7.8
2466,8,13,5,8.4,0.0,Monday,21:21,8.3,24.6,17.2
2467,6,11,3,8.7,0.0,Sunday,20:31,7.4,17.2,22.3
2468,12,16,4,6.8,0.0,Thursday,19:03,11.7,16.9,27.4
2469,7,11,4,6.5,0.0,Thursday,16:53,6.9,19.4,19.7
2470,2,7,5,9.2,0.0,Sunday,09:03,6.7,0.9,4.3
2471,11,16,4,8.4,2.0,Monday,11:27,12.0,11.0,40.8
2472,11,18,5,5.3,0.0,Saturday,13:48,6.7,15.6,19.2
2473,9,13,4,9.9,3.0,Friday,13:44,8.8,11.4,48.6
2474,3,8,3,7.7,0.0,Monday,15:50,8.1,23.8,9.9
2475,7,15,4,7.4,0.0,Friday,10:26,10.1,18.3,16.1
2476,8,15,4,6.8,2.0,Friday,16:12,9.5,9.6,24.6
2477,16,23,6,9.5,0.0,Saturday,18:30,7.2,10.9,35.6
2478,5,10,3,10.6,0.0,Thursday,16:51,13.4,27.5,22.0
2479,10,14,2,7.5,1.0,Wednesday,14:37,10.1,37.6,51.3
2480,9,13,3,6.4,0.0,Wednesday,18:29,13.4,10.9,30.0
2481,10,18,6,3.6,0.0,Saturday,16:02,12.7,1.0,11.4
2482,13,19,6,7.6,2.0,Saturday,18:25,10.4,15.5,32.3
2483,11,15,4,11.6,1.0,Friday,13:29,9.9,32.8,59.4
2484,8,13,4,11.2,0.0,Friday,20:02,7.8,23.6,30.7
2485,9,14,5,,0.0,Friday,10:01,12.2,6.3,16.2
2486,6,10,4,10.0,1.0,Thursday,10:08,14.4,14.2,19.2
2487,14,16,2,8.4,0.0,Thursday,12:44,16.1,26.5,82.8
2488,15,22,4,5.5,0.0,Saturday,15:06,11.6,2.4,27.5
2489,10,15,4,8.1,0.0,Sunday,10:54,7.2,6.7,17.1
2490,5,9,4,9.7,1.0,Tuesday,10:59,7.4,22.7,22.9
2491,15,21,5,6.7,0.0,Thursday,17:05,12.0,16.2,24.1
2492,6,8,1,8.0,1.0,Friday,21:53,2.9,41.3,60.3
2493,14,19,4,9.8,1.0,Saturday,16:18,8.7,11.1,53.7
2494,4,8,3,9.3,1.0,Tuesday,07:16,5.1,16.1,16.8
2495,17,22,3,7.0,0.0,Sunday,15:33,8.6,0.0,45.8
2496,8,13,4,6.8,1.0,Tuesday,14:22,7.4,9.6,24.5
2497,13,19,5,9.0,0.0,Wednesday,16:02,8.7,9.7,32.2
2498,9,14,5,5.3,0.0,Friday,17:39,11.0,0.0,13.6
2499,10,15,4,8.2,0.0,Tuesday,17:26,9.8,19.7,29.0
2500,10,13,3,9.2,3.0,Friday,17:15,11.2,34.6,62.6
2501,5,12,4,11.2,1.0,Friday,07:41,7.6,3.8,21.5
2502,11,16,3,6.0,1.0,Saturday,08:30,2.4,16.0,29.1
2503,9,16,4,10.1,0.0,Sunday,17:28,12.1,19.1,29.8
2504,5,9,2,10.6,2.0,Sunday,07:25,4.0,38.0,39.9
2505,11,17,5,6.9,1.0,Saturday,08:59,10.2,6.8,23.1
2506,8,13,4,2.0,1.0,Tuesday,15:00,5.5,8.4,7.0
2507,3,8,3,9.3,0.0,Tuesday,07:07,7.5,7.5,9.9
2508,13,18,5,8.2,0.0,Monday,19:22,9.2,22.4,32.6
2509,8,13,4,9.6,0.0,Friday,09:01,5.3,4.7,21.3
2510,3,7,4,11.4,1.0,Thursday,06:11,8.7,16.7,11.2
2511,15,21,3,13.1,2.0,Thursday,15:47,10.0,15.8,90.8
2512,9,13,4,8.1,,Monday,09:45,3.0,22.6,23.6
2513,10,16,4,5.9,0.0,Monday,09:17,9.0,1.2,16.0
2514,13,21,5,7.0,0.0,Wednesday,15:21,10.2,6.7,22.1
2515,9,13,4,11.3,1.0,Tuesday,07:25,2.9,24.2,35.5
2516,7,10,3,6.5,1.0,Friday,20:18,10.9,16.7,25.1
2517,12,16,4,11.9,1.0,Monday,09:48,4.7,30.0,52.4
2518,4,10,4,6.4,1.0,Friday,23:13,2.8,,5.5
2519,8,15,5,7.9,0.0,Thursday,12:11,9.1,16.3,15.9
2520,3,8,5,6.6,0.0,Wednesday,19:25,12.0,19.5,10.9
2521,6,12,6,5.5,0.0,Tuesday,17:51,9.2,18.7,5.6
2522,6,10,3,11.3,2.0,Sunday,04:10,4.6,14.9,31.6
2523,6,10,4,2.0,0.0,Wednesday,16:11,9.1,0.3,4.7
2524,6,10,4,4.1,0.0,Sunday,21:57,6.0,0.0,7.4
2525,10,14,4,15.2,2.0,Thursday,11:01,10.1,22.3,65.0
2526,10,15,4,8.4,0.0,Sunday,23:27,6.3,17.6,13.5
2527,5,8,3,4.0,0.0,Sunday,21:15,,14.6,8.5
2528,10,16,4,6.0,0.0,Saturday,11:32,13.6,23.4,25.3
2529,8,13,4,11.2,0.0,Friday,11:03,8.8,26.6,33.9
2530,10,14,4,4.9,3.0,Monday,20:39,3.8,11.3,23.6
2531,12,16,3,7.1,0.0,Saturday,21:26,9.0,17.8,40.0
2532,8,10,2,8.3,2.0,Friday,14:35,9.5,49.0,65.0
2533,12,17,4,9.8,1.0,Sunday,09:44,8.6,6.2,34.4
2534,9,14,3,5.3,3.0,Tuesday,08:13,9.1,24.6,28.5
2535,12,15,3,3.2,1.0,Saturday,09:38,10.1,6.5,20.1
2536,9,13,4,9.9,0.0,Tuesday,15:52,8.9,18.2,29.9
2537,14,17,3,6.1,0.0,Thursday,11:28,9.8,23.7,37.3
2538,10,19,6,7.0,0.0,Monday,07:52,11.0,11.0,16.3
2539,4,9,4,8.0,0.0,Wednesday,09:45,7.1,,11.8
2540,6,11,3,6.4,1.0,Sunday,12:21,6.6,14.9,18.1
2541,4,7,3,8.3,0.0,Sunday,03:21,3.7,21.8,9.4
2542,6,10,4,2.8,0.0,Sunday,17:07,9.6,0.0,6.2
2543,6,10,4,3.2,1.0,Thursday,09:33,8.7,17.8,12.6
2544,9,13,4,7.7,1.0,Wednesday,17:17,8.7,19.8,23.1
2545,9,12,3,5.1,3.0,Monday,09:31,6.3,19.5,23.9
2546,12,19,5,10.3,1.0,Friday,13:15,6.4,8.3,39.2
2547,4,8,4,11.4,1.0,Saturday,09:48,4.9,18.0,16.1
2548,3,9,4,7.2,0.0,Saturday,08:16,8.3,14.8,3.2
2549,7,11,2,6.9,0.0,Thursday,04:56,3.6,25.5,19.1
2550,11,19,5,7.1,2.0,Thursday,12:21,10.9,25.4,29.4
2551,19,24,4,7.0,0.0,Wednesday,12:59,13.1,6.6,41.4
2552,7,11,3,7.2,1.0,Wednesday,16:29,8.1,8.4,24.2
2553,10,13,3,2.0,1.0,Saturday,18:06,8.4,0.0,7.9
2554,7,12,5,6.7,0.0,Thursday,14:32,12.8,8.9,18.1
2555,9,13,4,3.2,1.0,Monday,12:47,10.7,4.2,13.2
2556,5,12,5,7.0,0.0,Sunday,10:23,7.9,4.4,9.5
2557,12,17,4,7.9,1.0,Sunday,20:58,13.1,21.6,33.5
2558,10,14,3,3.3,0.0,Thursday,14:52,6.9,14.2,15.7
2559,8,13,3,9.8,0.0,Friday,14:25,15.8,43.8,39.2
2560,3,6,3,7.0,1.0,Wednesday,06:07,5.4,8.5,12.3
2561,3,6,3,,0.0,Friday,12:09,3.9,18.2,15.3
2562,13,16,3,6.2,2.0,Friday,14:46,5.3,19.2,46.6
2563,7,12,5,4.3,0.0,Tuesday,12:19,11.3,20.2,10.5
2564,8,13,4,8.7,0.0,Friday,16:09,5.3,11.8,20.9
2565,15,21,5,6.5,0.0,Wednesday,13:30,11.6,0.0,24.1
2566,13,19,5,11.3,0.0,Thursday,18:12,12.2,20.3,44.2
2567,9,15,4,2.0,0.0,Monday,16:57,7.1,13.5,7.3
2568,7,13,4,3.8,1.0,Sunday,11:43,8.0,3.8,5.6
2569,10,14,4,7.3,1.0,Tuesday,12:04,9.9,19.0,29.4
2570,6,12,4,8.4,2.0,Saturday,00:54,10.0,11.0,21.1
2571,13,18,5,12.3,2.0,Thursday,19:48,11.7,30.3,59.2
2572,6,11,4,7.2,2.0,Friday,06:15,4.0,10.8,18.7
2573,7,11,3,5.8,0.0,Friday,09:32,5.0,14.8,17.1
2574,7,13,6,5.6,0.0,Sunday,13:37,6.0,9.9,11.1
2575,3,9,5,2.0,,Monday,08:59,7.4,0.0,0.2
2576,11,16,5,8.2,2.0,Tuesday,19:14,11.3,16.3,31.6
2577,14,19,3,7.1,0.0,Tuesday,20:20,8.2,13.2,42.7
2578,4,6,2,2.5,0.0,Thursday,09:25,9.9,10.5,8.9
2579,7,13,5,7.8,0.0,Tuesday,14:35,4.2,,20.0
2580,11,18,3,3.3,1.0,Thursday,21:28,6.8,6.3,15.4
2581,10,15,5,6.3,1.0,Monday,08:57,12.9,7.5,20.2
2582,13,17,4,8.0,1.0,Saturday,14:16,10.0,14.7,43.0
2583,8,11,3,9.5,1.0,Saturday,21:21,10.0,17.3,35.5
2584,6,12,4,6.5,1.0,Tuesday,09:28,13.0,15.2,15.7
2585,13,17,2,6.1,2.0,Tuesday,20:28,13.0,25.0,54.4
2586,6,10,3,12.3,0.0,Wednesday,08:26,5.6,38.1,25.9
2587,9,14,4,6.9,1.0,Wednesday,16:31,8.8,10.6,22.7
2588,9,11,2,6.2,0.0,Sunday,02:51,7.8,16.4,18.8
2589,5,10,4,11.3,1.0,Wednesday,10:39,9.2,12.0,23.7
2590,12,15,3,10.4,1.0,Tuesday,18:51,4.5,34.0,60.2
2591,21,26,4,5.5,0.0,Friday,17:37,12.1,16.9,41.2
2592,9,17,5,5.6,1.0,Friday,07:31,10.5,8.8,17.2
2593,8,12,3,,1.0,Wednesday,08:05,6.7,3.2,13.0
2594,8,12,2,11.1,1.0,Wednesday,11:47,4.0,28.5,61.6
2595,7,13,6,6.6,2.0,Friday,13:12,10.9,20.1,21.9
2596,6,11,5,8.2,0.0,Friday,05:11,5.9,15.3,11.2
2597,7,13,5,3.9,1.0,Saturday,17:59,,8.3,7.1
2598,9,15,5,6.4,0.0,Tuesday,16:18,5.2,19.7,15.7
2599,6,12,3,8.1,0.0,Sunday,23:59,4.6,9.7,10.8
2600,11,18,5,2.0,0.0,Wednesday,21:49,8.3,2.3,5.4
2601,14,19,4,7.7,0.0,Monday,16:01,12.9,11.8,37.9
2602,7,11,3,2.0,0.0,Wednesday,09:38,5.4,3.3,7.2
2603,6,9,3,4.9,3.0,Tuesday,20:41,10.0,12.9,23.7
2604,5,8,2,3.3,0.0,Thursday,11:55,4.1,8.3,10.8
2605,6,14,6,2.0,2.0,Friday,14:47,,6.3,37.8
2606,9,14,4,7.1,0.0,Sunday,07:23,1.2,5.7,16.8
2607,4,8,3,4.8,0.0,Saturday,13:27,7.7,3.0,10.2
2608,12,17,5,5.5,1.0,Saturday,07:07,10.3,0.8,18.8
2609,7,12,4,8.4,1.0,Wednesday,21:54,6.5,16.4,54.0
2610,8,16,4,7.1,0.0,Friday,07:22,12.1,0.0,16.3
2611,2,6,4,10.3,1.0,Saturday,08:46,5.4,30.1,15.0
2612,8,10,1,12.4,0.0,Sunday,05:15,3.5,57.1,68.0
2613,9,13,4,10.4,0.0,Monday,20:23,10.1,15.7,30.2
2614,4,7,3,6.8,0.0,Tuesday,21:10,3.5,4.4,10.2
2615,13,15,2,6.6,0.0,Wednesday,18:58,9.8,34.3,57.5
2616,10,15,4,12.1,0.0,Tuesday,07:34,16.5,32.7,38.2
2617,11,14,2,2.4,0.0,Sunday,09:02,3.1,1.3,11.5
2618,5,10,5,9.4,0.0,Saturday,07:39,7.2,4.9,10.0
2619,5,11,4,3.2,0.0,Thursday,08:27,8.0,0.0,1.6
2620,9,15,5,10.6,1.0,Wednesday,15:17,10.5,8.5,27.8
2621,10,16,4,3.6,0.0,Wednesday,11:55,15.0,0.7,15.5
2622,6,10,3,9.7,2.0,Friday,13:05,9.7,41.4,49.1
2623,4,8,4,9.7,0.0,Thursday,08:50,7.2,18.8,11.4
2624,9,14,4,11.9,0.0,Saturday,10:44,7.0,31.2,38.7
2625,5,9,4,5.2,0.0,Saturday,18:08,7.7,15.3,9.6
2626,5,12,6,9.1,1.0,Thursday,13:53,14.1,20.7,19.3
2627,10,17,4,6.8,2.0,Saturday,19:04,10.6,17.9,34.7
2628,9,14,4,7.8,0.0,Monday,11:44,10.5,28.6,29.2
2629,6,8,2,6.4,1.0,Thursday,08:36,2.1,26.3,22.5
2630,6,10,3,3.0,0.0,Monday,04:23,3.5,1.0,2.0
2631,4,11,5,11.0,2.0,Monday,15:40,15.7,19.4,23.2
2632,17,21,4,6.7,1.0,Friday,12:53,10.9,12.9,48.0
2633,7,11,4,8.3,0.0,Tuesday,21:03,,10.3,14.7
2634,8,13,4,6.9,2.0,Wednesday,20:07,10.1,0.0,25.3
2635,10,14,4,6.8,2.0,Tuesday,11:35,9.4,18.6,29.4
2636,6,10,3,9.0,2.0,Sunday,17:06,7.2,15.9,29.2
2637,5,11,5,10.1,1.0,Thursday,07:40,5.1,7.0,15.2
2638,3,6,3,7.8,0.0,Wednesday,21:22,4.6,17.2,7.6
2639,8,14,5,6.9,1.0,Tuesday,09:22,9.4,2.7,17.2
2640,5,11,4,5.3,1.0,Sunday,08:41,5.3,3.9,11.5
2641,11,15,3,8.7,0.0,Tuesday,12:20,7.2,26.4,42.9
2642,8,11,3,6.0,0.0,Sunday,21:27,3.5,0.0,11.3
2643,8,11,3,9.1,0.0,Monday,08:34,9.1,18.5,28.1
2644,10,15,4,5.1,0.0,Friday,09:06,10.1,7.4,14.8
2645,10,15,3,3.3,0.0,Wednesday,14:42,10.8,20.8,15.0
2646,19,25,5,6.7,0.0,Monday,14:21,10.7,6.5,38.9
2647,7,12,3,6.4,0.0,Tuesday,08:31,6.2,14.9,12.8
2648,8,13,4,8.0,0.0,Thursday,17:02,7.8,7.7,26.2
2649,7,9,1,8.4,2.0,Monday,12:32,7.1,59.5,102.7
2650,9,13,4,6.6,1.0,Thursday,13:05,9.6,16.1,27.2
2651,6,10,4,6.6,0.0,Thursday,21:01,3.7,,12.2
2652,9,14,3,6.6,0.0,Saturday,12:03,13.3,2.1,31.3
2653,5,8,3,8.4,0.0,Tuesday,08:25,10.7,12.6,17.4
2654,9,14,2,4.6,1.0,Thursday,14:31,11.3,15.4,31.7
2655,11,18,5,6.3,3.0,Monday,09:16,6.2,6.5,28.8
2656,11,14,2,6.2,0.0,Monday,14:38,17.7,33.8,54.5
2657,13,19,5,9.2,0.0,Monday,17:35,6.7,21.7,34.6
2658,9,16,5,10.2,0.0,Monday,14:58,9.4,25.3,43.3
2659,3,5,2,6.1,0.0,Thursday,18:48,5.5,26.0,12.7
2660,9,12,3,,0.0,Thursday,11:43,6.9,22.3,30.6
2661,3,8,4,3.6,0.0,Wednesday,09:17,7.6,0.0,0.0
2662,14,21,6,,0.0,Saturday,08:35,6.1,2.3,9.8
2663,8,13,4,7.5,0.0,Monday,07:17,6.5,3.3,17.2
2664,7,12,5,2.2,2.0,Tuesday,09:59,5.6,0.0,7.1
2665,7,12,4,8.6,1.0,Tuesday,10:48,,15.7,22.7
2666,12,16,4,,0.0,Thursday,17:37,11.4,18.6,44.0
2667,9,12,3,9.6,1.0,Wednesday,14:09,11.9,18.0,42.8
2668,5,10,4,,1.0,Tuesday,13:30,12.0,19.9,23.3
2669,12,16,3,9.2,0.0,Sunday,07:36,8.8,21.3,37.8
2670,8,15,4,6.8,0.0,Tuesday,18:28,8.6,10.1,19.5
2671,6,10,3,9.0,2.0,Saturday,17:27,10.3,30.5,37.5
2672,5,12,5,7.9,0.0,Monday,19:36,5.1,7.3,15.1
2673,11,16,4,,0.0,Thursday,14:58,7.5,,39.1
2674,15,24,6,7.5,2.0,Sunday,07:05,9.2,7.7,23.6
2675,3,6,3,10.0,0.0,Sunday,19:59,10.4,24.0,13.1
2676,5,8,3,7.7,0.0,Monday,16:54,8.4,24.6,21.5
2677,7,10,3,7.5,1.0,Tuesday,05:20,1.3,11.1,15.6
2678,11,16,2,7.6,0.0,Monday,13:55,8.2,29.1,68.8
2679,13,20,5,3.7,2.0,Saturday,11:08,7.3,0.0,21.5
2680,11,15,4,11.1,0.0,Wednesday,18:02,11.4,13.6,39.0
2681,12,17,5,6.9,1.0,Sunday,18:31,8.2,14.4,21.7
2682,10,16,5,2.0,0.0,Monday,10:25,10.0,0.0,9.4
2683,13,18,5,9.9,1.0,Saturday,15:50,11.4,14.2,42.1
2684,6,10,4,4.1,2.0,Tuesday,07:27,7.9,7.2,7.7
2685,12,17,4,5.9,0.0,Thursday,18:02,8.1,20.7,25.2
2686,8,13,5,7.9,1.0,Tuesday,09:11,5.5,4.7,21.1
2687,12,14,2,10.8,0.0,Thursday,07:20,10.8,57.7,69.3
2688,10,15,5,3.2,0.0,Sunday,14:03,8.4,0.0,8.3
2689,7,12,5,7.1,0.0,Thursday,19:22,10.8,12.3,13.3
2690,7,11,2,8.6,1.0,Saturday,09:43,7.1,13.6,44.6
2691,12,21,6,6.9,1.0,Thursday,16:29,8.4,,18.3
2692,4,10,4,7.7,0.0,Wednesday,05:58,9.5,20.7,9.0
2693,8,11,2,7.4,0.0,Tuesday,23:10,7.5,13.6,24.8
2694,10,15,5,8.9,2.0,Friday,13:48,13.1,11.4,33.8
2695,4,9,2,5.6,1.0,Sunday,16:04,10.9,21.3,15.5
2696,10,15,5,9.3,1.0,Saturday,18:15,7.2,17.8,33.3
2697,5,11,5,13.3,1.0,Friday,10:47,10.6,23.5,23.4
2698,17,20,3,5.7,0.0,Sunday,11:08,13.0,2.8,35.1
2699,4,8,3,4.2,1.0,Wednesday,15:15,10.2,1.6,11.3
2700,11,17,6,11.7,0.0,Saturday,12:26,,12.1,36.6
2701,2,5,3,10.5,1.0,Thursday,09:04,11.0,27.8,14.4
2702,7,11,4,5.7,1.0,Tuesday,07:41,6.4,8.8,15.2
2703,12,19,4,6.8,2.0,Monday,10:46,13.2,15.5,36.8
2704,4,9,3,3.6,0.0,Wednesday,17:09,4.4,5.3,2.3
2705,4,8,3,13.9,,Sunday,14:52,9.5,34.4,29.7
2706,5,8,3,5.5,1.0,Monday,12:16,9.3,27.7,22.3
2707,10,13,3,10.3,2.0,Sunday,16:46,4.0,10.5,48.4
2708,10,14,4,7.6,2.0,Saturday,16:06,9.0,21.9,40.3
2709,5,7,2,13.2,2.0,Thursday,22:09,2.1,33.6,44.1
2710,19,26,6,8.0,0.0,Saturday,13:55,18.3,8.9,41.3
2711,13,19,5,9.1,0.0,Monday,19:59,12.1,17.8,35.0
2712,3,5,2,8.2,1.0,Friday,02:34,1.0,21.2,13.5
2713,15,17,2,8.4,2.0,Wednesday,15:30,5.0,28.4,81.8
2714,8,17,5,6.4,2.0,Monday,18:14,9.9,13.9,24.5
2715,10,16,5,8.7,0.0,Thursday,09:18,6.7,7.3,14.1
2716,7,13,4,9.9,,Thursday,12:09,5.0,14.8,25.0
2717,10,17,5,7.3,0.0,Thursday,09:46,6.5,14.0,19.9
2718,7,11,4,6.6,1.0,Thursday,13:03,11.0,14.2,21.9
2719,3,8,5,9.7,0.0,Thursday,11:24,6.5,16.7,8.9
2720,9,13,4,6.0,0.0,Tuesday,13:19,11.4,21.1,19.9
2721,6,10,3,8.0,1.0,Friday,13:57,11.5,25.6,30.7
2722,10,14,4,6.5,3.0,Monday,18:11,14.6,7.2,34.6
2723,10,15,3,12.7,2.0,Monday,10:53,9.8,48.9,64.5
2724,13,17,4,5.2,1.0,Saturday,12:49,11.8,0.0,32.2
2725,10,16,6,6.1,0.0,Friday,16:17,7.2,17.7,15.1
2726,3,6,2,9.8,0.0,Wednesday,05:43,4.9,27.2,14.0
2727,10,13,3,8.4,0.0,Monday,16:17,7.6,23.9,37.1
2728,2,6,2,,0.0,Tuesday,11:37,4.1,21.9,13.9
2729,11,17,5,6.9,0.0,Monday,08:26,1.9,13.4,18.0
2730,6,8,2,4.6,1.0,Friday,09:26,0.6,0.0,17.3
2731,4,10,4,7.0,1.0,Friday,09:56,5.9,17.8,15.3
2732,3,6,3,8.5,1.0,Wednesday,02:47,3.1,19.3,13.5
2733,2,4,2,5.8,0.0,Saturday,08:07,8.0,22.7,31.6
2734,10,17,4,9.4,2.0,Tuesday,13:51,11.7,14.5,46.5
2735,4,7,3,6.4,1.0,Sunday,13:44,7.3,15.0,13.5
2736,3,9,4,5.1,1.0,Wednesday,00:21,4.5,0.0,7.0
2737,5,11,3,7.4,0.0,Tuesday,03:27,,19.2,11.5
2738,5,9,4,7.3,1.0,Monday,15:30,7.0,8.8,9.2
2739,15,18,2,,1.0,Wednesday,20:29,9.9,19.6,69.3
2740,12,16,4,8.7,0.0,Friday,16:22,11.4,26.2,38.4
2741,12,18,5,10.2,0.0,Wednesday,18:29,8.7,12.4,33.4
2742,3,7,2,6.2,0.0,Wednesday,10:38,4.0,25.7,12.3
2743,8,12,3,9.5,1.0,Wednesday,01:49,3.0,13.3,23.2
2744,8,13,4,8.1,0.0,Thursday,15:22,12.3,23.0,18.2
2745,17,23,5,6.6,3.0,Monday,13:02,15.2,6.2,44.3
2746,10,14,2,9.8,0.0,Wednesday,17:56,10.1,30.2,66.7
2747,4,8,3,6.6,0.0,Tuesday,07:40,7.1,18.4,10.5
2748,8,11,3,10.5,1.0,Wednesday,08:03,7.5,10.2,35.8
2749,17,24,6,4.4,1.0,Monday,11:55,14.1,2.8,22.5
2750,12,16,4,10.0,0.0,Friday,18:37,4.9,23.0,46.1
2751,14,19,3,11.4,2.0,Friday,15:26,11.8,32.1,82.7
2752,14,20,4,8.3,0.0,Sunday,18:21,14.2,12.3,36.5
2753,5,9,3,8.8,1.0,Sunday,10:08,6.1,22.9,22.0
2754,12,18,3,9.7,0.0,Sunday,09:56,,20.0,41.5
2755,4,11,5,8.1,1.0,Tuesday,14:58,7.9,12.6,12.1
2756,8,13,2,8.8,1.0,Friday,05:19,4.8,5.2,36.2
2757,6,11,3,5.9,0.0,Thursday,05:54,1.5,13.5,7.3
2758,8,12,3,12.7,0.0,Saturday,08:55,8.0,23.9,41.0
2759,6,9,3,4.6,0.0,Tuesday,20:11,7.5,20.2,14.0
2760,4,8,4,3.9,1.0,Tuesday,13:58,2.1,9.1,3.7
2761,12,17,4,7.2,2.0,Thursday,19:21,10.3,14.4,36.5
2762,4,8,3,9.7,0.0,Tuesday,05:23,2.9,21.2,7.7
2763,6,12,4,6.9,0.0,Thursday,11:31,8.4,,12.3
2764,7,11,3,8.2,3.0,Wednesday,07:34,3.7,22.4,34.2
2765,9,13,4,8.2,1.0,Thursday,09:29,9.0,12.3,25.2
2766,11,15,3,6.9,2.0,Sunday,09:16,5.4,24.3,32.7
2767,9,12,3,5.1,0.0,Wednesday,16:06,10.4,16.3,19.8
2768,9,12,3,11.3,0.0,Thursday,03:08,6.4,22.4,27.2
2769,12,17,5,7.9,1.0,Wednesday,18:51,12.5,16.2,27.5
2770,5,12,5,8.0,1.0,Sunday,15:56,4.0,13.5,11.3
2771,8,10,2,7.2,0.0,Wednesday,10:02,10.6,43.7,40.4
2772,6,10,4,,0.0,Saturday,23:47,8.0,3.6,9.8
2773,7,13,4,7.6,1.0,Saturday,12:07,10.7,12.7,30.3
2774,3,8,5,10.9,0.0,Sunday,16:58,10.6,9.4,3.9
2775,10,14,4,10.6,0.0,Sunday,20:34,7.7,10.7,27.4
2776,5,8,3,6.9,0.0,Friday,02:19,7.6,16.2,12.1
2777,11,17,4,5.0,2.0,Saturday,07:24,6.8,10.6,20.0
2778,4,10,5,2.8,0.0,Friday,15:03,,0.0,0.6
2779,7,11,3,6.7,0.0,Wednesday,16:00,11.3,10.2,33.8
2780,15,20,4,6.9,0.0,Thursday,19:39,16.4,13.8,38.4
2781,7,10,2,8.4,0.0,Thursday,08:59,6.6,29.0,30.3
2782,9,16,4,10.4,0.0,Tuesday,16:31,7.4,27.6,30.0
2783,11,18,5,8.9,3.0,Thursday,13:15,9.5,16.1,43.4
2784,4,9,4,4.4,0.0,Saturday,14:13,10.0,12.5,6.7
2785,7,10,3,5.3,2.0,Saturday,20:20,11.0,20.5,20.9
2786,10,14,4,10.1,1.0,Wednesday,11:34,2.9,18.7,42.6
2787,9,12,3,3.0,0.0,Saturday,20:05,5.7,11.8,13.9
2788,11,14,2,7.7,0.0,Sunday,08:56,7.4,28.2,41.4
2789,8,13,5,10.8,0.0,Friday,12:18,10.4,35.6,30.8
2790,3,7,4,6.6,1.0,Monday,23:23,8.0,8.1,8.3
2791,18,24,5,8.6,3.0,Monday,14:00,13.2,0.0,57.1
2792,20,27,6,6.6,2.0,Saturday,14:47,17.6,10.5,35.7
2793,9,14,5,11.0,0.0,Saturday,03:09,9.0,13.1,18.9
2794,12,18,5,8.9,0.0,Monday,08:00,9.2,11.8,24.8
2795,6,12,5,11.7,1.0,Monday,08:07,11.3,20.9,24.1
2796,5,12,4,9.0,0.0,Saturday,08:54,5.5,13.9,13.0
2797,12,16,4,8.8,0.0,Thursday,18:49,9.3,9.7,36.5
2798,10,14,4,3.1,1.0,Thursday,21:50,7.4,7.3,10.5
2799,6,12,3,7.6,1.0,Thursday,08:09,1.7,24.8,19.0
2800,8,13,4,5.1,1.0,Sunday,20:15,5.8,18.6,13.3
2801,8,14,4,15.6,0.0,Monday,08:50,9.9,31.8,40.0
2802,10,16,4,9.6,1.0,Saturday,12:01,8.7,21.7,43.9
2803,5,11,4,3.5,0.0,Tuesday,22:48,5.7,4.3,0.5
2804,10,16,5,9.1,3.0,Friday,07:36,7.2,12.9,38.3
2805,5,9,2,7.4,0.0,Thursday,00:40,6.0,21.3,17.3
2806,14,19,3,12.0,0.0,Friday,13:58,8.6,30.6,88.5
2807,10,15,4,10.3,0.0,Tuesday,21:27,8.9,33.8,29.9
2808,4,7,3,11.3,0.0,Sunday,21:50,,27.4,19.9
2809,6,12,5,5.6,0.0,Saturday,10:11,8.9,3.1,8.0
2810,11,19,6,3.8,0.0,Sunday,19:43,8.6,10.8,8.3
2811,9,13,3,3.3,0.0,Saturday,15:24,9.8,15.9,14.2
2812,19,24,3,13.9,1.0,Saturday,11:05,7.8,55.3,137.9
2813,6,9,3,6.9,0.0,Saturday,21:59,3.5,4.5,14.9
2814,10,14,4,7.5,0.0,Wednesday,14:27,13.7,11.6,25.1
2815,9,15,5,7.2,0.0,Monday,10:25,5.7,10.3,13.9
2816,4,9,4,9.4,0.0,Sunday,13:51,4.4,18.1,11.4
2817,5,11,5,6.1,0.0,Thursday,07:52,8.2,0.0,11.8
2818,15,23,5,8.6,0.0,Wednesday,20:37,9.4,3.2,31.7
2819,7,11,4,10.1,0.0,Saturday,02:22,7.7,10.4,15.2
2820,8,12,3,11.3,3.0,Sunday,15:49,3.5,32.0,52.3
2821,12,18,5,8.1,0.0,Friday,17:41,6.5,2.4,25.8
2822,5,8,2,8.8,1.0,Wednesday,06:02,7.2,33.9,22.6
2823,3,8,4,9.2,0.0,Monday,07:48,5.7,9.6,7.0
2824,4,9,3,7.5,1.0,Tuesday,13:54,9.3,13.7,17.0
2825,4,10,4,4.2,1.0,Monday,21:57,6.4,3.4,5.6
2826,10,14,4,5.9,4.0,Tuesday,09:36,7.0,13.1,30.2
2827,13,18,5,8.7,3.0,Friday,13:50,10.3,21.5,45.1
2828,5,9,4,2.9,0.0,Thursday,07:15,3.6,9.1,5.1
2829,4,8,3,11.5,1.0,Friday,10:56,4.6,18.2,28.4
2830,6,12,4,7.3,0.0,Friday,13:08,10.1,15.5,18.0
2831,5,11,5,4.9,0.0,Tuesday,16:51,7.1,3.4,7.6
2832,11,14,3,5.8,1.0,Thursday,14:21,6.2,21.5,32.3
2833,5,9,3,9.4,0.0,Friday,03:59,5.7,15.9,18.9
2834,10,15,3,8.5,1.0,Wednesday,17:53,7.0,21.0,41.3
2835,5,10,3,5.5,0.0,Thursday,17:16,6.7,9.1,11.4
2836,10,15,2,7.8,0.0,Thursday,18:52,6.5,11.7,46.5
2837,6,14,5,6.7,0.0,Wednesday,09:57,7.5,0.0,9.2
2838,10,12,2,9.5,1.0,Tuesday,08:13,8.9,36.5,55.1
2839,12,19,5,9.4,0.0,Wednesday,14:16,8.8,7.8,28.9
2840,10,14,3,7.9,2.0,Saturday,08:55,10.8,19.9,39.1
2841,11,15,3,2.7,0.0,Sunday,10:47,7.8,0.0,8.2
2842,8,12,4,6.3,2.0,Tuesday,10:10,12.4,12.0,19.3
2843,7,12,4,7.9,1.0,Monday,14:48,13.2,16.8,26.7
2844,5,8,2,9.4,1.0,Sunday,07:41,6.3,49.8,30.1
2845,8,15,3,9.3,1.0,Saturday,06:59,6.8,20.0,33.8
2846,8,11,3,11.2,0.0,Thursday,19:01,10.8,26.5,41.4
2847,9,13,4,3.0,0.0,Saturday,09:54,11.4,2.4,7.5
2848,4,10,6,6.2,1.0,Wednesday,10:25,6.9,6.6,8.9
2849,8,16,3,7.1,2.0,Friday,23:09,3.4,22.5,26.1
2850,8,13,4,5.7,0.0,Saturday,20:53,9.3,19.3,18.1
2851,10,17,5,10.8,0.0,Thursday,12:12,12.3,12.5,34.5
2852,11,15,4,10.7,1.0,Wednesday,14:00,7.4,25.5,43.5
2853,4,9,4,,0.0,Monday,08:15,4.6,30.7,15.9
2854,10,15,5,7.7,0.0,Monday,14:25,9.6,0.0,20.1
2855,14,18,3,8.0,0.0,Saturday,07:36,11.4,0.5,41.5
2856,9,13,3,8.5,1.0,Saturday,09:56,8.2,20.7,34.1
2857,6,13,3,7.5,0.0,Sunday,21:17,7.8,11.1,15.7
2858,8,12,3,5.1,,Monday,07:41,9.3,3.5,26.1
2859,7,13,4,7.7,1.0,Monday,21:17,9.3,10.2,22.8
2860,11,14,3,8.5,0.0,Saturday,10:39,7.9,15.6,41.1
2861,8,14,4,7.4,1.0,Thursday,20:48,7.7,6.0,21.7
2862,10,15,5,2.2,2.0,Monday,15:21,10.5,0.0,8.9
2863,8,10,2,7.7,1.0,Tuesday,14:22,13.6,,55.2
2864,13,19,6,,2.0,Saturday,13:58,12.5,25.0,39.9
2865,6,11,4,9.9,0.0,Tuesday,18:32,7.6,31.0,23.6
2866,13,19,6,6.8,,Saturday,17:18,15.0,15.3,23.6
2867,7,13,5,9.3,1.0,Wednesday,13:27,12.4,20.9,27.2
2868,10,14,3,6.4,0.0,Monday,08:14,7.8,11.7,47.3
2869,12,16,3,9.6,1.0,Wednesday,02:09,8.2,20.4,38.5
2870,5,10,4,7.9,2.0,Sunday,21:47,12.2,4.7,15.7
2871,17,22,5,7.0,0.0,Friday,14:41,14.0,23.5,36.4
2872,4,10,3,8.1,0.0,Sunday,21:48,4.6,21.2,12.2
2873,10,13,3,9.5,1.0,Tuesday,17:08,4.8,21.8,49.9
2874,8,13,5,13.6,0.0,Saturday,11:03,9.1,23.3,31.9
2875,4,9,5,10.6,0.0,Sunday,08:53,5.9,20.3,9.8
2876,7,13,4,8.3,2.0,Saturday,17:06,8.3,11.5,28.9
2877,7,11,3,7.9,0.0,Wednesday,00:37,3.9,16.7,14.6
2878,10,15,5,9.3,2.0,Thursday,19:33,8.5,18.0,35.0
2879,9,15,4,3.5,2.0,Saturday,14:17,10.5,10.2,12.3
2880,7,11,4,8.1,0.0,Monday,21:17,11.9,17.6,21.6
2881,6,11,4,9.3,0.0,Wednesday,14:50,7.2,22.2,18.0
2882,11,17,4,12.6,1.0,Friday,16:23,7.3,16.7,52.3
2883,3,9,5,9.3,1.0,Wednesday,18:35,9.3,0.2,11.9
2884,7,17,5,9.8,0.0,Thursday,14:21,8.9,15.8,19.0
2885,10,14,4,,0.0,Friday,21:04,6.4,17.0,28.3
2886,6,11,4,11.5,0.0,Saturday,13:27,11.1,22.5,31.3
2887,9,12,2,11.2,1.0,Saturday,21:55,6.9,29.9,68.4
2888,15,18,3,6.3,1.0,Saturday,18:50,17.3,0.0,48.1
2889,16,19,3,9.1,2.0,Monday,19:25,10.5,36.9,76.4
2890,10,14,4,9.6,0.0,Thursday,09:48,9.4,13.6,25.1
2891,17,23,5,4.6,1.0,Saturday,13:25,10.2,10.5,27.8
2892,9,16,4,9.8,2.0,Tuesday,07:46,9.6,21.2,35.1
2893,10,14,4,5.3,0.0,Thursday,08:56,12.2,8.3,38.3
2894,8,12,4,8.4,0.0,Tuesday,16:50,4.2,18.9,18.1
2895,10,15,5,2.1,1.0,Saturday,20:28,12.3,2.2,10.6
2896,9,13,4,4.2,0.0,Monday,12:38,14.1,8.8,15.6
2897,4,10,5,8.7,1.0,Monday,15:33,5.0,0.0,10.5
2898,12,15,3,8.6,,Monday,11:49,13.8,26.8,62.2
2899,10,15,3,10.7,1.0,Sunday,08:54,2.8,27.2,40.1
2900,4,10,4,11.5,0.0,Thursday,09:44,10.7,12.1,13.4
2901,3,7,3,8.8,0.0,Wednesday,08:15,4.2,32.8,14.8
2902,9,14,3,9.4,1.0,Saturday,07:57,11.1,25.6,40.7
2903,16,20,3,6.8,1.0,Sunday,12:56,,15.3,46.5
2904,8,13,5,6.9,0.0,Tuesday,01:04,11.2,2.7,10.8
2905,12,17,3,10.8,0.0,Wednesday,16:20,6.5,31.1,52.5
2906,7,12,4,6.4,0.0,Wednesday,21:36,5.5,8.5,11.9
2907,9,13,4,6.8,1.0,Tuesday,09:24,5.7,4.5,19.8
2908,5,9,3,11.5,1.0,Wednesday,04:03,5.5,18.7,24.1
2909,6,12,5,4.7,0.0,Saturday,18:45,11.3,8.7,11.6
2910,9,16,5,5.5,0.0,Wednesday,21:23,8.7,11.0,8.1
2911,12,16,4,8.3,2.0,Sunday,11:40,13.0,14.6,36.7
2912,17,23,4,6.9,0.0,Friday,08:04,9.6,24.9,35.7
2913,1,5,3,7.9,1.0,Wednesday,17:45,4.7,26.3,11.1
2914,4,10,4,7.4,3.0,Monday,08:30,9.9,13.8,20.2
2915,5,8,2,9.1,0.0,Monday,03:48,6.9,13.1,23.1
2916,9,13,3,6.5,1.0,Wednesday,20:51,,6.2,25.5
2917,11,17,5,5.7,0.0,Monday,11:02,13.1,13.4,21.4
2918,6,12,6,10.0,0.0,Thursday,16:07,10.8,5.5,11.1
2919,10,16,4,6.9,1.0,Friday,12:10,10.2,11.1,29.4
2920,3,6,2,3.4,0.0,Wednesday,11:19,10.8,10.5,6.5
2921,8,13,5,9.2,1.0,Friday,15:13,9.3,19.4,25.5
2922,8,12,3,7.0,0.0,Sunday,20:34,7.8,9.2,20.8
2923,9,12,3,6.4,,Sunday,11:00,7.4,18.6,30.2
2924,16,23,5,7.0,0.0,Friday,17:42,11.5,23.2,32.5
2925,3,7,2,9.1,0.0,Tuesday,22:04,7.1,23.2,14.4
2926,8,13,4,7.1,1.0,Thursday,03:33,7.2,12.8,14.8
2927,11,14,3,6.2,2.0,Friday,20:59,10.3,11.4,37.6
2928,7,13,4,10.4,1.0,Monday,09:37,7.2,23.9,29.1
2929,15,20,5,7.9,0.0,Monday,11:30,12.0,18.6,33.6
2930,8,13,4,7.5,0.0,Sunday,10:12,6.4,19.9,20.2
2931,4,9,3,8.3,1.0,Friday,22:21,4.6,16.4,14.0
2932,7,11,3,7.6,0.0,Tuesday,07:58,8.4,19.2,19.8
2933,9,13,4,9.5,1.0,Friday,08:38,8.7,12.3,30.3
2934,10,15,3,8.5,0.0,Wednesday,21:07,8.0,13.7,32.2
2935,10,15,4,2.1,1.0,Tuesday,09:44,5.7,4.4,5.4
2936,7,12,4,3.1,1.0,Wednesday,19:05,8.0,7.0,9.7
2937,15,22,5,6.4,1.0,Saturday,10:54,14.1,9.8,28.8
2938,12,16,3,6.1,0.0,Wednesday,07:57,7.2,9.0,22.2
2939,3,7,2,4.8,0.0,Sunday,00:29,3.9,7.7,5.3
2940,12,18,5,9.5,1.0,Monday,13:27,12.6,0.0,41.3
2941,9,12,3,,0.0,Tuesday,11:12,9.8,24.8,42.0
2942,10,14,3,6.0,0.0,Sunday,11:29,9.0,30.2,24.4
2943,6,12,5,6.8,0.0,Thursday,21:56,8.0,15.5,13.1
2944,8,15,4,8.0,1.0,Thursday,00:57,2.7,0.3,17.7
2945,6,8,2,6.6,1.0,Sunday,23:47,,11.2,18.3
2946,9,16,6,6.6,0.0,Thursday,12:47,7.7,10.9,13.5
2947,5,12,5,11.4,1.0,Sunday,16:50,7.6,12.1,18.3
2948,5,8,2,4.8,0.0,Monday,08:03,8.5,,15.8
2949,4,9,5,7.1,0.0,Wednesday,11:03,5.4,6.9,3.4
2950,6,10,4,7.7,0.0,Friday,03:40,7.1,10.3,9.0
2951,14,18,4,7.0,0.0,Wednesday,16:55,10.3,12.2,32.1
2952,8,15,6,13.6,1.0,Tuesday,14:20,10.8,13.7,34.6
2953,6,12,4,10.4,0.0,Tuesday,10:58,6.7,0.0,16.6
2954,2,5,3,2.6,0.0,Wednesday,16:57,3.9,,3.7
2955,14,19,5,10.9,,Tuesday,13:43,10.9,14.9,51.4
2956,3,8,3,10.4,0.0,Sunday,08:19,9.5,23.4,15.4
2957,3,7,4,5.5,0.0,Tuesday,09:19,10.2,20.4,8.7
2958,5,9,3,12.7,0.0,Sunday,03:07,8.4,8.9,14.8
2959,12,15,3,9.0,0.0,Wednesday,15:36,10.9,41.9,46.8
2960,5,10,5,4.4,1.0,Tuesday,14:21,6.7,7.8,8.4
2961,5,9,3,,0.0,Wednesday,03:13,7.0,0.0,1.7
2962,2,7,3,5.9,0.0,Wednesday,08:06,4.5,14.8,5.8
2963,13,20,6,10.0,0.0,Sunday,15:28,9.7,13.9,25.9
2964,10,17,6,5.5,1.0,Wednesday,17:33,12.7,11.9,15.2
2965,11,19,6,10.1,2.0,Monday,07:28,8.8,9.4,31.5
2966,5,12,4,4.7,3.0,Sunday,14:16,5.3,6.5,15.4
2967,4,7,3,9.8,2.0,Thursday,20:43,10.7,26.0,28.0
2968,10,16,4,2.0,1.0,Wednesday,12:10,7.7,4.0,7.3
2969,4,8,3,9.5,0.0,Wednesday,14:37,10.9,31.4,20.0
2970,4,7,2,9.5,0.0,Thursday,18:28,11.2,34.8,28.5
2971,6,10,3,5.2,0.0,Thursday,10:55,4.6,11.3,10.0
2972,6,11,5,7.7,0.0,Thursday,12:09,5.7,11.9,14.3
2973,9,13,3,4.0,1.0,Wednesday,14:43,5.4,1.7,17.1
2974,8,14,4,9.3,1.0,Friday,03:31,9.0,8.8,19.4
2975,10,16,6,2.4,2.0,Wednesday,18:44,11.4,9.1,10.4
2976,5,11,3,,2.0,Sunday,04:04,3.4,8.2,15.1
2977,9,14,5,13.3,1.0,Thursday,13:51,9.6,25.2,40.0
2978,12,18,5,7.1,1.0,Thursday,19:58,10.6,13.9,24.7
2979,7,13,5,8.3,0.0,Wednesday,12:44,9.7,17.2,14.7
2980,6,10,4,6.7,1.0,Thursday,19:25,5.6,3.5,16.4
2981,9,13,4,12.0,0.0,Tuesday,10:38,10.4,12.7,34.8
2982,6,11,5,6.4,0.0,Saturday,05:33,2.3,7.4,7.7
2983,7,12,4,7.9,0.0,Sunday,14:47,7.0,10.9,16.2
2984,5,10,4,5.6,1.0,Thursday,17:40,7.2,16.5,12.8
2985,13,18,5,8.5,1.0,Tuesday,09:47,12.2,9.1,31.9
2986,10,15,4,6.3,1.0,Sunday,17:21,9.7,11.6,20.6
2987,7,13,5,5.0,,Saturday,18:42,4.2,16.4,17.0
2988,12,17,3,5.0,0.0,Thursday,11:59,8.4,12.5,26.4
2989,10,16,5,5.2,1.0,Thursday,20:24,8.6,0.7,16.5
2990,7,8,1,7.1,1.0,Tuesday,02:05,9.2,30.4,44.5
2991,17,21,3,9.0,0.0,Wednesday,11:27,11.6,27.9,66.0
2992,5,8,3,2.0,0.0,Monday,10:12,5.4,2.4,6.1
2993,8,13,5,10.0,0.0,Thursday,18:00,13.7,26.1,29.6
2994,5,11,5,6.8,1.0,Thursday,14:41,11.4,13.7,11.9
2995,14,17,3,8.5,0.0,Sunday,11:28,11.5,13.7,44.9
2996,10,15,4,4.8,0.0,Tuesday,13:04,9.4,11.7,19.8
2997,6,12,5,10.0,0.0,Sunday,18:02,6.8,18.9,17.6
2998,9,14,4,3.9,2.0,Thursday,20:42,14.2,12.4,19.4
2999,11,16,4,8.6,0.0,Monday,16:23,12.4,20.5,34.1
3000,11,13,2,6.5,1.0,Tuesday,08:16,9.8,24.1,41.1
3001,8,12,3,6.7,1.0,Saturday,11:37,15.7,26.4,33.1
3002,8,13,4,5.8,0.0,Thursday,14:25,11.7,10.7,18.7
3003,6,11,4,3.0,1.0,Wednesday,08:03,11.1,9.3,3.3
3004,14,18,4,7.9,0.0,Monday,18:31,12.7,17.0,43.1
3005,12,19,6,14.3,1.0,Monday,13:07,8.2,24.0,50.6
3006,9,15,5,7.7,0.0,Saturday,19:38,12.7,6.3,25.5
3007,5,8,2,4.1,0.0,Monday,13:17,11.6,19.6,19.7
3008,3,9,2,11.4,0.0,Wednesday,16:12,5.1,30.6,18.1
3009,4,7,3,3.0,0.0,Saturday,00:41,8.5,0.0,6.0
3010,9,13,4,10.0,1.0,Friday,13:19,13.6,12.4,38.5
3011,8,11,3,11.9,0.0,Sunday,11:55,6.9,28.3,37.5
3012,12,16,4,8.4,0.0,Friday,15:02,9.5,21.5,71.9
3013,7,12,4,3.9,0.0,Wednesday,19:15,9.1,12.4,11.1
3014,8,13,4,7.3,0.0,Saturday,16:39,10.7,6.5,21.5
3015,9,15,4,7.7,1.0,Wednesday,17:11,13.0,6.1,26.6
3016,13,18,2,8.9,1.0,Monday,09:20,3.5,36.3,74.6
3017,12,15,3,6.6,0.0,Sunday,20:58,8.3,12.1,29.0
3018,7,12,4,9.8,0.0,Sunday,14:52,5.2,19.2,18.3
3019,5,9,4,6.9,1.0,Sunday,12:25,6.2,16.1,13.3
3020,16,20,4,8.1,0.0,Saturday,17:46,13.9,13.2,51.4
3021,5,7,1,5.3,0.0,Wednesday,18:42,4.5,65.0,39.6
3022,9,14,4,8.8,1.0,Saturday,10:44,7.2,11.8,31.1
3023,9,14,4,6.6,2.0,Sunday,20:24,3.7,6.1,19.4
3024,4,7,2,6.1,2.0,Sunday,20:27,4.2,29.9,21.7
3025,14,19,4,7.1,0.0,Wednesday,19:53,11.3,18.0,30.9
3026,12,18,4,9.7,1.0,Saturday,13:40,16.1,41.5,52.6
3027,11,16,4,,0.0,Tuesday,13:21,8.9,21.6,38.6
3028,16,22,4,6.7,0.0,Friday,12:06,7.5,19.2,41.4
3029,3,6,3,8.7,0.0,Sunday,17:05,11.1,31.0,14.3
3030,4,6,2,4.8,0.0,Wednesday,18:01,5.2,20.7,16.9
3031,7,11,3,3.7,0.0,Thursday,08:51,7.0,0.0,6.4
3032,14,19,4,7.8,1.0,Saturday,12:59,12.7,19.3,47.5
3033,9,14,5,6.2,0.0,Sunday,18:04,8.1,0.0,15.9
3034,8,11,3,7.3,1.0,Sunday,20:02,8.2,,26.9
3035,16,23,4,2.6,0.0,Saturday,16:08,12.3,11.5,19.6
3036,9,13,3,6.3,0.0,Saturday,00:36,6.8,7.9,18.1
3037,5,10,3,8.5,0.0,Sunday,17:01,9.3,17.2,18.5
3038,9,15,3,7.9,0.0,Tuesday,19:42,8.7,11.4,31.8
3039,5,9,3,7.2,1.0,Tuesday,21:02,6.5,11.8,21.5
3040,4,11,6,5.4,1.0,Thursday,18:22,11.9,14.5,8.4
3041,17,23,6,6.9,1.0,Thursday,11:56,9.0,0.0,26.9
3042,11,15,4,8.1,0.0,Monday,18:29,12.3,14.1,35.6
3043,12,16,4,8.8,1.0,Thursday,13:05,8.5,6.2,44.8
3044,2,6,4,6.3,0.0,Wednesday,03:08,5.2,12.0,3.2
3045,9,12,3,5.5,1.0,Saturday,15:23,13.6,5.3,26.0
3046,8,14,4,8.0,1.0,Sunday,21:25,8.7,13.2,21.8
3047,5,8,3,9.7,0.0,Sunday,20:27,8.0,20.3,18.5
3048,15,19,4,,1.0,Friday,13:22,12.0,14.7,36.7
3049,7,14,5,9.1,0.0,Saturday,15:49,,5.9,18.9
3050,9,13,3,5.4,0.0,Thursday,20:27,11.2,16.0,21.4
3051,9,15,5,7.4,1.0,Wednesday,19:35,16.9,19.3,23.7
3052,11,19,4,6.9,1.0,Tuesday,12:41,9.8,25.1,31.8
3053,16,19,2,7.7,1.0,Thursday,13:06,11.8,,92.7
3054,14,21,4,5.5,0.0,Monday,13:06,12.7,11.3,28.6
3055,7,11,4,5.4,,Saturday,08:25,10.0,15.3,13.9
3056,14,18,3,5.1,1.0,Friday,12:45,10.4,6.7,38.4
3057,6,11,4,5.2,3.0,Tuesday,10:10,8.9,3.1,17.1
3058,12,17,4,8.2,0.0,Saturday,09:31,10.0,19.6,30.8
3059,5,9,4,5.5,0.0,Wednesday,11:17,7.7,3.2,13.6
3060,10,12,2,11.3,1.0,Thursday,13:22,7.3,48.1,87.9
3061,9,14,5,5.7,0.0,Tuesday,16:30,10.5,16.2,13.2
3062,13,20,6,7.1,0.0,Saturday,13:17,12.5,,24.6
3063,3,8,4,8.5,0.0,Tuesday,16:31,4.9,17.3,10.2
3064,8,11,3,6.9,0.0,Friday,16:31,8.9,28.2,24.6
3065,14,21,4,4.5,1.0,Saturday,10:44,,2.8,25.3
3066,9,13,4,10.2,2.0,Thursday,11:32,12.3,27.7,39.6
3067,14,19,4,15.5,0.0,Tuesday,12:00,12.9,45.5,77.9
3068,8,13,3,,1.0,Sunday,10:58,8.9,15.6,20.4
3069,15,19,3,6.7,0.0,Monday,09:41,4.5,9.8,34.9
3070,11,16,5,7.7,1.0,Monday,09:54,9.9,9.7,28.2
3071,8,11,3,7.0,0.0,Wednesday,21:12,8.1,5.0,19.3
3072,10,16,3,3.8,0.0,Monday,12:33,11.5,7.6,20.3
3073,11,17,5,3.8,1.0,Wednesday,17:26,8.1,13.5,11.9
3074,11,16,4,13.4,0.0,Monday,11:23,10.2,38.7,50.4
3075,5,9,3,3.4,0.0,Monday,02:53,6.6,2.6,5.3
3076,8,14,5,8.0,0.0,Monday,18:17,8.5,23.5,24.4
3077,10,14,3,6.5,0.0,Thursday,18:27,9.5,23.1,33.7
3078,6,10,3,7.1,0.0,Sunday,16:01,7.9,10.5,16.1
3079,16,23,6,5.6,0.0,Friday,17:23,11.5,10.0,20.7
3080,12,18,4,9.3,1.0,Monday,19:23,12.8,19.8,51.8
3081,7,10,3,13.0,0.0,Monday,16:49,7.6,32.8,42.1
3082,10,14,4,6.1,0.0,Monday,12:27,7.7,11.2,56.4
3083,11,16,4,4.0,0.0,Monday,09:34,8.3,5.1,14.4
3084,11,15,3,5.5,1.0,Tuesday,12:26,11.1,21.0,35.7
3085,10,13,3,8.9,2.0,Tuesday,19:30,12.6,24.6,54.2
3086,5,9,3,4.6,0.0,Saturday,10:34,12.9,29.0,14.2
3087,12,17,5,6.2,1.0,Saturday,12:59,10.0,21.4,27.7
3088,16,21,3,6.0,2.0,Saturday,10:42,10.6,14.5,47.4
3089,11,14,3,8.7,3.0,Saturday,13:00,11.8,29.0,64.1
3090,4,10,4,3.8,,Wednesday,04:02,2.1,5.1,4.0
3091,14,18,3,9.1,0.0,Tuesday,18:06,12.0,17.0,56.1
3092,11,16,4,3.6,0.0,Friday,20:06,12.3,14.7,52.9
3093,16,23,4,7.5,1.0,Monday,16:06,12.4,5.7,45.7
3094,9,15,5,5.6,0.0,Thursday,10:16,11.9,9.5,10.4
3095,12,16,4,7.3,0.0,Thursday,09:18,9.0,15.5,20.7
3096,10,15,4,4.7,3.0,Wednesday,09:15,4.8,4.7,24.0
3097,15,23,5,12.7,0.0,Wednesday,14:14,10.8,9.5,46.1
3098,9,15,3,10.1,1.0,Monday,20:12,12.3,20.4,47.5
3099,7,12,4,10.1,2.0,Thursday,03:50,4.6,10.1,24.7
3100,9,13,3,12.7,1.0,Wednesday,09:23,9.8,30.0,49.7
3101,8,11,2,10.9,0.0,Thursday,17:20,5.4,39.7,61.3
3102,5,11,5,7.1,0.0,Friday,20:52,10.8,22.5,11.8
3103,6,13,4,7.4,0.0,Thursday,20:20,8.7,18.8,13.0
3104,5,9,3,7.2,1.0,Thursday,13:32,5.1,21.8,21.5
3105,18,22,3,11.7,1.0,Saturday,19:52,8.8,35.1,111.4
3106,17,22,4,7.5,0.0,Tuesday,11:10,13.6,7.1,70.5
3107,10,15,4,5.0,3.0,Sunday,18:24,9.0,13.6,23.2
3108,6,8,2,8.6,1.0,Saturday,05:52,9.5,16.1,32.9
3109,9,16,5,6.1,0.0,Saturday,14:30,9.9,2.8,14.8
3110,10,13,3,9.5,0.0,Thursday,09:33,7.8,24.7,35.2
3111,6,12,4,6.5,0.0,Sunday,07:08,5.2,7.3,8.7
3112,4,9,3,7.4,1.0,Tuesday,08:21,2.7,14.4,16.6
3113,9,15,4,9.9,2.0,Sunday,18:46,9.7,23.4,37.9
3114,6,9,3,7.5,1.0,Saturday,20:07,7.4,13.2,27.8
3115,4,9,4,,0.0,Monday,10:15,6.6,25.8,15.2
3116,11,16,4,4.6,0.0,Friday,11:45,13.9,0.4,15.6
3117,9,15,4,9.1,1.0,Wednesday,14:15,8.4,13.4,31.5
3118,4,7,3,5.2,2.0,Friday,08:11,6.6,6.9,15.1
3119,5,9,4,8.0,2.0,Sunday,09:47,3.8,16.1,20.0
3120,9,14,3,7.5,,Sunday,16:11,8.2,20.2,27.0
3121,18,21,3,7.4,0.0,Monday,13:25,12.1,31.9,67.9
3122,10,14,3,4.9,0.0,Monday,11:03,10.4,20.9,24.8
3123,6,10,3,8.0,0.0,Monday,19:20,8.9,17.6,46.8
3124,4,8,3,9.0,0.0,Tuesday,11:38,9.4,22.2,20.4
3125,4,8,4,9.0,0.0,Sunday,02:46,4.4,3.0,5.8
3126,13,19,3,5.4,0.0,Monday,10:39,17.0,17.1,33.3
3127,2,4,2,9.8,0.0,Sunday,11:26,8.1,31.4,8.8
3128,9,13,3,10.3,1.0,Tuesday,07:05,7.3,21.0,39.2
3129,10,15,2,2.0,2.0,Tuesday,07:44,9.4,6.8,14.9
3130,8,13,4,6.3,3.0,Thursday,15:33,8.2,21.9,26.7
3131,7,11,4,6.1,2.0,Monday,21:05,11.8,,17.7
3132,11,14,3,9.9,1.0,Thursday,14:06,9.1,,49.6
3133,6,10,3,7.2,1.0,Tuesday,07:32,8.5,18.2,20.0
3134,7,11,4,8.2,0.0,Wednesday,16:18,,9.0,21.2
3135,11,16,5,6.0,1.0,Saturday,11:35,13.9,14.3,25.6
3136,8,13,4,5.8,1.0,Thursday,19:35,7.2,18.0,19.2
3137,8,11,3,8.6,0.0,Sunday,09:24,7.9,13.1,27.0
3138,8,11,2,8.6,1.0,Sunday,06:20,4.7,18.1,31.7
3139,5,8,3,5.3,0.0,Tuesday,17:47,8.7,19.4,15.1
3140,13,18,4,8.7,1.0,Tuesday,21:42,7.3,9.0,34.8
3141,7,11,3,8.0,0.0,Saturday,05:42,6.6,16.9,14.4
3142,7,14,4,6.1,0.0,Tuesday,09:02,10.2,8.2,15.8
3143,1,5,3,2.3,0.0,Sunday,23:16,6.8,2.9,0.0
3144,4,9,4,9.5,2.0,Saturday,13:39,5.8,25.9,23.5
3145,10,15,5,7.8,0.0,Monday,14:31,8.1,18.0,23.6
3146,13,19,6,6.8,0.0,Friday,14:43,14.1,12.1,24.3
3147,3,9,4,6.7,0.0,Thursday,11:16,9.2,8.9,7.2
3148,8,13,3,5.8,1.0,Sunday,12:25,5.2,2.6,22.9
3149,5,7,2,4.4,0.0,Sunday,17:23,4.9,13.0,12.4
3150,8,13,3,4.3,0.0,Saturday,04:40,3.8,3.6,12.8
3151,8,14,4,5.5,0.0,Monday,09:28,8.0,3.2,9.5
3152,11,17,4,4.1,1.0,Sunday,08:20,11.8,10.3,12.2
3153,10,14,4,8.6,2.0,Thursday,19:18,9.3,18.8,37.7
3154,6,10,3,7.0,0.0,Monday,03:52,11.0,17.8,13.4
3155,9,13,4,5.6,,Sunday,22:43,2.9,1.9,15.5
3156,8,13,5,7.2,1.0,Saturday,12:48,12.3,21.4,21.3
3157,16,21,5,8.1,0.0,Sunday,12:38,12.1,,33.4
3158,8,11,3,9.1,0.0,Wednesday,03:41,5.8,15.4,20.4
3159,5,9,3,8.7,0.0,Thursday,09:24,2.9,29.1,16.7
3160,5,10,4,3.7,0.0,Tuesday,17:39,11.9,0.0,6.6
3161,4,8,4,7.6,1.0,Wednesday,14:28,8.5,12.8,16.6
3162,9,12,3,2.0,1.0,Thursday,20:34,10.2,11.4,10.4
3163,11,16,5,9.2,0.0,Wednesday,14:02,8.0,20.5,26.6
3164,5,9,4,8.8,2.0,Sunday,19:17,5.5,26.0,22.6
3165,7,12,4,9.2,1.0,Sunday,20:01,8.1,16.5,25.5
3166,10,14,3,6.6,0.0,Tuesday,20:03,4.8,4.4,21.9
3167,6,10,2,7.8,0.0,Thursday,06:36,3.1,14.8,18.5
3168,6,12,5,10.8,0.0,Tuesday,08:22,7.2,6.8,14.1
3169,6,9,3,3.5,0.0,Tuesday,19:28,7.3,13.5,9.4
3170,9,12,3,2.0,1.0,Friday,04:07,2.9,12.5,5.7
3171,8,13,4,5.9,0.0,Wednesday,09:43,8.5,12.3,14.4
3172,14,19,4,13.8,0.0,Saturday,17:34,10.0,30.9,70.1
3173,12,18,4,9.6,1.0,Tuesday,17:13,5.6,1.5,40.2
3174,13,19,5,2.9,1.0,Wednesday,14:26,9.3,0.0,11.5
3175,11,15,3,2.0,0.0,Tuesday,16:56,7.2,7.7,8.3
3176,12,21,5,9.5,0.0,Sunday,16:55,7.4,7.0,22.4
3177,4,8,3,8.9,2.0,Sunday,09:26,9.3,27.3,23.4
3178,4,9,4,2.0,0.0,Monday,17:03,4.4,10.8,3.2
3179,2,6,3,7.8,0.0,Sunday,13:47,3.1,15.1,4.7
3180,4,8,4,6.9,1.0,Wednesday,08:42,5.3,,5.8
3181,6,13,4,7.2,1.0,Tuesday,18:42,10.0,18.5,18.8
3182,7,12,5,10.5,1.0,Thursday,08:46,11.6,5.2,19.7
3183,9,16,6,12.4,2.0,Tuesday,14:00,6.5,13.2,34.6
3184,9,16,5,6.7,0.0,Tuesday,18:21,13.5,6.8,18.3
3185,8,14,3,9.6,0.0,Thursday,08:25,6.0,19.4,25.9
3186,8,11,3,10.8,0.0,Tuesday,06:02,7.8,16.3,24.8
3187,7,11,3,10.0,0.0,Tuesday,18:22,11.8,22.5,35.5
3188,12,15,3,9.4,0.0,Monday,20:21,9.4,39.8,50.9
3189,11,15,3,,2.0,Tuesday,05:19,5.9,0.0,11.7
3190,11,18,4,10.8,1.0,Wednesday,13:06,7.4,10.8,45.9
3191,6,10,4,6.6,0.0,Sunday,08:59,7.2,14.1,8.7
3192,7,12,5,7.7,0.0,Wednesday,18:40,7.9,3.3,13.0
3193,2,6,4,8.3,2.0,Friday,10:31,6.6,11.4,10.9
3194,9,13,4,13.3,2.0,Saturday,16:06,13.8,31.2,57.7
3195,8,14,4,6.1,0.0,Wednesday,07:25,5.5,8.3,8.9
3196,14,19,4,6.4,0.0,Friday,18:22,9.9,0.0,31.3
3197,6,9,3,,1.0,Monday,10:42,11.5,18.5,29.6
3198,7,13,4,7.5,0.0,Tuesday,09:50,8.3,8.0,18.6
3199,7,13,4,7.2,1.0,Sunday,15:42,6.5,0.0,19.4
3200,10,15,5,6.8,0.0,Tuesday,10:27,5.5,12.6,15.8
3201,10,14,4,5.2,2.0,Thursday,21:31,5.3,11.2,21.7
3202,14,20,5,2.4,2.0,Monday,16:13,11.1,10.7,15.8
3203,15,20,3,7.5,2.0,Monday,14:01,14.4,22.1,62.7
3204,4,8,4,6.0,0.0,Wednesday,03:32,11.1,0.0,6.7
3205,5,8,2,5.5,1.0,Saturday,03:34,7.9,28.6,16.4
3206,9,14,4,9.3,0.0,Wednesday,15:46,6.1,14.8,27.2
3207,7,12,5,2.5,0.0,Wednesday,03:21,4.2,12.0,4.0
3208,13,18,5,,1.0,Thursday,16:38,10.9,5.1,29.4
3209,7,14,3,,0.0,Tuesday,05:28,3.5,10.8,14.5
3210,14,18,4,8.1,0.0,Wednesday,10:01,10.3,17.6,36.2
3211,5,9,3,8.7,0.0,Sunday,05:28,6.1,10.7,9.6
3212,2,7,4,5.7,1.0,Saturday,12:35,9.1,14.4,10.2
3213,12,18,4,11.5,0.0,Sunday,14:22,7.6,28.0,44.3
3214,9,16,5,7.4,1.0,Wednesday,10:44,4.7,7.3,18.4
3215,10,14,3,9.5,0.0,Saturday,10:50,12.2,29.8,83.2
3216,7,10,3,6.7,1.0,Saturday,15:00,12.2,21.7,28.6
3217,10,14,4,6.9,0.0,Sunday,11:26,9.0,10.8,21.1
3218,7,11,3,6.1,0.0,Saturday,17:39,10.8,17.8,25.7
3219,8,14,5,,0.0,Friday,15:01,13.2,16.7,7.2
3220,8,12,4,8.0,2.0,Saturday,13:05,6.0,29.1,56.2
3221,5,11,1,9.9,1.0,Sunday,22:01,5.2,53.5,44.4
3222,7,11,4,5.4,0.0,Friday,06:29,6.3,7.7,8.5
3223,5,11,6,8.1,0.0,Thursday,18:36,10.6,11.2,10.9
3224,8,12,2,12.7,1.0,Monday,19:30,12.0,38.8,80.2
3225,7,11,4,6.7,0.0,Tuesday,07:22,9.9,18.9,17.3
3226,8,12,3,7.6,0.0,Tuesday,09:19,6.4,32.4,26.1
3227,8,14,4,9.3,1.0,Tuesday,19:32,7.5,27.9,30.5
3228,15,22,3,6.5,0.0,Wednesday,15:25,5.6,26.3,42.4
3229,12,16,4,2.0,0.0,Tuesday,21:12,10.1,11.4,9.1
3230,8,14,4,,1.0,Sunday,12:57,10.9,17.5,26.0
3231,7,14,6,8.1,0.0,Monday,10:59,,0.0,10.2
3232,21,26,5,9.6,1.0,Monday,13:34,11.8,25.5,93.2
3233,17,20,3,7.5,2.0,Saturday,14:42,13.6,32.7,71.7
3234,10,15,4,14.0,1.0,Thursday,09:12,2.6,16.2,43.8
3235,6,10,4,8.8,1.0,Friday,02:25,5.0,22.6,15.9
3236,8,12,2,6.7,1.0,Wednesday,17:33,11.8,17.5,37.1
3237,6,9,2,6.5,1.0,Saturday,02:06,,18.5,19.3
3238,12,16,4,5.9,0.0,Thursday,11:20,6.6,9.4,24.7
3239,3,7,2,7.2,1.0,Sunday,08:55,3.7,23.5,11.3
3240,9,13,4,,0.0,Tuesday,08:39,10.4,6.5,17.3
3241,1,5,4,4.8,0.0,Tuesday,09:30,7.0,13.8,3.5
3242,7,11,3,9.4,0.0,Tuesday,07:22,10.6,14.9,23.4
3243,13,17,3,8.7,0.0,Thursday,21:29,7.8,21.6,47.1
3244,4,6,1,6.1,0.0,Sunday,10:17,2.9,50.0,27.6
3245,13,17,4,7.5,1.0,Friday,20:14,10.8,0.0,35.2
3246,-3,15,3,13.4,1.0,Wednesday,11:02,8.9,24.0,69.7
3247,10,15,4,10.0,0.0,Friday,21:45,9.5,5.5,31.2
3248,6,12,4,7.2,0.0,Monday,01:38,4.6,1.2,8.6
3249,14,18,3,9.4,0.0,Monday,08:06,5.2,10.7,49.1
3250,7,12,4,5.5,0.0,Tuesday,10:27,3.3,9.6,11.6
3251,8,12,4,5.6,1.0,Monday,16:09,13.8,1.5,18.7
3252,8,13,5,4.7,2.0,Friday,12:53,13.6,10.5,21.6
3253,7,11,3,5.3,0.0,Thursday,07:53,10.8,20.2,18.1
3254,7,12,4,8.9,0.0,Thursday,15:53,9.7,21.1,19.4
3255,7,11,3,10.6,0.0,Tuesday,13:36,11.9,36.6,42.5
3256,12,16,4,7.9,1.0,Friday,07:00,14.7,8.9,34.4
3257,4,8,2,9.0,0.0,Wednesday,09:11,9.3,38.0,18.3
3258,8,13,3,11.2,1.0,Saturday,22:30,6.3,4.6,28.8
3259,9,13,4,10.2,3.0,Sunday,19:31,9.2,23.7,46.4
3260,6,12,5,8.8,0.0,Friday,16:36,,6.1,9.6
3261,3,7,2,5.9,0.0,Wednesday,19:49,12.3,8.8,13.2
3262,3,8,5,5.9,2.0,Saturday,13:59,7.3,11.1,11.1
3263,3,9,3,3.7,0.0,Wednesday,09:00,3.1,13.1,5.5
3264,4,7,3,8.6,0.0,Tuesday,07:14,4.3,26.0,15.6
3265,11,16,4,3.8,2.0,Sunday,08:31,10.2,1.7,13.3
3266,5,11,4,4.7,0.0,Tuesday,19:50,7.1,15.4,8.8
3267,14,19,4,10.7,1.0,Saturday,14:31,10.7,27.2,62.2
3268,19,23,4,8.6,0.0,Saturday,11:24,11.9,27.6,65.3
3269,10,13,2,8.4,0.0,Tuesday,15:42,14.4,32.8,56.3
3270,4,7,3,6.8,1.0,Monday,19:30,4.9,14.9,14.4
3271,11,16,4,4.3,2.0,Saturday,07:19,10.3,0.0,16.6
3272,7,10,2,6.2,0.0,Thursday,11:27,6.7,26.6,29.3
3273,15,22,6,10.3,1.0,Saturday,11:46,15.3,10.6,47.0
3274,6,11,4,4.9,1.0,Sunday,12:16,5.8,14.3,15.8
3275,7,13,4,3.5,1.0,Thursday,20:34,4.0,5.7,8.8
3276,15,23,6,9.9,1.0,Monday,18:24,13.7,21.3,40.9
3277,14,18,4,5.9,0.0,Sunday,11:54,6.3,21.7,28.4
3278,12,16,4,8.3,1.0,Wednesday,15:39,10.3,19.5,32.1
3279,12,16,3,4.9,1.0,Sunday,11:44,7.9,13.5,26.3
3280,3,11,6,6.1,2.0,Friday,11:45,11.8,10.9,10.4
3281,8,10,2,8.6,0.0,Sunday,15:19,7.7,39.1,39.3
3282,10,16,4,4.9,1.0,Monday,07:02,8.8,6.3,14.9
3283,10,14,3,8.4,2.0,Sunday,13:34,8.3,25.1,46.4
3284,2,6,4,9.5,1.0,Sunday,17:43,6.5,8.8,13.3
3285,11,15,4,11.5,0.0,Wednesday,13:22,7.0,19.9,41.5
3286,12,16,4,4.8,0.0,Sunday,12:34,11.8,14.3,18.0
3287,3,8,4,4.9,1.0,Wednesday,19:06,9.0,8.6,10.3
3288,7,11,4,8.3,1.0,Sunday,12:22,4.8,29.5,25.4
3289,13,22,6,2.0,0.0,Thursday,18:14,16.3,6.1,7.2
3290,7,12,5,9.5,1.0,Sunday,10:03,5.3,12.0,20.5
3291,7,13,4,5.0,1.0,Wednesday,18:55,6.7,14.1,15.5
3292,13,18,5,11.4,1.0,Wednesday,08:10,3.0,15.3,39.1
3293,6,14,5,5.1,0.0,Thursday,16:15,,18.4,9.3
3294,8,12,4,7.3,0.0,Thursday,20:02,8.1,13.0,19.5
3295,9,13,3,9.7,1.0,Saturday,01:06,4.8,7.9,26.9
3296,6,10,3,5.0,1.0,Monday,03:32,3.8,5.6,11.1
3297,6,14,5,7.4,0.0,Thursday,14:44,11.9,23.1,14.0
3298,12,17,5,6.6,2.0,Saturday,11:19,11.1,18.3,31.5
3299,11,16,4,5.4,0.0,Friday,16:35,3.2,12.2,22.0
3300,11,14,3,8.1,0.0,Sunday,05:20,5.0,5.1,17.7
3301,6,11,4,9.3,0.0,Tuesday,11:11,9.4,11.9,21.1
3302,6,11,4,,0.0,Tuesday,11:20,7.9,8.8,17.1
3303,5,9,2,6.8,0.0,Sunday,07:05,6.6,22.1,13.0
3304,5,10,4,6.2,0.0,Monday,20:05,8.7,0.0,9.4
3305,2,6,4,8.7,1.0,Tuesday,15:49,9.5,8.2,14.1
3306,5,10,3,7.0,0.0,Sunday,08:31,5.8,1.5,12.8
3307,3,6,3,13.1,0.0,Thursday,11:21,10.4,20.4,21.2
3308,9,13,3,6.7,0.0,Wednesday,20:47,,19.4,23.1
3309,6,10,4,8.2,4.0,Thursday,19:04,8.1,9.7,36.4
3310,2,6,4,7.0,0.0,Thursday,08:27,3.9,3.4,0.8
3311,7,12,5,3.2,0.0,Monday,04:58,6.0,1.0,24.1
3312,4,8,3,7.9,1.0,Sunday,09:38,4.5,9.2,15.9
3313,12,16,3,5.0,0.0,Tuesday,10:57,7.9,15.5,26.1
3314,4,8,3,7.8,0.0,Thursday,18:40,4.9,17.3,14.8
3315,8,14,5,11.7,0.0,Sunday,14:37,12.5,21.3,22.4
3316,5,8,2,7.7,0.0,Tuesday,23:46,3.7,4.9,10.5
3317,7,11,3,4.6,0.0,Saturday,11:19,11.2,20.3,21.2
3318,9,13,3,4.7,0.0,Monday,05:24,8.5,0.0,14.1
3319,9,15,4,6.9,0.0,Friday,16:34,11.4,16.7,22.6
3320,5,9,2,3.7,1.0,Saturday,08:26,2.3,18.6,14.7
3321,5,12,4,3.9,0.0,Sunday,13:31,9.9,1.5,6.4
3322,10,13,3,8.0,3.0,Saturday,10:26,10.9,23.2,46.3
3323,8,14,4,5.3,0.0,Sunday,07:43,4.5,10.5,8.3
3324,12,18,5,8.3,1.0,Wednesday,13:42,11.9,18.4,33.4
3325,9,14,5,10.8,0.0,Thursday,20:23,10.2,17.8,23.1
3326,7,14,4,4.7,1.0,Tuesday,09:25,9.9,14.4,12.3
3327,6,8,2,6.1,0.0,Sunday,07:46,4.4,4.7,16.8
3328,5,7,1,9.3,0.0,Wednesday,08:10,6.8,56.9,53.6
3329,10,14,4,6.3,1.0,Saturday,07:03,11.2,16.2,29.9
3330,12,14,2,3.6,1.0,Monday,19:22,9.1,20.0,31.8
3331,9,13,3,5.7,0.0,Sunday,16:16,8.3,7.3,18.2
3332,6,12,4,2.0,0.0,Friday,09:30,3.3,2.8,1.4
3333,9,14,3,12.4,0.0,Tuesday,17:17,9.9,28.0,48.4
3334,5,9,3,10.7,0.0,Sunday,08:25,5.8,15.5,19.5
3335,11,18,6,5.2,0.0,Monday,16:46,11.9,4.6,11.6
3336,4,10,5,5.7,1.0,Thursday,16:06,12.8,5.7,7.9
3337,12,16,3,8.4,2.0,Saturday,14:37,8.8,,59.9
3338,10,16,6,2.4,1.0,Wednesday,19:03,8.5,3.5,7.3
3339,9,15,4,6.9,0.0,Friday,16:34,11.4,16.7,22.6
3340,9,14,3,10.8,0.0,Sunday,11:54,8.7,35.2,36.7
3341,16,21,4,9.0,0.0,Saturday,20:12,10.4,23.8,54.0
3342,4,8,3,6.1,0.0,Thursday,23:30,3.4,2.0,5.1
3343,6,8,2,9.8,2.0,Friday,02:17,8.8,13.1,36.5
3344,7,11,3,9.2,2.0,Saturday,15:30,8.7,21.4,40.2
3345,5,11,5,5.4,0.0,Sunday,15:18,14.8,12.0,5.8
3346,10,14,4,8.7,0.0,Thursday,14:17,10.2,27.3,30.1
3347,12,18,4,5.3,2.0,Saturday,15:15,8.6,21.7,29.5
3348,5,10,3,7.3,0.0,Sunday,23:08,0.5,0.0,9.3
3349,3,8,4,8.4,1.0,Sunday,23:08,6.5,11.7,10.5
3350,5,10,5,7.9,0.0,Monday,15:23,8.0,8.3,9.8
3351,8,17,6,9.4,0.0,Wednesday,09:42,,9.4,13.3
3352,6,13,4,9.2,0.0,Wednesday,12:54,4.9,17.2,17.8
3353,10,12,2,9.2,0.0,Monday,12:18,8.2,19.4,68.4
3354,14,18,4,11.6,2.0,Monday,09:58,11.0,18.5,62.1
3355,16,21,5,6.9,1.0,Monday,11:35,8.5,4.2,34.2
3356,5,7,2,6.5,0.0,Saturday,09:30,7.7,18.6,23.7
3357,11,13,2,12.3,1.0,Tuesday,14:58,,56.3,94.9
3358,13,19,4,7.5,2.0,Saturday,20:38,10.3,24.6,41.8
3359,10,14,4,8.7,0.0,Tuesday,14:07,8.8,27.9,29.8
3360,12,18,4,7.8,0.0,Tuesday,18:56,5.8,10.9,30.6
3361,16,21,4,9.5,0.0,Saturday,16:44,11.3,15.8,56.4
3362,5,10,3,10.8,0.0,Monday,01:07,4.4,15.8,16.6
3363,6,10,4,7.0,1.0,Friday,08:27,6.2,0.0,16.4
3364,13,18,4,5.9,1.0,Friday,12:30,13.4,17.3,29.5
3365,7,11,4,9.5,1.0,Wednesday,04:25,4.4,6.2,17.0
3366,5,8,3,6.5,0.0,Thursday,07:03,6.7,10.6,12.6
3367,5,8,3,9.8,0.0,Sunday,21:30,6.6,16.2,39.6
3368,11,14,3,2.0,0.0,Wednesday,21:40,7.6,8.1,8.8
3369,22,29,6,7.9,0.0,Monday,18:53,10.0,7.2,37.1
3370,9,12,3,3.5,1.0,Friday,18:22,10.7,6.6,22.8
3371,13,16,3,2.0,,Friday,12:13,12.8,9.2,18.8
3372,8,12,3,7.0,0.0,Monday,21:00,8.3,20.9,27.5
3373,7,9,2,4.6,0.0,Friday,17:01,1.9,18.5,61.8
3374,7,11,3,8.2,0.0,Wednesday,07:30,7.1,19.0,20.2
3375,9,12,3,8.0,1.0,Tuesday,11:28,4.9,24.4,64.6
3376,15,20,3,6.5,0.0,Tuesday,10:13,8.0,31.6,36.4
3377,2,6,4,10.8,0.0,Sunday,16:39,6.8,16.3,39.9
3378,12,20,5,5.8,1.0,Tuesday,10:46,8.9,16.8,19.4
3379,6,10,3,7.3,0.0,Monday,07:17,9.1,12.4,16.6
3380,7,10,3,5.0,0.0,Sunday,14:51,10.9,11.8,13.8
3381,13,18,4,9.4,3.0,Saturday,14:20,12.0,34.0,65.5
3382,10,17,5,5.7,0.0,Saturday,12:13,11.7,15.6,20.3
3383,1,7,4,13.3,1.0,Tuesday,10:15,8.0,3.0,11.0
3384,13,18,4,10.9,0.0,Tuesday,14:22,7.1,12.8,49.3
3385,6,12,5,9.5,0.0,Thursday,12:56,9.6,10.1,19.4
3386,9,15,4,6.8,1.0,Tuesday,12:23,10.7,20.4,28.1
3387,10,15,5,7.3,0.0,Friday,20:12,11.1,0.0,19.5
3388,8,12,3,5.9,1.0,Thursday,15:17,4.3,11.3,23.0
3389,5,13,6,11.8,1.0,Saturday,20:34,12.6,18.5,21.8
3390,9,14,5,4.1,0.0,Monday,18:26,15.9,13.7,9.1
3391,7,11,4,7.4,0.0,Friday,20:34,11.4,10.4,19.2
3392,7,12,4,10.1,0.0,Tuesday,08:04,12.6,18.1,17.7
3393,5,9,4,11.1,0.0,Thursday,01:39,6.1,23.1,13.0
3394,14,20,4,6.5,0.0,Monday,14:01,12.3,10.7,33.4
3395,9,15,4,5.9,0.0,Monday,14:20,9.5,9.2,19.0
3396,11,16,3,4.4,1.0,Sunday,15:20,,20.0,20.3
3397,12,15,3,9.0,0.0,Tuesday,13:37,13.6,23.3,54.3
3398,9,15,4,7.3,0.0,Sunday,07:09,11.0,7.0,16.9
3399,7,12,3,6.3,1.0,Monday,15:11,7.3,21.0,23.7
3400,12,16,3,9.3,3.0,Saturday,13:31,11.6,20.4,77.0
3401,4,7,3,9.5,1.0,Friday,09:35,,36.7,25.1
3402,3,8,3,4.4,0.0,Thursday,05:25,11.6,7.2,7.0
3403,6,10,2,10.5,1.0,Wednesday,17:01,10.8,36.5,47.2
3404,4,9,4,8.4,1.0,Sunday,06:17,,0.0,9.8
3405,2,3,1,,0.0,Saturday,22:53,7.3,32.2,14.7
3406,5,9,2,3.8,1.0,Thursday,08:54,3.4,9.5,7.7
3407,4,10,4,5.7,0.0,Thursday,15:29,11.6,9.5,6.8
3408,10,18,4,12.2,1.0,Friday,07:23,7.9,21.0,39.9
3409,9,11,2,4.6,0.0,Sunday,10:29,7.5,18.3,22.8
3410,4,8,3,6.4,1.0,Friday,07:09,8.8,22.1,18.1
3411,10,14,3,11.0,,Thursday,09:46,11.1,27.3,51.6
3412,9,13,4,9.4,0.0,Sunday,12:46,3.8,17.7,28.9
3413,6,11,5,6.8,0.0,Tuesday,02:20,3.2,5.1,7.6
3414,13,18,5,9.2,0.0,Saturday,10:50,6.2,19.0,35.5
3415,7,12,4,3.2,3.0,Thursday,05:30,8.4,4.8,12.5
3416,10,15,4,5.3,2.0,Monday,15:37,12.4,20.5,25.8
3417,6,12,4,9.8,0.0,Thursday,07:54,6.8,11.4,16.6
3418,9,14,4,3.9,2.0,Thursday,18:18,7.4,8.8,15.9
3419,11,16,4,2.0,2.0,Sunday,19:34,10.5,8.8,8.3
3420,8,14,4,4.9,2.0,Wednesday,07:36,8.5,9.9,16.1
3421,8,13,3,5.2,0.0,Tuesday,04:54,4.3,11.3,9.2
3422,13,18,5,7.6,1.0,Thursday,09:38,8.1,11.2,25.8
3423,8,11,3,5.7,1.0,Wednesday,21:20,7.4,,20.3
3424,16,21,3,6.3,2.0,Saturday,12:01,8.9,20.0,61.1
3425,4,9,3,12.6,0.0,Saturday,05:03,5.9,23.5,16.6
3426,5,12,4,6.4,0.0,Friday,07:28,4.5,6.6,10.3
3427,12,17,5,3.8,1.0,Monday,14:21,12.0,1.1,12.7
3428,5,9,3,6.1,0.0,Monday,07:59,5.6,20.9,13.7
3429,8,14,4,9.8,1.0,Monday,21:28,9.2,18.7,31.7
3430,22,27,5,2.0,3.0,Saturday,17:27,12.5,0.0,17.1
3431,5,8,3,10.2,0.0,Sunday,08:05,7.3,17.7,17.9
3432,5,11,5,12.6,1.0,Tuesday,12:58,14.9,19.6,29.7
3433,11,17,4,8.3,0.0,Monday,19:06,8.4,26.5,33.2
3434,11,16,4,7.4,1.0,Saturday,18:38,11.1,10.0,36.1
3435,17,22,5,8.1,0.0,Saturday,17:02,13.1,19.1,41.8
3436,9,15,5,4.0,1.0,Friday,09:54,12.1,0.0,11.8
3437,11,17,5,11.0,,Saturday,08:30,11.5,13.0,41.5
3438,12,19,4,5.8,0.0,Monday,19:36,8.2,11.9,25.4
3439,9,14,4,,0.0,Tuesday,15:32,10.1,26.8,29.2
3440,12,18,5,3.2,0.0,Tuesday,18:20,13.1,0.5,12.8
3441,9,11,2,7.1,1.0,Saturday,05:03,2.8,10.1,33.8
3442,6,11,4,11.2,1.0,Friday,18:47,6.1,16.9,35.2
3443,13,19,5,5.9,0.0,Wednesday,19:22,5.0,17.6,20.0
3444,7,12,5,5.7,1.0,Wednesday,19:37,5.6,10.1,10.0
3445,14,20,4,11.1,0.0,Sunday,15:55,12.4,17.9,44.9
3446,5,10,4,5.7,2.0,Tuesday,21:03,6.2,23.7,16.7
3447,6,12,4,6.0,0.0,Tuesday,12:30,10.2,20.3,11.2
3448,13,17,4,11.1,0.0,Tuesday,13:58,6.1,9.7,52.3
3449,16,24,4,6.3,2.0,Friday,13:13,12.3,,46.5
3450,7,11,4,14.1,0.0,Saturday,08:39,6.6,23.6,31.9
3451,14,19,4,5.2,0.0,Saturday,14:07,7.2,5.5,24.5
3452,8,10,2,6.8,0.0,Thursday,05:11,4.0,22.5,25.5
3453,3,8,4,12.6,0.0,Saturday,14:23,8.2,27.8,16.2
3454,5,10,4,12.3,0.0,Sunday,17:23,9.0,19.9,19.2
3455,11,17,4,8.1,0.0,Monday,21:50,9.5,18.9,27.2
3456,11,16,5,8.4,1.0,Monday,12:53,8.0,,32.3
3457,11,15,4,8.3,2.0,Monday,14:07,6.9,16.4,42.0
3458,7,13,4,9.2,0.0,Thursday,17:54,4.8,36.2,23.8
3459,10,14,4,8.3,2.0,Sunday,08:06,5.0,,30.9
3460,10,14,4,8.9,0.0,Friday,15:27,10.0,10.7,28.3
3461,5,10,5,6.9,0.0,Tuesday,04:10,4.1,3.6,1.4
3462,4,10,5,,0.0,Friday,00:14,0.0,5.4,3.5
3463,11,18,6,8.2,0.0,Wednesday,19:25,10.7,3.9,17.8
3464,12,16,4,2.2,0.0,Sunday,14:39,5.4,2.7,4.6
3465,8,13,5,6.8,0.0,Saturday,06:55,12.1,17.7,11.3
3466,5,10,3,9.6,3.0,Monday,04:15,,8.2,33.6
3467,6,13,5,6.0,1.0,Saturday,19:57,11.9,10.1,16.0
3468,7,13,3,12.8,0.0,Saturday,04:48,10.3,22.9,34.1
3469,8,12,2,11.9,1.0,Monday,15:12,7.5,34.5,72.8
3470,3,6,2,4.1,,Tuesday,06:52,6.9,8.0,7.3
3471,16,22,4,7.0,1.0,Tuesday,16:04,9.7,16.1,38.1
3472,12,17,4,10.9,0.0,Thursday,16:11,8.3,18.4,38.0
3473,4,8,3,,0.0,Thursday,04:53,10.8,5.1,8.9
3474,8,12,4,9.6,1.0,Wednesday,19:37,11.7,0.0,32.0
3475,19,25,6,9.9,1.0,Saturday,13:21,14.9,12.3,54.4
3476,1,4,2,9.2,0.0,Monday,23:04,0.7,36.7,9.6
3477,10,14,4,8.9,0.0,Monday,17:44,13.0,28.4,37.8
3478,8,12,3,11.0,2.0,Sunday,00:27,3.1,9.1,30.3
3479,9,14,4,6.7,0.0,Monday,02:30,4.9,18.6,15.1
3480,8,14,4,5.7,0.0,Sunday,12:36,7.8,17.4,19.0
3481,9,14,5,8.7,1.0,Tuesday,19:55,6.9,11.9,47.9
3482,7,12,5,8.6,1.0,Thursday,18:36,12.3,24.6,21.5
3483,8,11,3,7.3,1.0,Friday,15:10,8.4,29.6,30.1
3484,9,15,4,6.3,1.0,Thursday,21:00,3.8,17.7,21.0
3485,5,8,2,8.8,0.0,Monday,08:28,6.1,21.0,25.2
3486,15,20,4,5.3,1.0,Thursday,19:47,9.2,6.5,27.1
3487,6,12,4,14.4,2.0,Saturday,02:03,4.1,9.6,35.1
3488,4,9,3,8.5,0.0,Wednesday,08:41,6.5,27.8,14.9
3489,7,12,5,6.2,0.0,Thursday,10:13,11.2,0.2,8.3
3490,15,25,5,14.5,1.0,Wednesday,18:44,15.8,30.5,68.3
3491,14,18,4,5.2,2.0,Saturday,07:59,,26.0,26.8
3492,14,18,3,6.3,0.0,Wednesday,16:31,11.1,3.0,35.2
3493,15,19,4,3.5,0.0,Monday,20:11,9.7,12.7,18.5
3494,8,12,3,9.1,0.0,Thursday,09:07,9.2,21.8,27.3
3495,5,9,4,7.7,0.0,Tuesday,18:53,5.0,12.0,10.1
3496,6,12,5,3.4,0.0,Thursday,15:33,9.2,6.3,2.5
3497,9,15,5,3.7,2.0,Wednesday,12:19,6.8,10.1,17.5
3498,3,8,2,9.8,1.0,Wednesday,00:13,3.6,18.2,17.3
3499,9,14,2,2.0,2.0,Tuesday,07:12,11.1,2.8,10.1
3500,13,18,4,3.3,3.0,Friday,17:22,,0.9,48.6
3501,4,7,2,5.2,1.0,Monday,10:14,8.4,22.2,19.9
3502,12,16,4,7.8,1.0,Saturday,07:27,6.9,,38.2
3503,4,7,2,6.3,1.0,Sunday,21:32,7.7,16.4,17.1
3504,7,15,4,13.2,1.0,Thursday,06:48,3.3,16.2,24.7
3505,5,9,3,10.2,1.0,Sunday,07:53,3.8,20.0,18.3
3506,13,19,5,6.2,0.0,Tuesday,15:38,7.6,2.3,20.2
3507,6,12,5,10.9,2.0,Tuesday,09:55,6.6,6.5,23.4
3508,6,9,2,8.4,0.0,Monday,09:53,8.4,26.6,32.8
3509,6,10,2,8.1,2.0,Saturday,12:15,5.7,21.6,45.6
3510,14,18,4,8.7,0.0,Saturday,19:29,12.1,12.6,48.8
3511,6,10,4,5.4,1.0,Thursday,09:08,7.5,21.8,12.7
3512,9,12,2,9.8,0.0,Sunday,16:16,7.4,44.1,59.7
3513,14,20,5,12.9,1.0,Friday,12:42,11.5,17.1,66.1
3514,6,12,5,6.7,0.0,Saturday,14:11,7.7,11.7,15.3
3515,15,21,5,10.0,0.0,Friday,17:16,12.0,19.1,41.6
3516,7,14,6,9.2,1.0,Saturday,11:09,12.5,20.4,21.2
3517,7,13,3,8.7,0.0,Saturday,08:59,8.0,16.2,22.6
3518,6,12,4,9.4,1.0,Tuesday,12:25,11.2,15.9,27.4
3519,9,12,2,5.6,1.0,Wednesday,11:37,12.1,27.1,37.2
3520,15,22,5,8.9,3.0,Thursday,13:38,13.6,15.4,50.9
3521,12,18,6,5.7,0.0,Saturday,13:26,11.2,12.5,20.3
3522,10,14,4,12.2,2.0,Wednesday,19:39,10.7,22.3,53.5
3523,7,10,3,5.3,1.0,Thursday,19:00,8.5,11.6,22.3
3524,10,14,3,5.5,1.0,Thursday,10:52,12.7,5.6,24.0
3525,5,9,3,6.1,0.0,Saturday,04:16,9.8,8.8,10.2
3526,8,15,3,10.8,0.0,Thursday,11:00,6.1,20.0,39.3
3527,6,10,4,7.6,0.0,Saturday,14:31,13.2,17.3,22.8
3528,7,12,3,10.3,1.0,Thursday,07:35,9.8,23.3,31.5
3529,10,16,6,7.4,1.0,Tuesday,12:13,12.1,14.5,20.4
3530,5,8,3,,0.0,Tuesday,23:11,12.1,6.1,14.1
3531,6,10,3,10.2,2.0,Thursday,14:07,8.9,32.5,40.7
3532,8,12,3,7.3,0.0,Monday,19:44,5.0,,30.3
3533,4,9,4,6.8,0.0,Wednesday,09:53,3.2,9.4,7.2
3534,6,13,5,8.1,0.0,Thursday,07:41,10.8,0.0,9.2
3535,10,14,4,5.9,0.0,Tuesday,19:59,4.8,7.1,15.9
3536,8,13,5,7.1,0.0,Saturday,09:07,7.1,13.8,17.5
3537,9,15,4,6.2,2.0,Tuesday,15:30,14.2,11.3,24.9
3538,9,14,4,,0.0,Tuesday,10:52,8.7,7.9,12.4
3539,14,18,4,10.2,0.0,Monday,19:52,10.5,7.6,52.0
3540,10,16,5,9.5,0.0,Sunday,19:19,4.6,19.2,23.1
3541,7,12,4,5.7,1.0,Saturday,16:21,9.7,13.3,18.8
3542,9,15,4,4.9,0.0,Monday,08:10,8.8,21.9,16.4
3543,9,14,4,5.9,2.0,Monday,14:07,18.3,23.1,30.0
3544,9,13,3,10.3,1.0,Saturday,14:15,9.7,21.9,51.7
3545,8,10,2,6.3,1.0,Sunday,20:14,7.0,30.3,32.9
3546,9,13,4,7.4,2.0,Friday,20:21,8.0,4.6,27.6
3547,6,10,4,6.4,1.0,Thursday,15:30,8.2,17.2,15.0
3548,2,7,3,5.3,0.0,Monday,14:12,6.2,14.9,9.4
3549,5,9,2,8.0,0.0,Saturday,22:06,9.8,14.3,16.3
3550,7,16,5,7.0,3.0,Tuesday,10:06,10.7,7.6,21.3
3551,17,23,4,3.2,0.0,Monday,15:04,12.4,6.5,18.1
3552,4,8,2,10.7,1.0,Thursday,00:46,6.2,28.7,23.7
3553,7,13,3,4.0,1.0,Sunday,02:36,6.7,1.0,2.6
3554,7,12,4,4.7,2.0,Tuesday,19:26,4.4,0.9,10.0
3555,11,17,3,11.9,0.0,Sunday,16:25,5.3,7.6,46.4
3556,20,23,3,11.1,0.0,Thursday,16:08,12.1,14.1,92.1
3557,12,16,4,3.8,0.0,Monday,07:14,5.4,4.5,7.2
3558,11,17,4,5.1,0.0,Tuesday,18:21,8.2,13.3,23.1
3559,16,21,4,6.8,0.0,Wednesday,19:53,7.8,2.5,35.9
3560,7,11,4,3.2,1.0,Wednesday,16:53,3.9,,6.9
3561,11,17,5,9.2,0.0,Saturday,13:02,14.5,16.3,33.9
3562,7,11,4,8.8,0.0,Wednesday,14:59,12.4,15.3,23.0
3563,10,15,5,,1.0,Friday,17:44,16.7,12.8,19.9
3564,7,11,3,6.5,0.0,Tuesday,08:13,10.1,17.6,23.5
3565,14,18,4,6.6,1.0,Thursday,11:51,11.4,12.3,35.5
3566,6,12,4,7.3,0.0,Tuesday,10:05,4.9,22.4,12.6
3567,8,11,2,8.8,1.0,Monday,18:49,5.4,43.8,54.2
3568,9,12,3,7.4,1.0,Monday,09:26,8.1,23.8,33.5
3569,7,13,5,6.4,0.0,Saturday,21:56,7.6,2.6,11.6
3570,11,17,6,8.6,0.0,Thursday,14:21,11.5,7.0,21.3
3571,9,12,3,10.9,1.0,Wednesday,20:39,8.4,30.1,47.5
3572,5,9,3,2.0,1.0,Thursday,11:19,12.2,16.4,1.7
3573,7,10,3,9.4,0.0,Sunday,23:55,4.1,23.2,15.0
3574,9,13,3,5.1,1.0,Monday,16:45,10.4,16.3,25.2
3575,7,10,3,9.7,0.0,Tuesday,07:46,5.7,16.8,20.1
3576,9,13,3,5.6,0.0,Monday,11:02,9.9,15.9,28.0
3577,8,12,4,6.0,0.0,Wednesday,12:44,11.3,9.9,18.4
3578,7,10,3,7.7,1.0,Sunday,08:42,1.2,4.9,17.9
3579,14,21,5,5.5,0.0,Monday,14:33,12.3,4.0,23.2
3580,10,15,3,5.6,0.0,Thursday,08:52,10.6,5.0,19.3
3581,8,14,5,3.9,0.0,Monday,08:08,9.8,9.3,7.3
3582,6,10,4,5.5,1.0,Monday,08:41,8.1,12.6,15.0
3583,7,12,4,5.7,0.0,Wednesday,04:08,6.5,3.9,8.2
3584,3,6,3,6.8,1.0,Thursday,04:59,5.9,5.5,7.4
3585,8,12,4,9.1,0.0,Thursday,09:59,5.8,14.9,23.1
3586,10,15,5,3.9,0.0,Tuesday,07:27,9.0,7.3,9.1
3587,8,12,3,7.4,0.0,Thursday,20:54,4.4,11.8,22.6
3588,7,11,3,9.7,1.0,Thursday,15:39,,18.8,33.7
3589,8,13,5,9.3,0.0,Saturday,12:31,8.1,17.0,25.3
3590,9,13,2,6.3,,Wednesday,11:08,4.9,31.1,43.4
3591,6,12,3,9.6,0.0,Saturday,10:14,10.0,12.4,28.5
3592,12,18,4,5.5,1.0,Thursday,19:58,11.2,11.7,26.9
3593,8,13,5,11.5,0.0,Tuesday,12:57,5.3,8.7,52.0
3594,6,10,3,9.9,1.0,Tuesday,09:10,6.1,28.5,26.5
3595,7,13,3,8.4,0.0,Sunday,16:03,9.5,17.8,24.5
3596,6,12,5,9.8,1.0,Saturday,18:28,8.7,27.3,25.1
3597,15,20,4,2.0,1.0,Thursday,23:50,4.9,2.3,11.9
3598,7,10,2,5.3,0.0,Wednesday,11:05,3.6,14.3,25.0
3599,8,12,3,7.7,0.0,Thursday,21:58,5.1,21.2,27.6
3600,16,22,5,6.6,0.0,Tuesday,12:48,9.4,10.3,31.2
3601,12,16,4,9.3,1.0,Thursday,18:12,12.8,17.4,45.6
3602,12,16,4,8.1,0.0,Saturday,11:24,5.6,26.2,35.5
3603,10,13,3,12.0,1.0,Wednesday,12:40,8.5,35.0,61.8
3604,2,4,2,7.6,0.0,Tuesday,21:56,4.4,28.3,13.9
3605,8,13,4,4.6,3.0,Friday,08:01,7.4,8.2,17.0
3606,8,11,2,10.6,1.0,Thursday,13:11,6.2,51.1,66.3
3607,11,15,3,4.7,1.0,Thursday,12:01,11.3,25.3,27.9
3608,8,14,4,3.1,0.0,Friday,15:21,13.0,0.0,11.5
3609,6,12,5,6.8,0.0,Thursday,21:56,8.0,15.5,13.1
3610,14,21,4,3.5,1.0,Friday,07:43,10.1,0.5,13.8
3611,13,20,6,6.4,1.0,Thursday,11:53,10.9,6.1,18.6
3612,7,10,3,8.9,1.0,Tuesday,10:39,8.8,24.3,33.2
3613,10,13,3,12.4,2.0,Monday,20:41,11.1,48.3,71.7
3614,3,6,2,9.1,1.0,Thursday,04:02,5.0,18.7,14.9
3615,10,15,3,11.2,0.0,Wednesday,15:36,5.6,35.9,47.4
3616,6,11,4,10.3,0.0,Sunday,18:41,9.5,0.2,18.3
3617,12,19,5,5.0,0.0,Saturday,18:48,12.1,13.6,21.0
3618,7,10,3,5.2,0.0,Saturday,11:20,5.9,11.9,21.8
3619,3,8,3,9.7,1.0,Friday,08:02,6.6,24.3,17.5
3620,7,12,4,7.4,,Wednesday,20:21,7.0,20.9,17.8
3621,23,29,6,11.3,0.0,Saturday,15:17,12.2,31.6,64.3
3622,10,13,3,11.5,0.0,Friday,16:53,,17.4,49.6
3623,10,14,4,3.5,0.0,Sunday,07:50,9.9,7.6,10.7
3624,3,8,3,7.6,0.0,Thursday,16:09,10.8,19.2,15.4
3625,6,11,3,4.4,0.0,Tuesday,06:08,7.0,9.5,3.9
3626,12,15,3,11.8,1.0,Monday,13:26,5.9,38.5,84.1
3627,9,14,4,5.0,0.0,Monday,17:55,10.7,7.4,18.2
3628,9,14,4,3.6,0.0,Saturday,18:34,8.9,8.7,14.9
3629,8,10,2,8.3,0.0,Thursday,10:16,4.2,26.5,36.5
3630,9,13,4,7.1,1.0,Thursday,09:44,10.1,14.3,27.2
3631,12,18,5,6.1,0.0,Thursday,10:22,8.3,10.7,21.6
3632,20,25,5,7.3,0.0,Wednesday,17:30,6.0,8.1,36.4
3633,4,10,4,4.5,1.0,Friday,16:52,7.4,20.6,13.9
3634,11,18,5,5.3,0.0,Saturday,13:48,6.7,15.6,19.2
3635,9,17,5,7.5,0.0,Thursday,21:49,11.2,0.7,17.9
3636,10,18,3,4.0,0.0,Friday,10:24,9.2,15.5,18.8
3637,5,12,4,5.7,1.0,Monday,07:04,11.7,,13.1
3638,9,13,4,6.2,0.0,Monday,20:20,9.7,21.9,20.6
3639,16,19,3,9.6,1.0,Friday,11:02,11.5,24.6,105.7
3640,10,18,5,2.1,1.0,Saturday,07:17,10.5,0.0,5.4
3641,11,15,4,8.1,1.0,Friday,17:01,10.9,20.9,37.5
3642,7,11,4,10.9,1.0,Wednesday,20:20,9.6,15.5,26.8
3643,7,11,4,6.0,0.0,Friday,09:35,5.1,14.6,13.7
3644,7,12,5,2.0,0.0,Sunday,21:25,4.6,0.3,0.4
3645,8,12,4,9.9,0.0,Thursday,11:33,7.8,27.9,30.9
3646,3,8,3,8.7,0.0,Monday,16:20,7.3,29.4,16.4
3647,6,11,3,7.7,1.0,Wednesday,09:15,5.9,4.8,19.6
3648,9,14,4,2.2,2.0,Friday,02:48,7.6,0.0,5.8
3649,11,16,4,9.7,3.0,Sunday,20:33,10.5,,45.0
3650,10,15,4,7.2,0.0,Thursday,10:56,8.6,14.6,22.7
3651,8,10,2,10.0,0.0,Wednesday,10:42,9.7,33.3,47.6
3652,7,11,4,4.7,1.0,Monday,07:59,11.8,11.2,11.4
3653,8,11,3,5.0,0.0,Wednesday,19:45,8.5,12.2,18.6
3654,11,19,4,7.1,2.0,Monday,19:42,7.3,21.1,34.2
3655,12,18,5,4.9,2.0,Friday,21:05,,12.4,22.8
3656,13,18,4,7.8,1.0,Wednesday,14:13,7.6,12.8,37.9
3657,13,19,5,10.1,0.0,Thursday,13:59,10.3,10.2,33.1
3658,13,19,5,7.0,1.0,Tuesday,21:02,13.8,11.6,25.2
3659,8,13,4,3.1,1.0,Wednesday,19:33,10.2,7.2,10.9
3660,4,10,4,5.0,0.0,Sunday,11:21,,3.8,8.3
3661,16,21,5,9.9,0.0,Saturday,14:15,11.1,23.2,49.6
3662,13,17,3,9.3,1.0,Thursday,21:43,11.1,23.3,51.1
3663,13,18,4,10.9,1.0,Monday,18:47,9.3,15.9,57.2
3664,12,18,5,,1.0,Monday,19:25,12.7,20.4,15.7
3665,5,11,4,11.5,0.0,Sunday,08:36,4.7,18.2,19.0
3666,4,9,5,5.1,0.0,Thursday,09:21,6.2,8.2,3.1
3667,5,8,2,11.5,4.0,Saturday,10:18,15.1,60.5,67.4
3668,8,14,5,5.4,0.0,Wednesday,20:00,13.6,7.8,11.4
3669,10,15,4,14.4,2.0,Saturday,09:31,7.5,29.7,61.3
3670,6,12,5,5.8,1.0,Thursday,15:16,8.9,0.0,12.5
3671,4,9,4,8.9,1.0,Monday,08:40,9.1,25.1,19.9
3672,7,12,4,10.5,1.0,Thursday,12:45,13.2,34.0,32.6
3673,11,15,3,10.1,1.0,Saturday,21:44,15.4,35.9,55.0
3674,11,17,4,6.4,0.0,Friday,02:00,8.7,0.0,12.3
3675,12,16,4,9.3,2.0,Tuesday,07:09,7.5,14.0,40.4
3676,6,10,3,7.8,0.0,Wednesday,09:39,7.1,34.9,19.2
3677,11,17,4,7.3,0.0,Sunday,13:04,8.4,14.4,25.4
3678,6,8,2,8.0,1.0,Sunday,05:34,0.0,13.5,24.2
3679,7,12,3,7.7,1.0,Wednesday,08:29,4.4,18.7,21.0
3680,3,6,3,8.5,0.0,Friday,17:30,8.1,30.2,16.0
3681,6,10,3,3.3,1.0,Tuesday,16:00,6.6,,12.5
3682,10,15,4,6.6,1.0,Monday,16:23,6.2,17.2,27.1
3683,15,18,3,10.1,0.0,Saturday,12:51,10.3,48.6,83.6
3684,2,9,5,8.6,1.0,Thursday,12:54,8.5,15.5,10.6
3685,5,11,6,,0.0,Wednesday,08:30,9.4,9.0,3.1
3686,11,16,4,5.0,0.0,Friday,21:30,9.6,5.5,17.4
3687,6,13,4,7.9,1.0,Wednesday,09:50,5.9,7.8,17.6
3688,4,8,4,6.7,1.0,Friday,07:26,10.0,11.2,13.1
3689,7,12,4,10.9,1.0,Friday,11:56,7.0,29.6,32.6
3690,14,20,6,8.3,1.0,Sunday,17:36,10.1,11.2,26.6
3691,11,15,3,12.2,0.0,Monday,16:54,5.4,36.4,64.2
3692,5,9,3,6.7,0.0,Thursday,10:58,10.4,12.7,14.1
3693,11,17,3,9.3,1.0,Wednesday,15:14,14.1,22.5,49.6
3694,6,11,4,4.9,0.0,Monday,21:32,2.4,24.6,11.7
3695,8,13,5,4.4,1.0,Monday,11:25,7.2,1.2,13.9
3696,15,22,6,4.6,0.0,Thursday,11:22,,0.0,15.3
3697,5,10,4,8.2,2.0,Sunday,09:46,11.7,4.1,19.7
3698,7,13,6,8.2,0.0,Friday,11:56,11.6,11.2,12.8
3699,8,12,4,5.4,0.0,Wednesday,11:09,8.0,9.2,15.8
3700,7,9,2,11.6,3.0,Thursday,10:34,9.6,48.8,68.0
3701,13,17,4,8.4,1.0,Friday,17:53,16.0,17.3,44.8
3702,17,24,5,6.0,3.0,Friday,16:58,12.3,,40.6
3703,9,14,3,7.5,1.0,Tuesday,07:00,9.9,23.4,28.5
3704,6,11,5,5.0,2.0,Sunday,20:29,12.0,13.9,18.6
3705,7,10,2,3.9,1.0,Wednesday,08:56,7.5,15.3,17.4
3706,4,9,4,6.8,0.0,Friday,05:27,6.8,5.3,2.9
3707,17,22,5,8.4,1.0,Friday,18:38,12.3,15.9,46.5
3708,11,18,5,9.6,2.0,Monday,12:30,13.2,16.1,46.6
3709,10,16,4,8.6,1.0,Friday,17:57,13.0,16.9,34.2
3710,14,21,5,5.9,1.0,Monday,18:49,,10.3,29.8
3711,14,20,5,2.8,1.0,Saturday,10:39,10.2,3.6,16.6
3712,6,11,4,9.1,0.0,Wednesday,10:45,10.8,23.6,19.1
3713,12,16,3,11.3,1.0,Saturday,11:04,9.6,41.5,72.7
3714,9,14,3,2.0,0.0,Sunday,14:38,9.5,7.1,45.7
3715,13,18,4,8.0,0.0,Thursday,16:51,11.3,20.0,35.5
3716,5,9,4,5.7,0.0,Tuesday,17:33,3.7,12.5,7.5
3717,13,19,5,11.1,1.0,Monday,19:50,14.7,13.7,42.8
3718,5,10,4,7.0,0.0,Saturday,14:21,13.2,7.1,16.0
3719,24,30,4,6.0,2.0,Friday,17:06,11.9,17.0,52.1
3720,4,9,4,9.6,0.0,Monday,08:44,5.7,22.6,12.2
3721,4,7,2,7.7,0.0,Thursday,11:34,10.4,13.8,20.9
3722,7,13,5,10.8,0.0,Tuesday,17:27,8.9,14.1,20.4
3723,11,14,2,6.4,1.0,Wednesday,21:50,,8.5,41.6
3724,5,9,4,7.2,0.0,Tuesday,16:07,10.5,9.1,18.3
3725,10,14,2,8.0,0.0,Wednesday,14:57,7.9,17.3,49.2
3726,10,16,5,8.2,1.0,Monday,07:12,9.1,0.0,24.7
3727,10,15,5,7.5,2.0,Wednesday,13:19,7.5,14.7,32.7
3728,2,6,3,7.0,0.0,Wednesday,15:35,12.3,23.4,9.5
3729,8,12,4,,0.0,Monday,10:01,7.8,10.3,25.3
3730,7,11,4,4.9,0.0,Wednesday,00:21,6.0,6.6,7.7
3731,14,20,4,7.7,1.0,Thursday,08:46,,4.1,33.1
3732,13,19,5,,0.0,Tuesday,08:19,4.0,0.3,10.9
3733,10,16,4,7.8,3.0,Thursday,07:45,10.8,16.4,31.6
3734,7,13,5,6.7,,Thursday,10:46,10.0,9.4,14.5
3735,14,18,4,8.0,0.0,Friday,17:59,14.9,,39.5
3736,9,14,3,8.8,2.0,Sunday,13:51,10.6,16.4,47.0
3737,16,20,4,12.0,1.0,Sunday,20:33,9.9,14.2,59.3
3738,5,8,3,7.7,1.0,Sunday,11:23,9.5,10.8,23.8
3739,8,13,4,13.1,0.0,Wednesday,09:34,2.7,20.4,29.1
3740,6,13,4,12.3,1.0,Tuesday,12:42,8.8,27.2,32.9
3741,14,20,5,7.9,0.0,Thursday,13:28,10.3,9.5,29.6
3742,11,15,4,6.1,0.0,Saturday,07:08,9.2,11.6,23.9
3743,12,18,5,4.7,0.0,Saturday,15:47,13.8,6.9,14.2
3744,4,6,2,4.6,0.0,Sunday,08:41,3.0,16.5,7.2
3745,20,25,4,8.6,5.0,Monday,13:32,13.1,22.2,90.5
3746,6,9,3,6.8,0.0,Thursday,07:53,,3.0,11.1
3747,8,13,4,9.3,0.0,Monday,07:01,8.1,18.8,26.5
3748,11,19,6,7.2,0.0,Saturday,17:21,8.5,6.3,21.9
3749,6,9,2,6.7,1.0,Saturday,09:15,6.1,18.5,31.7
3750,8,13,4,10.8,4.0,Friday,13:13,9.0,,53.5
3751,13,18,5,9.2,0.0,Saturday,19:42,11.3,1.2,33.6
3752,6,10,4,9.9,2.0,Monday,21:20,8.2,14.5,29.0
3753,-1,14,6,8.3,1.0,Sunday,18:34,10.8,8.4,18.0
3754,8,14,4,9.9,2.0,Wednesday,17:00,6.6,14.4,36.0
3755,3,7,4,9.4,1.0,Wednesday,09:14,11.6,13.8,14.8
3756,6,11,4,8.7,1.0,Thursday,15:35,10.7,14.2,23.9
3757,9,13,4,8.7,0.0,Thursday,12:00,10.1,2.2,28.7
3758,13,21,4,13.2,0.0,Saturday,14:02,10.0,24.3,62.8
3759,3,10,5,8.8,0.0,Sunday,11:06,8.9,29.4,7.9
3760,14,21,6,10.7,5.0,Tuesday,19:07,14.2,0.0,60.3
3761,21,28,5,12.6,1.0,Saturday,17:36,11.9,30.2,88.7
3762,12,15,3,8.6,0.0,Friday,19:41,12.5,19.7,48.9
3763,10,13,3,9.3,,Sunday,16:20,9.9,17.6,35.9
3764,13,18,5,7.2,2.0,Wednesday,17:15,8.8,8.3,34.2
3765,9,14,4,5.7,0.0,Wednesday,18:46,11.3,5.9,14.6
3766,8,14,3,11.6,2.0,Tuesday,11:01,6.3,36.0,52.7
3767,19,26,6,4.7,,Monday,14:55,15.4,13.6,24.8
3768,9,12,3,7.1,0.0,Sunday,02:42,6.5,6.3,14.9
3769,12,20,5,8.6,2.0,Monday,14:38,9.9,8.4,35.2
3770,11,16,5,12.7,2.0,Monday,11:52,13.0,14.4,51.8
3771,9,14,4,6.3,0.0,Friday,16:00,7.9,27.3,21.9
3772,7,10,3,10.3,0.0,Tuesday,18:47,4.8,32.2,36.2
3773,9,14,4,8.6,1.0,Wednesday,10:46,11.7,7.6,28.4
3774,14,19,4,6.6,1.0,Friday,13:25,5.9,13.2,34.9
3775,9,14,5,7.7,1.0,Sunday,15:03,5.6,6.4,18.2
3776,6,10,3,3.9,2.0,Friday,10:52,9.9,13.8,11.4
3777,9,13,3,9.2,,Tuesday,20:54,5.1,29.1,33.3
3778,10,14,4,7.2,0.0,Thursday,20:44,8.1,7.6,21.5
3779,4,6,2,7.4,0.0,Sunday,07:02,1.8,10.6,13.8
3780,10,16,5,7.1,0.0,Saturday,16:12,12.2,7.9,19.5
3781,8,11,3,4.4,0.0,Saturday,19:20,8.4,1.4,19.9
3782,9,14,5,8.5,2.0,Sunday,15:26,5.7,11.3,27.0
3783,9,12,1,4.0,1.0,Sunday,15:31,10.3,18.1,42.1
3784,5,9,4,9.7,0.0,Friday,12:25,9.5,20.9,20.1
3785,6,10,3,8.0,0.0,Thursday,08:28,5.1,19.2,15.9
3786,8,12,4,10.3,0.0,Sunday,16:24,8.4,27.9,25.7
3787,9,13,4,7.0,0.0,Thursday,14:24,8.4,7.9,20.9
3788,5,10,4,7.4,0.0,Sunday,07:26,8.1,19.1,9.2
3789,9,13,2,5.8,0.0,Friday,20:29,8.3,17.4,39.8
3790,9,14,5,6.6,0.0,Wednesday,17:00,9.1,0.0,15.3
3791,14,22,6,9.5,0.0,Tuesday,19:54,9.8,11.6,29.3
3792,10,15,5,6.7,1.0,Friday,11:41,11.3,11.4,25.2
3793,12,15,3,8.7,1.0,Friday,08:06,9.6,13.3,42.4
3794,12,16,3,9.4,1.0,Wednesday,18:13,9.1,21.4,59.8
3795,14,18,3,9.3,0.0,Monday,10:37,9.8,24.2,55.1
3796,6,10,3,9.2,0.0,Saturday,19:25,4.7,30.1,31.2
3797,10,16,5,7.6,0.0,Sunday,18:13,7.7,6.2,19.2
3798,11,17,5,11.5,2.0,Saturday,13:27,16.0,34.0,58.7
3799,8,13,4,8.5,0.0,Saturday,14:45,9.5,30.4,29.7
3800,6,13,5,11.0,1.0,Monday,12:44,10.6,19.4,26.8
3801,16,21,4,9.7,0.0,Tuesday,20:08,5.9,29.1,47.4
3802,8,13,3,8.0,0.0,Friday,15:01,7.2,11.0,29.9
3803,11,14,3,9.3,0.0,Wednesday,07:27,7.1,17.6,38.0
3804,10,14,4,7.1,2.0,Tuesday,19:07,7.1,13.4,36.0
3805,3,6,3,9.9,0.0,Friday,04:55,5.8,29.3,9.5
3806,7,12,5,10.9,0.0,Saturday,08:21,6.4,14.4,22.2
3807,17,22,4,4.3,0.0,Monday,16:36,11.2,6.7,27.8
3808,8,12,3,,0.0,Saturday,12:42,12.6,31.0,38.0
3809,9,14,5,6.4,2.0,Sunday,17:05,9.5,3.9,17.7
3810,9,14,5,10.4,3.0,Monday,10:37,9.3,17.8,39.7
3811,8,10,1,9.1,1.0,Wednesday,14:27,9.1,,94.7
3812,9,13,4,5.0,0.0,Sunday,14:58,5.0,,13.5
3813,12,17,5,6.6,0.0,Tuesday,12:15,13.9,12.9,24.5
3814,11,16,5,11.9,1.0,Saturday,19:37,11.7,21.6,46.9
3815,18,24,5,7.1,2.0,Friday,21:01,10.7,21.1,42.8
3816,6,10,3,6.3,1.0,Monday,01:25,6.4,18.6,13.3
3817,11,16,4,6.0,1.0,Thursday,12:05,11.8,7.9,26.6
3818,0,3,3,11.7,0.0,Sunday,21:11,3.1,25.0,0.0
3819,9,14,4,5.0,1.0,Thursday,20:02,9.1,8.2,18.1
3820,8,14,5,8.0,1.0,Friday,10:03,14.1,5.1,22.7
3821,14,19,4,10.5,0.0,Tuesday,11:31,7.6,25.3,49.0
3822,8,13,3,9.3,0.0,Tuesday,09:57,8.8,22.4,26.5
3823,11,15,4,8.8,1.0,Sunday,15:54,5.6,19.5,35.4
3824,17,22,5,5.4,0.0,Thursday,10:12,9.7,5.9,18.7
3825,4,9,4,10.6,0.0,Sunday,05:54,4.6,15.2,4.2
3826,9,13,3,9.1,1.0,Sunday,21:27,9.0,18.9,36.2
3827,7,12,3,8.3,0.0,Saturday,18:00,8.5,38.6,39.3
3828,3,6,2,4.1,1.0,Sunday,16:36,3.8,26.4,6.8
3829,6,11,4,5.3,0.0,Wednesday,06:24,5.0,11.2,8.3
3830,10,17,4,9.6,,Wednesday,15:19,8.0,19.4,30.8
3831,3,7,3,11.0,0.0,Thursday,16:16,7.3,23.0,17.6
3832,8,14,6,9.2,1.0,Tuesday,11:45,9.9,7.1,21.8
3833,4,8,3,8.8,1.0,Wednesday,10:42,7.0,9.6,16.4
3834,13,19,4,4.1,0.0,Monday,16:43,10.7,10.5,22.3
3835,11,16,4,5.5,1.0,Thursday,07:54,11.1,16.6,21.5
3836,11,16,3,13.2,,Friday,07:29,13.4,24.7,59.5
3837,9,14,3,6.1,0.0,Monday,21:07,10.6,12.5,25.2
3838,5,9,4,7.3,1.0,Tuesday,05:30,6.7,0.0,12.0
3839,4,9,3,2.0,1.0,Saturday,05:54,6.2,9.9,8.3
3840,10,15,4,9.3,0.0,Monday,14:20,10.0,12.3,34.1
3841,4,8,3,,0.0,Tuesday,23:58,9.9,12.5,8.9
3842,13,21,5,8.5,1.0,Tuesday,20:13,13.1,,31.3
3843,9,15,3,6.1,3.0,Friday,17:50,11.0,5.5,33.1
3844,4,10,5,7.0,0.0,Thursday,17:46,8.1,4.4,6.5
3845,13,17,4,5.5,0.0,Tuesday,11:39,8.3,16.7,22.6
3846,7,11,3,5.0,0.0,Sunday,11:02,8.0,19.8,12.2
3847,2,6,4,4.7,0.0,Sunday,13:19,5.3,,5.3
3848,7,15,3,2.0,1.0,Thursday,17:37,9.9,0.0,8.3
3849,12,18,5,6.1,2.0,Tuesday,13:59,16.3,2.4,24.7
3850,12,19,6,6.9,0.0,Monday,21:39,,14.5,17.2
3851,10,15,3,5.8,1.0,Friday,08:41,9.2,21.7,24.2
3852,13,19,6,6.9,1.0,Tuesday,18:15,9.7,5.2,23.5
3853,7,17,6,4.7,0.0,Friday,08:56,2.9,9.8,5.6
3854,8,15,5,4.6,1.0,Wednesday,07:59,7.7,8.3,10.4
3855,9,16,5,8.3,0.0,Wednesday,15:09,12.5,14.6,17.5
3856,3,8,3,13.2,1.0,Wednesday,19:20,6.3,27.3,25.2
3857,7,14,5,3.7,1.0,Tuesday,08:41,9.2,0.0,8.9
3858,15,20,5,9.5,1.0,Saturday,20:33,13.7,17.9,43.3
3859,8,15,5,7.2,1.0,Saturday,17:06,8.7,5.5,18.1
3860,8,12,3,6.4,0.0,Thursday,12:11,7.4,8.2,19.9
3861,14,22,6,9.6,2.0,Friday,16:24,9.9,11.0,39.5
3862,8,14,6,10.0,0.0,Wednesday,19:22,8.5,14.4,18.4
3863,14,21,5,7.7,2.0,Sunday,15:01,7.8,10.6,31.1
3864,8,11,3,5.1,2.0,Wednesday,11:59,5.6,0.0,20.0
3865,10,16,4,8.1,1.0,Friday,19:49,13.8,26.0,36.5
3866,3,9,3,10.4,1.0,Thursday,08:41,7.8,17.8,18.2
3867,10,18,5,2.6,0.0,Saturday,08:20,9.4,0.0,3.7
3868,6,11,5,7.5,,Wednesday,10:05,10.4,16.4,19.7
3869,6,11,4,10.4,0.0,Friday,14:48,9.3,16.5,22.7
3870,7,12,4,7.4,1.0,Sunday,10:19,8.9,17.5,18.6
3871,4,8,3,6.6,0.0,Sunday,10:53,8.7,11.3,7.8
3872,3,10,5,7.3,1.0,Sunday,08:36,9.2,12.9,10.9
3873,10,15,3,5.8,1.0,Friday,08:41,9.2,21.7,24.2
3874,10,14,4,5.1,1.0,Wednesday,15:02,8.1,5.1,19.3
3875,4,9,4,2.0,1.0,Sunday,16:58,8.5,1.2,4.5
3876,7,12,5,5.3,1.0,Friday,10:40,12.1,5.1,12.0
3877,3,8,4,7.5,1.0,Thursday,21:10,15.5,18.0,12.5
3878,11,14,3,7.1,0.0,Wednesday,11:05,10.9,21.5,34.0
3879,18,23,4,7.5,0.0,Monday,12:45,9.6,24.5,50.7
3880,8,13,4,6.5,1.0,Tuesday,14:16,8.1,18.3,20.1
3881,6,11,4,7.0,4.0,Sunday,11:12,5.7,13.7,24.2
3882,8,12,4,6.2,0.0,Sunday,13:57,6.9,16.4,59.1
3883,14,20,4,5.6,0.0,Saturday,07:26,,8.4,25.5
3884,8,14,4,2.9,0.0,Friday,15:25,6.3,3.7,6.5
3885,12,15,2,10.8,1.0,Friday,18:27,12.5,35.9,103.0
3886,15,20,5,9.6,1.0,Wednesday,17:18,9.3,18.4,42.0
3887,5,10,5,,1.0,Tuesday,08:35,7.6,14.2,6.8
3888,9,14,5,8.2,1.0,Saturday,15:42,9.7,4.5,25.1
3889,7,11,3,2.0,1.0,Tuesday,20:42,7.5,0.0,5.4
3890,13,16,3,8.4,1.0,Thursday,08:20,11.6,9.2,44.1
3891,11,15,4,12.4,0.0,Saturday,17:16,9.4,38.6,53.6
3892,7,12,3,7.7,0.0,Wednesday,11:28,8.1,26.0,22.5
3893,6,11,5,7.3,0.0,Saturday,10:31,8.9,1.0,9.8
3894,4,9,2,3.4,0.0,Thursday,16:38,5.8,6.0,7.0
3895,6,8,2,6.9,0.0,Tuesday,08:27,3.6,16.5,24.9
3896,11,14,3,10.6,1.0,Tuesday,12:44,6.3,26.1,61.6
3897,11,16,4,13.1,0.0,Saturday,10:25,4.4,25.6,49.1
3898,8,14,6,8.6,0.0,Tuesday,15:41,9.0,0.4,13.9
3899,8,11,2,3.7,0.0,Thursday,15:12,2.6,6.1,20.9
3900,7,12,4,2.2,1.0,Sunday,11:34,8.4,11.1,1.6
3901,24,31,6,12.3,1.0,Saturday,13:43,9.9,25.7,86.1
3902,4,10,6,4.2,0.0,Sunday,18:03,6.6,0.0,7.1
3903,7,14,3,4.5,,Thursday,17:35,14.5,11.0,14.6
3904,6,9,3,9.5,1.0,Tuesday,14:21,10.8,31.1,35.1
3905,13,20,5,8.4,0.0,Tuesday,18:41,11.6,17.5,29.7
3906,10,14,3,7.9,1.0,Monday,18:05,6.8,31.6,44.7
3907,7,12,4,3.5,1.0,Friday,13:32,14.4,8.9,16.3
3908,12,18,6,8.1,0.0,Saturday,16:42,13.8,14.8,23.5
3909,4,9,4,10.3,0.0,Thursday,20:05,5.9,3.4,15.6
3910,7,11,4,8.7,0.0,Tuesday,02:23,6.8,6.5,10.1
3911,8,14,5,10.4,1.0,Saturday,07:06,10.5,23.0,24.6
3912,6,9,3,7.9,0.0,Sunday,14:30,5.2,7.0,19.4
3913,6,8,1,11.0,1.0,Thursday,09:19,7.5,86.9,86.2
3914,13,18,4,10.0,0.0,Saturday,14:14,10.1,34.0,51.8
3915,10,14,3,9.1,0.0,Sunday,21:11,6.5,12.7,31.7
3916,9,14,5,11.1,2.0,Sunday,14:53,11.7,8.6,35.7
3917,10,17,6,4.5,1.0,Friday,19:40,5.8,16.3,19.1
3918,7,12,4,6.5,0.0,Sunday,09:09,3.3,1.5,7.9
3919,12,17,4,6.0,0.0,Saturday,07:12,10.6,4.6,19.1
3920,13,18,4,10.0,0.0,Wednesday,11:43,9.9,,41.6
3921,8,12,3,8.4,3.0,Wednesday,07:32,10.6,17.7,36.0
3922,6,12,5,9.2,0.0,Friday,17:42,11.5,21.6,23.5
3923,10,16,4,10.2,1.0,Tuesday,20:00,7.8,12.8,37.2
3924,4,12,5,4.7,1.0,Wednesday,06:05,5.2,12.2,3.5
3925,5,12,4,7.2,0.0,Thursday,14:23,8.2,19.6,13.2
3926,11,15,2,6.6,2.0,Wednesday,10:48,8.7,16.5,50.4
3927,8,12,4,7.3,2.0,Tuesday,11:45,9.1,12.3,27.0
3928,7,14,4,8.6,1.0,Sunday,16:51,9.8,20.3,27.4
3929,11,17,4,9.2,,Wednesday,07:46,6.9,12.5,26.4
3930,4,8,3,6.2,0.0,Thursday,01:29,4.3,1.2,5.1
3931,8,12,2,13.6,1.0,Wednesday,05:08,7.2,25.9,50.6
3932,7,10,2,2.0,0.0,Wednesday,02:23,8.0,8.7,4.3
3933,7,10,2,5.1,0.0,Tuesday,18:24,4.8,27.3,25.3
3934,3,8,3,6.9,0.0,Tuesday,08:12,10.9,2.8,11.8
3935,6,8,2,5.0,1.0,Tuesday,07:15,7.2,23.4,24.4
3936,10,14,4,10.6,2.0,Saturday,07:56,12.6,26.4,48.6
3937,6,12,5,5.6,0.0,Friday,20:39,7.3,,7.2
3938,9,15,4,6.1,0.0,Thursday,19:31,3.9,6.7,22.6
3939,7,12,4,9.4,0.0,Wednesday,16:28,9.2,16.6,18.0
3940,6,13,3,7.0,1.0,Sunday,16:43,9.9,22.4,19.2
3941,1,5,3,10.4,0.0,Thursday,11:11,9.8,32.6,8.7
3942,6,11,4,6.4,2.0,Thursday,16:49,11.4,16.7,20.9
3943,11,16,5,8.8,0.0,Wednesday,14:08,9.4,18.7,27.5
3944,4,10,4,5.9,0.0,Tuesday,21:48,6.0,17.6,7.3
3945,16,22,5,6.3,0.0,Friday,20:29,11.0,11.5,27.3
3946,9,14,5,6.0,0.0,Wednesday,12:15,14.2,9.1,17.0
3947,9,14,4,10.4,1.0,Tuesday,13:04,9.7,14.9,37.0
3948,14,21,5,11.6,0.0,Tuesday,08:36,8.9,13.7,31.3
3949,6,11,3,10.7,0.0,Friday,21:40,10.6,21.3,25.8
3950,11,17,3,6.0,1.0,Monday,18:01,8.6,18.7,56.3
3951,6,11,3,,0.0,Saturday,04:15,8.4,17.8,18.5
3952,10,14,3,10.4,0.0,Tuesday,17:36,5.7,41.7,47.5
3953,7,14,4,5.9,0.0,Saturday,08:41,10.1,22.5,21.8
3954,6,10,4,4.7,0.0,Sunday,10:52,,5.9,5.2
3955,15,22,5,6.8,1.0,Monday,17:56,13.4,1.6,31.2
3956,3,8,4,5.3,0.0,Thursday,06:45,6.3,4.2,2.5
3957,6,10,4,8.3,0.0,Friday,11:02,9.5,17.9,18.4
3958,11,15,4,10.0,0.0,Thursday,14:14,14.7,25.2,38.8
3959,16,23,4,7.7,1.0,Wednesday,11:20,12.2,16.7,45.2
3960,10,14,3,6.1,0.0,Monday,17:56,9.9,13.9,27.9
3961,3,7,3,8.6,2.0,Sunday,15:03,,15.1,16.9
3962,13,17,4,4.9,0.0,Friday,14:45,11.4,3.8,18.4
3963,14,18,2,5.2,0.0,Saturday,09:32,2.9,14.3,45.2
3964,10,14,4,9.0,2.0,Monday,14:17,15.4,23.3,39.1
3965,6,10,3,7.4,0.0,Wednesday,21:40,,7.9,12.8
3966,9,15,5,9.0,2.0,Friday,19:42,8.3,8.4,30.7
3967,10,16,2,7.8,1.0,Monday,16:51,9.1,38.3,66.0
3968,7,11,3,11.2,0.0,Sunday,11:43,8.4,33.4,32.3
3969,12,19,5,3.1,1.0,Thursday,14:18,9.4,11.1,11.7
3970,6,9,3,9.9,,Monday,20:15,6.5,33.6,28.5
3971,15,23,5,9.7,0.0,Saturday,14:12,11.8,18.9,41.2
3972,10,15,5,9.0,1.0,Tuesday,10:34,8.0,11.7,29.4
3973,12,16,4,10.0,1.0,Thursday,18:11,11.6,13.3,46.1
3974,6,14,5,7.2,1.0,Friday,13:28,14.2,23.6,24.1
3975,21,27,5,9.2,2.0,Friday,13:07,13.2,9.8,68.7
3976,9,14,4,9.9,1.0,Sunday,21:33,5.3,25.9,29.2
3977,6,11,4,8.5,0.0,Friday,10:11,11.0,25.1,19.1
3978,7,15,4,8.0,1.0,Friday,06:50,6.1,0.0,15.8
3979,0,4,4,6.2,1.0,Sunday,06:02,11.0,18.0,3.7
3980,8,13,4,12.6,0.0,Tuesday,01:39,4.1,14.9,20.6
3981,12,17,5,6.3,0.0,Tuesday,12:37,11.6,10.4,21.7
3982,12,17,4,8.8,0.0,Thursday,12:11,11.2,25.3,41.4
3983,7,10,3,10.4,1.0,Tuesday,19:55,3.5,30.2,38.9
3984,12,17,3,9.4,1.0,Wednesday,15:23,9.0,11.9,45.5
3985,9,14,4,7.2,1.0,Friday,21:26,12.5,10.2,24.0
3986,10,17,6,5.1,0.0,Friday,13:04,7.2,12.3,16.0
3987,6,9,3,3.8,0.0,Sunday,07:39,4.4,5.7,8.5
3988,11,15,4,7.6,2.0,Monday,18:47,12.1,17.9,40.8
3989,8,14,4,5.9,0.0,Saturday,14:30,8.2,11.3,18.7
3990,8,12,3,7.3,0.0,Wednesday,05:09,5.4,12.2,11.3
3991,7,12,4,2.0,0.0,Sunday,19:09,3.2,5.3,3.7
3992,18,23,4,7.6,3.0,Wednesday,19:42,15.7,0.2,61.2
3993,4,8,4,7.9,0.0,Wednesday,15:11,5.8,5.5,6.6
3994,6,11,5,6.9,0.0,Tuesday,13:32,,11.5,13.2
3995,8,14,6,12.1,,Thursday,14:19,13.5,19.4,23.2
3996,9,14,5,7.5,0.0,Sunday,07:26,6.0,6.0,12.6
3997,7,12,5,3.7,0.0,Sunday,11:07,6.0,,7.4
3998,11,15,4,6.2,1.0,Saturday,18:32,7.5,3.3,27.6
3999,9,13,3,7.1,1.0,Thursday,09:48,13.1,11.2,29.9
4000,6,11,4,7.0,1.0,Tuesday,21:23,11.1,12.3,16.0
4001,5,10,2,12.3,0.0,Sunday,08:43,5.7,47.7,35.1
4002,9,13,4,9.2,1.0,Wednesday,07:01,3.5,0.9,27.0
4003,6,10,4,6.0,1.0,Wednesday,18:42,10.4,19.5,19.8
4004,12,17,5,6.1,0.0,Tuesday,15:53,9.7,11.3,15.9
4005,8,12,3,5.3,0.0,Monday,19:21,3.4,24.1,21.5
4006,2,5,2,4.1,1.0,Tuesday,16:01,3.3,4.5,3.7
4007,3,7,2,9.1,0.0,Sunday,21:22,7.5,21.3,13.5
4008,12,19,3,8.5,1.0,Friday,12:43,13.3,17.8,54.9
4009,5,13,4,9.8,0.0,Sunday,18:59,11.9,15.7,19.3
4010,2,7,3,7.0,0.0,Friday,05:03,6.4,5.3,3.0
4011,11,17,5,12.9,1.0,Thursday,17:00,11.2,19.5,43.8
4012,6,10,4,4.2,1.0,Monday,22:26,9.0,3.2,10.8
4013,15,19,3,13.7,3.0,Friday,12:49,8.7,46.6,125.3
4014,6,13,4,7.4,0.0,Thursday,15:42,7.3,16.2,15.9
4015,16,21,5,5.3,0.0,Friday,13:54,11.8,5.2,26.3
4016,5,9,4,4.4,2.0,Monday,15:58,9.8,23.3,14.9
4017,5,10,4,10.3,,Tuesday,12:43,12.0,27.4,18.2
4018,14,17,3,8.4,1.0,Wednesday,20:31,7.9,19.6,49.5
4019,8,14,6,10.9,2.0,Thursday,17:16,9.2,29.8,32.6
4020,13,16,3,5.5,0.0,Thursday,21:08,6.8,4.0,29.0
4021,16,18,2,8.1,1.0,Friday,10:39,4.6,24.6,84.9
4022,5,9,4,9.7,0.0,Saturday,08:06,6.6,30.2,13.8
4023,13,19,5,11.3,3.0,Monday,19:39,10.2,17.6,58.6
4024,7,11,4,5.8,1.0,Sunday,11:54,12.4,7.2,14.7
4025,9,15,5,8.9,0.0,Wednesday,18:34,7.1,9.7,23.1
4026,4,8,3,6.3,0.0,Monday,04:40,3.7,13.8,6.0
4027,9,14,4,7.1,1.0,Wednesday,08:53,7.6,6.8,20.4
4028,13,19,4,11.9,2.0,Thursday,18:41,11.2,22.2,67.4
4029,7,13,4,6.7,2.0,Sunday,17:36,1.3,8.3,23.8
4030,9,16,5,10.5,0.0,Thursday,20:50,9.1,19.8,20.1
4031,9,14,4,4.7,0.0,Wednesday,12:11,10.5,13.5,16.6
4032,2,6,4,13.2,1.0,Wednesday,21:58,8.2,15.8,13.5
4033,12,16,4,10.2,2.0,Monday,16:50,11.1,25.9,59.1
4034,11,16,5,12.2,1.0,Tuesday,19:39,11.6,30.8,45.2
4035,11,16,5,9.0,0.0,Saturday,15:49,14.2,13.1,29.9
4036,6,11,5,7.2,1.0,Sunday,16:57,8.4,15.0,14.0
4037,6,14,5,4.3,0.0,Thursday,10:28,8.3,0.8,5.2
4038,11,16,5,3.8,2.0,Tuesday,18:38,8.3,15.9,50.4
4039,2,5,3,7.3,1.0,Monday,02:28,5.5,13.0,13.2
4040,17,20,3,8.3,0.0,Sunday,16:11,12.1,18.5,52.0
4041,10,19,5,8.0,0.0,Friday,11:49,,15.4,27.3
4042,7,13,6,8.8,,Monday,12:00,12.6,9.4,13.7
4043,7,12,4,7.4,0.0,Friday,17:16,9.9,14.4,16.1
4044,6,13,5,8.5,1.0,Wednesday,08:42,7.7,6.0,18.7
4045,8,13,3,9.9,2.0,Tuesday,13:12,9.6,51.5,50.6
4046,7,12,3,4.6,2.0,Wednesday,07:45,5.8,5.3,16.7
4047,13,19,5,9.3,0.0,Tuesday,18:24,6.6,19.8,30.1
4048,9,14,4,5.3,0.0,Monday,14:26,7.7,20.8,18.5
4049,4,9,4,9.6,0.0,Wednesday,04:24,10.0,4.2,9.4
4050,11,17,6,6.4,1.0,Saturday,08:10,10.1,0.0,16.4
4051,7,10,3,5.9,0.0,Friday,11:25,9.6,,21.2
4052,10,16,5,8.8,0.0,Monday,18:13,9.3,19.9,28.3
4053,8,15,6,8.1,1.0,Wednesday,11:41,12.8,16.2,22.0
4054,12,16,3,6.2,2.0,Monday,07:59,7.4,30.1,38.3
4055,5,9,3,6.9,3.0,Monday,20:48,,3.5,26.4
4056,7,10,3,12.2,0.0,Sunday,18:53,4.6,22.3,34.5
4057,5,10,5,7.9,0.0,Tuesday,18:57,6.4,9.5,10.8
4058,7,10,3,7.0,1.0,Wednesday,23:10,8.1,7.3,18.1
4059,8,11,3,7.6,0.0,Saturday,09:02,11.8,26.1,30.3
4060,10,15,3,3.4,0.0,Thursday,07:43,8.8,7.4,11.9
4061,7,11,2,2.0,1.0,Thursday,08:57,6.6,1.2,7.1
4062,17,24,4,8.5,0.0,Tuesday,21:11,7.9,30.6,41.1
4063,7,11,4,7.0,0.0,Wednesday,12:39,12.4,16.1,16.2
4064,13,17,3,7.3,0.0,Sunday,16:22,9.1,,40.6
4065,3,6,3,5.6,0.0,Sunday,21:15,7.8,13.8,10.1
4066,2,8,4,3.9,2.0,Friday,01:56,3.0,5.8,10.4
4067,8,13,3,8.4,1.0,Wednesday,19:08,7.3,38.3,34.7
4068,5,9,2,7.8,,Thursday,15:50,5.2,24.4,24.1
4069,7,10,3,2.1,0.0,Wednesday,11:00,10.5,6.4,8.7
4070,21,30,6,5.1,0.0,Tuesday,19:49,12.9,4.5,28.7
4071,6,11,4,4.5,0.0,Sunday,13:37,9.9,8.7,38.2
4072,16,25,6,8.0,,Tuesday,19:01,14.8,13.3,27.0
4073,13,20,5,6.2,1.0,Saturday,11:28,6.0,1.7,24.0
4074,11,16,4,7.0,1.0,Thursday,09:47,11.2,26.7,28.4
4075,2,4,2,7.7,0.0,Monday,03:33,5.8,10.1,10.1
4076,8,12,4,9.4,0.0,Wednesday,12:55,3.9,19.2,24.7
4077,15,24,4,7.6,0.0,Sunday,13:17,8.6,4.6,37.2
4078,7,12,4,5.7,0.0,Sunday,12:55,9.7,10.3,14.3
4079,11,16,5,8.8,0.0,Saturday,12:50,11.0,11.6,29.0
4080,6,10,4,8.8,0.0,Sunday,08:36,8.6,14.3,14.2
