queue_id,num_people_waiting,queue_length,active_counters,avg_service_time,priority_customers,day_of_week,time_of_day,historical_queue_load,previous_waiting_time,actual_waiting_time,hour,time_period,is_weekend
558,13,16,3,7.8,0,Sunday,11:44,11.9,24.0,42.4,11,Morning,True
1587,6,10,2,9.7,2,Monday,11:37,9.6,44.7,57.2,11,Morning,False
603,4,10,4,6.1,1,Sunday,15:03,9.8,3.9,10.3,15,Afternoon,True
443,2,9,5,9.0,1,Sunday,07:08,4.6,15.4,10.8,7,Morning,True
1776,10,13,3,4.9,1,Thursday,20:22,12.7,11.7,24.8,20,Evening,False
219,4,9,3,7.7,3,Thursday,15:36,7.0,19.5,26.2,15,Afternoon,False
2100,9,13,2,5.1,0,Thursday,10:46,10.8,29.5,31.7,10,Morning,False
880,4,9,5,3.7,1,Friday,23:15,5.9,4.2,2.8,23,Night,False
737,7,11,3,2.7,0,Thursday,16:01,7.0,0.0,7.0,16,Afternoon,False
3312,9,15,4,5.9,0,Monday,14:20,9.5,9.2,19.0,14,Afternoon,False
2728,9,14,5,11.0,0,Saturday,03:09,9.0,13.1,18.9,3,Night,True
3802,11,16,4,13.1,0,Saturday,10:25,4.4,25.6,49.1,10,Morning,True
1428,6,9,2,10.6,1,Thursday,14:11,3.6,50.6,71.3,14,Afternoon,False
1362,16,23,5,2.8,0,Monday,13:12,10.8,12.6,17.4,13,Afternoon,False
3371,11,16,5,8.4,1,Monday,12:53,8.0,14.8,32.3,12,Afternoon,False
3429,6,12,5,6.7,0,Saturday,14:11,7.7,11.7,15.3,14,Afternoon,True
2881,2,5,3,2.6,0,Wednesday,16:57,3.9,14.8,3.7,16,Afternoon,False
2820,15,18,3,6.3,1,Saturday,18:50,17.3,0.0,48.1,18,Evening,True
1211,10,14,4,7.2,0,Saturday,00:01,7.6,5.2,16.4,0,Night,True
3826,8,12,3,8.4,3,Wednesday,07:32,10.6,17.7,36.0,7,Morning,False
2790,6,13,3,7.5,0,Sunday,21:17,7.8,11.1,15.7,21,Night,True
1715,4,8,3,6.7,0,Monday,00:32,3.9,12.2,7.4,0,Night,False
2982,7,11,4,5.4,0,Saturday,08:25,10.0,15.3,13.9,8,Morning,True
949,7,13,4,5.4,0,Monday,11:32,11.3,16.6,15.1,11,Morning,False
3213,8,12,4,7.3,0,Thursday,20:02,8.1,13.0,19.5,20,Evening,False
806,8,12,4,5.6,3,Thursday,13:05,12.5,17.2,23.7,13,Afternoon,False
2697,4,8,3,9.7,0,Tuesday,05:23,2.9,21.2,7.7,5,Night,False
1314,3,9,4,7.4,1,Monday,18:00,9.5,11.0,15.4,18,Evening,False
1737,9,16,3,10.3,1,Saturday,08:43,5.9,27.1,43.9,8,Morning,True
579,11,17,5,7.7,1,Friday,11:29,10.1,8.6,26.6,11,Morning,False
2271,4,8,3,11.3,3,Thursday,00:02,4.4,9.3,29.0,0,Night,False
1654,4,8,4,8.4,0,Saturday,07:50,8.7,14.0,10.9,7,Morning,True
3352,9,15,5,4.0,1,Friday,09:54,12.1,0.0,11.8,9,Morning,False
1,7,13,4,3.0,0,Thursday,12:09,8.5,2.0,7.7,12,Afternoon,False
1124,6,12,4,5.4,0,Thursday,10:39,10.7,4.6,11.5,10,Morning,False
3174,7,12,4,8.9,0,Thursday,15:53,9.7,21.1,19.4,15,Afternoon,False
3831,11,15,2,6.6,2,Wednesday,10:48,8.7,16.5,50.4,10,Morning,False
2601,7,12,4,8.6,1,Tuesday,10:48,8.7,15.7,22.7,10,Morning,False
3918,15,19,3,13.7,3,Friday,12:49,8.7,46.6,125.3,12,Afternoon,False
3794,7,11,3,2.0,1,Tuesday,20:42,7.5,0.0,5.4,20,Evening,False
248,15,21,5,7.6,1,Thursday,19:58,6.5,2.8,33.6,19,Evening,False
1412,10,12,2,8.1,0,Friday,15:22,5.7,11.5,54.8,15,Afternoon,False
1351,7,13,6,6.6,0,Wednesday,18:26,11.5,6.4,9.4,18,Evening,False
2382,9,14,5,7.6,2,Saturday,19:30,7.8,13.5,30.3,19,Evening,True
2828,4,10,5,8.7,1,Monday,15:33,5.0,0.0,10.5,15,Afternoon,False
2758,4,9,3,7.5,1,Tuesday,13:54,9.3,13.7,17.0,13,Afternoon,False
3764,15,20,5,9.5,1,Saturday,20:33,13.7,17.9,43.3,20,Evening,True
651,12,18,6,8.4,3,Thursday,16:19,13.5,1.3,35.5,16,Afternoon,False
1951,6,12,3,8.0,0,Tuesday,15:28,3.5,29.2,24.7,15,Afternoon,False
3402,6,12,4,14.4,2,Saturday,02:03,4.1,9.6,35.1,2,Night,True
1862,12,16,4,8.5,2,Thursday,09:48,7.5,19.9,35.5,9,Morning,False
1513,15,22,5,7.3,0,Friday,14:24,8.7,19.9,33.0,14,Afternoon,False
176,5,11,5,10.8,0,Wednesday,10:15,11.7,16.4,14.0,10,Morning,False
279,9,16,5,10.1,0,Monday,07:53,10.3,22.6,24.5,7,Morning,False
1437,10,13,3,11.6,0,Monday,21:56,5.8,38.3,47.9,21,Night,False
2858,7,13,4,10.4,1,Monday,09:37,7.2,23.9,29.1,9,Morning,False
2150,3,8,3,5.8,1,Friday,05:13,2.3,4.1,6.6,5,Night,False
1972,9,13,4,9.0,0,Tuesday,07:28,8.8,16.0,22.6,7,Morning,False
2520,6,12,4,6.5,1,Tuesday,09:28,13.0,15.2,15.7,9,Morning,False
2233,4,6,2,6.1,1,Saturday,00:41,5.4,37.1,15.7,0,Night,True
692,7,11,3,6.6,2,Sunday,18:33,8.5,16.4,29.9,18,Evening,True
2247,9,14,4,8.4,1,Sunday,13:54,6.6,19.9,26.6,13,Afternoon,True
417,3,10,4,7.7,0,Saturday,07:37,13.8,14.8,12.1,7,Morning,True
2128,5,11,4,7.3,1,Wednesday,08:02,8.3,7.8,14.1,8,Morning,False
218,6,12,6,7.5,1,Wednesday,16:37,7.7,0.0,4.8,16,Afternoon,False
2421,8,13,4,11.2,0,Friday,20:02,7.8,23.6,30.7,20,Evening,False
1955,15,20,5,8.0,2,Saturday,17:59,8.7,14.8,46.8,17,Evening,True
2177,2,7,3,11.2,1,Sunday,18:38,3.5,16.6,16.9,18,Evening,True
3101,4,8,3,8.9,2,Sunday,09:26,9.3,27.3,23.4,9,Morning,True
1968,5,10,4,6.8,1,Monday,05:47,4.4,4.0,11.3,5,Night,False
1028,6,11,4,8.4,1,Wednesday,16:07,13.7,15.0,21.0,16,Afternoon,False
1053,7,11,4,8.5,1,Tuesday,11:54,8.5,11.5,25.6,11,Morning,False
2471,12,15,3,3.2,1,Saturday,09:38,10.1,6.5,20.1,9,Morning,True
728,12,16,3,8.5,1,Friday,20:52,8.7,14.2,47.9,20,Evening,False
1911,7,10,2,6.3,0,Thursday,21:55,3.9,19.0,24.5,21,Night,False
2360,7,11,4,10.2,0,Friday,05:26,5.8,15.9,14.6,5,Night,False
1554,12,16,4,8.2,1,Monday,19:09,15.8,22.6,40.8,19,Evening,False
450,5,10,3,11.3,1,Tuesday,17:50,10.8,29.8,33.2,17,Evening,False
1887,10,11,1,4.3,0,Saturday,08:07,4.9,27.5,54.8,8,Morning,True
377,9,13,3,6.2,1,Sunday,20:00,4.2,11.8,21.8,20,Evening,True
2064,11,16,3,7.1,0,Sunday,18:50,9.1,34.0,35.5,18,Evening,True
3012,5,9,3,4.6,0,Saturday,10:34,12.9,29.0,14.2,10,Morning,True
3672,8,14,3,11.6,2,Tuesday,11:01,6.3,36.0,52.7,11,Morning,False
434,16,23,4,2.0,0,Monday,10:59,13.6,0.0,13.8,10,Morning,False
2671,3,9,4,5.1,1,Wednesday,00:21,4.5,0.0,7.0,0,Night,False
372,4,9,3,6.4,0,Wednesday,08:09,5.8,14.8,11.0,8,Morning,False
3266,3,8,4,8.4,1,Sunday,23:08,6.5,11.7,10.5,23,Night,True
3214,9,13,3,9.7,1,Saturday,01:06,4.8,7.9,26.9,1,Night,True
1468,7,13,3,6.0,1,Sunday,21:12,5.2,15.0,16.5,21,Night,True
701,4,7,3,10.0,0,Wednesday,16:18,8.6,4.0,14.2,16,Afternoon,False
3644,16,20,4,12.0,1,Sunday,20:33,9.9,14.2,59.3,20,Evening,True
645,7,13,4,8.9,1,Thursday,21:34,12.1,1.9,23.4,21,Night,False
3658,13,18,5,9.2,0,Saturday,19:42,11.3,1.2,33.6,19,Evening,True
666,9,15,4,6.4,0,Sunday,18:42,7.7,7.2,17.5,18,Evening,True
2635,4,8,3,4.2,1,Wednesday,15:15,10.2,1.6,11.3,15,Afternoon,False
1074,6,11,4,5.4,0,Friday,03:07,8.6,6.6,5.6,3,Night,False
3926,16,18,2,8.1,1,Friday,10:39,4.6,24.6,84.9,10,Morning,False
2917,7,8,1,7.1,1,Tuesday,02:05,9.2,30.4,44.5,2,Night,False
2417,9,13,3,6.4,0,Wednesday,18:29,13.4,10.9,30.0,18,Evening,False
3407,14,18,3,6.3,0,Wednesday,16:31,11.1,3.0,35.2,16,Afternoon,False
795,11,19,6,7.5,1,Friday,21:58,6.8,17.0,19.8,21,Night,False
3580,4,9,4,8.9,1,Monday,08:40,9.1,25.1,19.9,8,Morning,False
247,7,11,4,4.6,0,Sunday,08:37,5.8,3.5,4.3,8,Morning,True
1026,6,9,3,6.8,2,Friday,07:09,15.2,15.3,23.2,7,Morning,False
735,13,19,2,13.3,1,Thursday,11:13,8.0,46.7,116.2,11,Morning,False
506,6,8,2,6.3,0,Friday,16:58,11.6,15.6,28.8,16,Afternoon,False
1801,5,10,3,8.2,1,Sunday,06:33,5.7,13.6,17.7,6,Morning,True
924,1,5,4,6.3,0,Thursday,23:04,7.3,8.1,6.6,23,Night,False
3680,14,19,4,6.6,1,Friday,13:25,5.9,13.2,34.9,13,Afternoon,False
3432,7,13,3,8.7,0,Saturday,08:59,8.0,16.2,22.6,8,Morning,True
3257,9,14,3,10.8,0,Sunday,11:54,8.7,35.2,36.7,11,Morning,True
533,7,11,4,6.8,0,Sunday,20:05,7.7,13.2,12.5,20,Evening,True
1796,9,12,3,9.2,0,Friday,14:11,6.6,17.3,37.9,14,Afternoon,False
109,5,10,4,11.5,1,Wednesday,15:29,9.0,28.5,29.7,15,Afternoon,False
1851,16,23,6,11.8,0,Saturday,12:35,18.9,17.0,52.2,12,Afternoon,True
2650,8,17,5,6.4,2,Monday,18:14,9.9,13.9,24.5,18,Evening,False
2404,6,11,3,8.7,0,Sunday,20:31,7.4,17.2,22.3,20,Evening,True
2518,13,17,4,8.0,1,Saturday,14:16,10.0,14.7,43.0,14,Afternoon,True
1865,8,13,4,10.4,0,Thursday,08:16,9.5,0.0,17.5,8,Morning,False
3197,12,16,4,8.3,1,Wednesday,15:39,10.3,19.5,32.1,15,Afternoon,False
2964,5,10,3,8.5,0,Sunday,17:01,9.3,17.2,18.5,17,Evening,True
3739,4,8,3,8.8,1,Wednesday,10:42,7.0,9.6,16.4,10,Morning,False
544,5,10,4,9.3,0,Thursday,10:01,7.4,16.6,15.0,10,Morning,False
1750,3,10,5,3.8,1,Tuesday,17:53,5.4,5.9,4.4,17,Evening,False
2485,7,11,2,6.9,0,Thursday,04:56,3.6,25.5,19.1,4,Night,False
2029,9,12,3,11.9,0,Saturday,09:04,4.9,20.0,44.8,9,Morning,True
260,7,12,4,5.6,0,Monday,11:39,10.7,13.4,13.7,11,Morning,False
930,3,9,5,7.3,1,Thursday,17:07,7.7,4.6,10.7,17,Evening,False
2479,6,10,4,3.2,1,Thursday,09:33,8.7,17.8,12.6,9,Morning,False
2500,8,13,4,8.7,0,Friday,16:09,5.3,11.8,20.9,16,Afternoon,False
1282,6,13,4,2.0,1,Sunday,18:36,10.8,6.7,4.9,18,Evening,True
928,5,9,3,10.2,1,Saturday,14:27,8.4,25.6,35.4,14,Afternoon,True
613,4,7,3,10.3,0,Tuesday,09:59,7.7,22.2,21.1,9,Morning,False
1310,8,13,5,4.4,2,Monday,12:09,13.2,15.7,13.9,12,Afternoon,False
3218,11,16,4,5.4,0,Friday,16:35,3.2,12.2,22.0,16,Afternoon,False
220,5,9,4,7.0,2,Saturday,10:27,11.8,5.2,22.3,10,Morning,True
3384,8,12,2,11.9,1,Monday,15:12,7.5,34.5,72.8,15,Afternoon,False
486,7,13,5,6.1,1,Monday,09:31,4.6,5.7,14.0,9,Morning,False
2308,10,18,6,6.8,0,Thursday,17:38,10.0,9.1,12.9,17,Evening,False
1075,12,17,5,4.5,0,Monday,17:18,7.1,9.5,14.6,17,Evening,False
3510,7,13,3,8.4,0,Sunday,16:03,9.5,17.8,24.5,16,Afternoon,True
1954,13,18,5,11.6,0,Saturday,16:07,8.3,14.4,43.1,16,Afternoon,True
259,3,6,3,10.5,0,Friday,06:40,6.0,23.2,7.6,6,Morning,False
3087,11,16,5,9.2,0,Wednesday,14:02,8.0,20.5,26.6,14,Afternoon,False
387,8,14,4,4.4,1,Tuesday,11:58,7.4,2.5,12.8,11,Morning,False
848,7,10,3,7.9,1,Monday,08:35,4.1,11.3,27.1,8,Morning,False
2865,10,15,4,2.1,1,Tuesday,09:44,5.7,4.4,5.4,9,Morning,False
1403,15,21,5,8.8,1,Monday,10:38,14.4,20.7,37.9,10,Morning,False
3930,9,15,5,8.9,0,Wednesday,18:34,7.1,9.7,23.1,18,Evening,False
1787,5,10,4,8.5,1,Wednesday,11:01,6.1,24.1,17.8,11,Morning,False
2944,12,15,3,6.6,0,Sunday,20:58,8.3,12.1,29.0,20,Evening,True
1850,5,9,3,6.9,0,Sunday,20:46,6.9,14.9,9.7,20,Evening,True
1062,11,15,3,7.8,0,Saturday,20:50,16.1,6.0,39.7,20,Evening,True
210,14,17,3,3.8,1,Friday,17:17,10.5,5.7,25.5,17,Evening,False
3609,7,9,2,11.6,3,Thursday,10:34,9.6,48.8,68.0,10,Morning,False
2792,7,13,4,7.7,1,Monday,21:17,9.3,10.2,22.8,21,Night,False
3543,12,18,5,6.1,0,Thursday,10:22,8.3,10.7,21.6,10,Morning,False
2038,11,16,5,10.5,1,Saturday,11:41,11.2,25.8,44.0,11,Morning,True
1704,9,14,5,3.6,1,Tuesday,16:04,9.0,18.7,11.0,16,Afternoon,False
2543,4,8,3,4.8,0,Saturday,13:27,7.7,3.0,10.2,13,Afternoon,True
2866,7,12,4,3.1,1,Wednesday,19:05,8.0,7.0,9.7,19,Evening,False
2155,13,18,4,7.5,0,Wednesday,18:03,8.8,5.7,12.7,18,Evening,False
597,4,9,4,9.8,0,Sunday,20:19,6.4,26.5,12.6,20,Evening,True
2320,6,10,4,5.8,1,Thursday,14:49,5.9,4.3,13.3,14,Afternoon,False
2499,7,12,5,4.3,0,Tuesday,12:19,11.3,20.2,10.5,12,Afternoon,False
297,9,13,4,5.3,0,Wednesday,11:25,9.9,0.2,15.2,11,Morning,False
1222,4,8,3,6.4,0,Sunday,18:23,2.4,17.7,14.5,18,Evening,True
508,12,19,5,7.3,1,Friday,14:51,10.1,3.0,30.9,14,Afternoon,False
2855,3,7,2,9.1,0,Tuesday,22:04,7.1,23.2,14.4,22,Night,False
8,5,9,4,5.0,0,Sunday,10:58,7.5,7.1,5.3,10,Morning,True
3554,7,11,4,6.0,0,Friday,09:35,5.1,14.6,13.7,9,Morning,False
3044,5,9,4,8.0,2,Sunday,09:47,3.8,16.1,20.0,9,Morning,True
2012,7,10,3,6.9,2,Wednesday,16:58,9.6,14.1,26.2,16,Afternoon,False
2277,8,11,3,6.7,1,Thursday,21:21,5.0,10.9,24.3,21,Night,False
2079,4,8,3,7.5,0,Friday,06:05,5.3,7.6,10.4,6,Morning,False
3107,9,16,6,12.4,2,Tuesday,14:00,6.5,13.2,34.6,14,Afternoon,False
3620,14,20,5,2.8,1,Saturday,10:39,10.2,3.6,16.6,10,Morning,True
2212,6,10,4,8.5,0,Tuesday,16:01,4.2,15.0,18.6,16,Afternoon,False
178,13,19,6,7.5,2,Saturday,13:58,12.5,25.0,39.9,13,Afternoon,True
3839,3,8,3,6.9,0,Tuesday,08:12,10.9,2.8,11.8,8,Morning,False
2769,10,15,2,7.8,0,Thursday,18:52,6.5,11.7,46.5,18,Evening,False
791,6,13,5,3.8,0,Saturday,10:22,10.7,14.8,7.2,10,Morning,True
1238,5,10,4,7.5,0,Tuesday,09:29,10.0,3.0,5.6,9,Morning,False
679,17,23,4,6.1,1,Saturday,14:19,12.8,13.6,47.4,14,Afternoon,True
3442,6,10,4,7.6,0,Saturday,14:31,13.2,17.3,22.8,14,Afternoon,True
1841,11,14,3,7.0,1,Friday,09:46,9.6,21.4,35.7,9,Morning,False
1728,15,19,4,9.4,1,Wednesday,13:17,7.1,16.5,54.5,13,Afternoon,False
97,8,13,4,12.6,1,Friday,18:43,15.8,13.9,46.7,18,Evening,False
44,6,9,3,7.5,0,Wednesday,11:31,7.2,28.8,17.6,11,Morning,False
2375,1,4,3,9.3,0,Sunday,05:41,4.6,23.3,4.1,5,Night,True
1477,10,15,4,5.1,0,Tuesday,18:14,11.0,7.9,20.5,18,Evening,False
1115,9,15,4,4.3,0,Sunday,12:54,7.0,5.3,13.4,12,Afternoon,True
760,12,19,5,6.2,1,Saturday,08:29,8.7,4.2,21.4,8,Morning,True
3570,4,10,4,5.0,0,Sunday,11:21,8.7,3.8,8.3,11,Morning,True
3877,10,15,5,9.0,1,Tuesday,10:34,8.0,11.7,29.4,10,Morning,False
1458,7,11,4,8.7,1,Thursday,14:42,5.8,12.4,27.3,14,Afternoon,False
3056,11,14,3,9.9,1,Thursday,14:06,9.1,14.8,49.6,14,Afternoon,False
26,11,16,3,7.4,0,Sunday,13:47,5.1,25.2,32.5,13,Afternoon,True
2294,6,13,5,3.5,1,Thursday,18:20,11.3,2.4,5.3,18,Evening,False
3574,5,11,4,11.5,0,Sunday,08:36,4.7,18.2,19.0,8,Morning,True
680,6,11,4,4.6,0,Monday,20:13,10.2,0.1,8.1,20,Evening,False
1653,7,13,5,9.1,2,Friday,07:39,12.1,22.2,30.8,7,Morning,False
3515,16,22,5,6.6,0,Tuesday,12:48,9.4,10.3,31.2,12,Afternoon,False
782,11,18,5,10.9,0,Tuesday,15:26,11.4,19.7,32.3,15,Afternoon,False
2683,8,11,3,10.5,1,Wednesday,08:03,7.5,10.2,35.8,8,Morning,False
3614,7,10,2,3.9,1,Wednesday,08:56,7.5,15.3,17.4,8,Morning,False
1346,8,12,4,3.8,1,Monday,15:16,7.5,15.7,12.5,15,Afternoon,False
3115,6,10,4,6.6,0,Sunday,08:59,7.2,14.1,8.7,8,Morning,True
2666,4,10,4,7.0,1,Friday,09:56,5.9,17.8,15.3,9,Morning,False
2406,7,11,4,6.5,0,Thursday,16:53,6.9,19.4,19.7,16,Afternoon,False
2373,9,12,3,11.3,0,Tuesday,21:12,4.6,36.8,39.7,21,Night,False
655,11,14,3,11.4,0,Sunday,15:12,10.0,36.3,48.3,15,Afternoon,True
2139,7,11,3,7.5,0,Thursday,10:20,8.7,2.3,7.7,10,Morning,False
884,8,11,3,11.9,1,Sunday,15:25,7.8,31.6,41.4,15,Afternoon,True
3598,7,12,4,10.9,1,Friday,11:56,7.0,29.6,32.6,11,Morning,False
68,10,14,3,8.8,1,Saturday,08:28,8.0,23.7,43.1,8,Morning,True
383,12,20,5,7.5,0,Saturday,14:47,14.2,15.1,32.7,14,Afternoon,True
2474,10,19,6,7.0,0,Monday,07:52,11.0,11.0,16.3,7,Morning,False
2826,10,15,5,2.1,1,Saturday,20:28,12.3,2.2,10.6,20,Evening,True
3559,9,14,4,2.2,2,Friday,02:48,7.6,0.0,5.8,2,Night,False
2429,6,8,1,8.0,1,Friday,21:53,2.9,41.3,60.3,21,Night,False
32,6,9,2,8.4,0,Saturday,07:35,7.5,27.0,26.9,7,Morning,True
2173,19,28,6,3.4,1,Saturday,15:37,9.9,0.0,15.2,15,Afternoon,True
1512,10,14,3,8.1,0,Monday,04:19,6.1,7.5,23.0,4,Night,False
2291,7,10,3,7.3,1,Thursday,10:56,6.8,22.9,27.1,10,Morning,False
2900,9,13,3,4.0,1,Wednesday,14:43,5.4,1.7,17.1,14,Afternoon,False
1105,5,11,4,5.7,2,Wednesday,16:25,9.1,15.1,18.2,16,Afternoon,False
611,8,13,4,4.8,2,Saturday,22:21,13.3,2.7,17.6,22,Night,True
571,5,9,4,7.5,0,Friday,08:11,4.0,21.2,18.8,8,Morning,False
344,12,18,4,8.9,1,Friday,17:49,9.4,15.9,42.4,17,Evening,False
2352,4,8,4,12.0,1,Sunday,01:41,6.5,20.3,14.6,1,Night,True
3225,5,10,3,7.0,0,Sunday,08:31,5.8,1.5,12.8,8,Morning,True
3028,6,13,4,7.4,0,Thursday,20:20,8.7,18.8,13.0,20,Evening,False
2487,19,24,4,7.0,0,Wednesday,12:59,13.1,6.6,41.4,12,Afternoon,False
1035,9,13,4,4.5,0,Wednesday,10:44,10.8,8.9,12.1,10,Morning,False
2094,12,18,4,7.9,1,Monday,09:30,6.8,16.3,32.8,9,Morning,False
2986,5,9,4,5.5,0,Wednesday,11:17,7.7,3.2,13.6,11,Morning,False
3670,13,18,5,7.2,2,Wednesday,17:15,8.8,8.3,34.2,17,Evening,False
3117,2,6,4,8.3,2,Friday,10:31,6.6,11.4,10.9,10,Morning,False
1129,11,16,4,5.9,2,Friday,08:01,5.7,4.1,24.0,8,Morning,False
966,7,12,5,8.1,2,Thursday,19:27,5.7,5.6,20.9,19,Evening,False
529,9,15,6,6.6,1,Sunday,15:52,9.4,14.1,19.4,15,Afternoon,True
177,7,10,2,7.7,0,Tuesday,11:30,6.3,16.1,33.2,11,Morning,False
423,14,20,5,9.4,1,Sunday,16:32,8.3,5.6,34.9,16,Afternoon,True
3895,8,12,3,7.3,0,Wednesday,05:09,5.4,12.2,11.3,5,Night,False
3230,7,12,5,3.2,0,Monday,04:58,6.0,1.0,24.1,4,Night,False
2567,4,11,5,11.0,2,Monday,15:40,15.7,19.4,23.2,15,Afternoon,False
573,11,18,6,3.4,1,Friday,10:40,13.9,0.0,12.8,10,Morning,False
2662,10,13,3,8.4,0,Monday,16:17,7.6,23.9,37.1,16,Afternoon,False
289,10,15,5,8.4,1,Tuesday,15:05,8.7,16.6,26.0,15,Afternoon,False
2803,17,22,5,7.0,0,Friday,14:41,14.0,23.5,36.4,14,Afternoon,False
1908,11,17,5,9.2,0,Wednesday,19:44,10.3,7.5,22.2,19,Evening,False
2623,12,14,2,10.8,0,Thursday,07:20,10.8,57.7,69.3,7,Morning,False
3387,12,17,4,10.9,0,Thursday,16:11,8.3,18.4,38.0,16,Afternoon,False
1515,9,12,3,11.4,1,Tuesday,18:22,7.4,25.0,51.0,18,Evening,False
2092,11,18,4,8.7,0,Wednesday,13:44,10.4,30.5,37.2,13,Afternoon,False
1378,11,18,6,9.4,0,Sunday,18:36,7.3,13.7,22.6,18,Evening,True
1965,6,9,3,8.5,0,Wednesday,18:26,6.5,23.0,23.7,18,Evening,False
1361,6,11,3,10.2,0,Thursday,18:49,8.7,30.9,47.7,18,Evening,False
2105,9,14,4,11.3,0,Saturday,01:57,7.8,0.0,16.3,1,Night,True
3600,11,15,3,12.2,0,Monday,16:54,5.4,36.4,64.2,16,Afternoon,False
3090,10,14,3,6.6,0,Tuesday,20:03,4.8,4.4,21.9,20,Evening,False
371,8,13,4,6.4,0,Tuesday,07:32,9.5,7.0,17.3,7,Morning,False
2655,3,8,5,9.7,0,Thursday,11:24,6.5,16.7,8.9,11,Morning,False
1742,14,21,6,4.3,0,Thursday,10:50,7.7,0.0,13.2,10,Morning,False
3756,12,19,6,6.9,0,Monday,21:39,8.7,14.5,17.2,21,Night,False
1883,10,13,2,9.4,0,Saturday,15:05,9.2,35.2,64.9,15,Afternoon,True
1961,7,14,5,6.0,1,Saturday,05:09,8.3,0.0,12.4,5,Night,True
142,3,8,4,9.6,0,Saturday,00:46,7.5,21.3,9.2,0,Night,True
3401,15,20,4,5.3,1,Thursday,19:47,9.2,6.5,27.1,19,Evening,False
492,2,4,2,7.5,1,Sunday,07:27,8.7,53.1,21.9,7,Morning,True
199,6,11,3,10.4,1,Monday,02:46,10.7,20.8,27.4,2,Night,False
2965,9,15,3,7.9,0,Tuesday,19:42,8.7,11.4,31.8,19,Evening,False
2058,13,19,5,3.5,0,Monday,18:28,7.3,9.6,14.5,18,Evening,False
2935,3,9,2,11.4,0,Wednesday,16:12,5.1,30.6,18.1,16,Afternoon,False
2425,15,22,4,5.5,0,Saturday,15:06,11.6,2.4,27.5,15,Afternoon,True
196,7,13,4,3.4,1,Sunday,17:49,12.0,0.0,11.7,17,Evening,True
875,8,15,6,10.7,1,Monday,17:09,14.5,15.0,28.5,17,Evening,False
2430,14,19,4,9.8,1,Saturday,16:18,8.7,11.1,53.7,16,Afternoon,True
3278,16,21,4,9.5,0,Saturday,16:44,11.3,15.8,56.4,16,Afternoon,True
841,5,9,3,7.9,0,Sunday,14:54,9.8,22.5,13.5,14,Afternoon,True
582,10,19,5,2.0,0,Thursday,14:12,6.4,6.8,3.8,14,Afternoon,False
2995,8,13,3,7.5,1,Sunday,10:58,8.9,15.6,20.4,10,Morning,True
906,5,7,1,5.4,0,Sunday,10:39,10.7,32.4,32.7,10,Morning,True
632,8,13,5,9.9,0,Friday,15:38,8.4,10.3,20.7,15,Afternoon,False
1984,7,12,4,5.5,0,Tuesday,20:48,6.0,0.0,12.4,20,Evening,False
163,8,14,4,5.5,0,Monday,09:12,11.4,18.7,14.5,9,Morning,False
2610,15,24,6,7.5,2,Sunday,07:05,9.2,7.7,23.6,7,Morning,True
1269,2,11,5,10.8,1,Tuesday,01:58,6.0,9.5,6.1,1,Night,False
1573,2,6,4,6.9,1,Saturday,22:17,0.0,0.4,5.9,22,Night,True
2652,7,13,4,9.9,0,Thursday,12:09,5.0,14.8,25.0,12,Afternoon,False
926,4,10,5,11.2,0,Tuesday,04:23,5.8,26.4,8.1,4,Night,False
1816,10,14,4,6.0,0,Thursday,08:45,9.9,13.2,18.2,8,Morning,False
548,10,16,5,8.8,2,Wednesday,13:22,10.6,10.8,33.4,13,Afternoon,False
1271,8,13,4,8.5,0,Wednesday,17:01,11.1,9.4,23.2,17,Evening,False
1175,11,15,3,6.8,1,Friday,11:58,11.5,20.0,38.6,11,Morning,False
2084,7,14,5,8.2,0,Monday,20:25,15.1,16.6,17.0,20,Evening,False
2464,10,16,4,6.0,0,Saturday,11:32,13.6,23.4,25.3,11,Morning,True
612,4,8,4,7.7,1,Tuesday,08:44,5.9,8.9,6.2,8,Morning,False
2186,13,16,3,13.9,0,Thursday,18:14,8.9,47.1,83.6,18,Evening,False
3649,11,15,4,6.1,0,Saturday,07:08,9.2,11.6,23.9,7,Morning,True
2888,5,9,3,7.5,0,Wednesday,03:13,7.0,0.0,1.7,3,Night,False
3163,1,5,4,4.8,0,Tuesday,09:30,7.0,13.8,3.5,9,Morning,False
743,12,16,4,7.1,0,Monday,11:36,9.8,18.4,29.9,11,Morning,False
638,13,22,6,8.0,0,Monday,16:34,5.1,15.6,20.9,16,Afternoon,False
2289,11,17,4,9.1,3,Monday,21:05,8.2,15.9,42.5,21,Night,False
2750,9,15,5,7.2,0,Monday,10:25,5.7,10.3,13.9,10,Morning,False
2016,7,16,5,7.5,0,Sunday,14:24,9.7,3.7,14.0,14,Afternoon,True
1098,8,11,3,8.4,1,Wednesday,13:05,8.4,7.1,34.3,13,Afternoon,False
3058,7,11,4,8.2,0,Wednesday,16:18,8.7,9.0,21.2,16,Afternoon,False
49,6,10,3,5.3,0,Thursday,16:48,8.9,14.4,13.0,16,Afternoon,False
1338,4,8,3,14.2,0,Sunday,07:51,5.8,22.5,19.8,7,Morning,True
922,8,12,4,8.3,1,Wednesday,11:05,7.7,11.3,25.2,11,Morning,False
3551,10,18,5,2.1,1,Saturday,07:17,10.5,0.0,5.4,7,Morning,True
757,12,21,5,5.5,0,Monday,10:35,6.8,13.8,20.7,10,Morning,False
3321,2,3,1,7.5,0,Saturday,22:53,7.3,32.2,14.7,22,Night,True
2358,3,7,3,4.2,0,Tuesday,20:02,15.0,8.5,6.5,20,Evening,False
2211,7,11,3,8.0,1,Tuesday,08:11,7.3,16.6,24.1,8,Morning,False
2293,5,11,2,7.7,0,Thursday,03:43,5.5,18.9,10.4,3,Night,False
3391,1,4,2,9.2,0,Monday,23:04,0.7,36.7,9.6,23,Night,False
3943,2,5,3,7.3,1,Monday,02:28,5.5,13.0,13.2,2,Night,False
3846,1,5,3,10.4,0,Thursday,11:11,9.8,32.6,8.7,11,Morning,False
3681,9,14,5,7.7,1,Sunday,15:03,5.6,6.4,18.2,15,Afternoon,True
2300,7,13,5,9.7,1,Saturday,17:55,10.5,13.5,26.9,17,Evening,True
2426,10,15,4,8.1,0,Sunday,10:54,7.2,6.7,17.1,10,Morning,True
2628,4,10,4,7.7,0,Wednesday,05:58,9.5,20.7,9.0,5,Night,False
2370,6,12,5,4.6,2,Friday,14:22,10.5,8.9,19.4,14,Afternoon,False
2772,12,19,5,9.4,0,Wednesday,14:16,8.8,7.8,28.9,14,Afternoon,False
2762,5,9,4,2.9,0,Thursday,07:15,3.6,9.1,5.1,7,Morning,False
1071,13,15,1,5.7,2,Wednesday,13:36,9.9,59.2,105.5,13,Afternoon,False
3669,10,13,3,9.3,0,Sunday,16:20,9.9,17.6,35.9,16,Afternoon,True
2669,10,17,4,9.4,2,Tuesday,13:51,11.7,14.5,46.5,13,Afternoon,False
2432,17,22,3,7.0,0,Sunday,15:33,8.6,0.0,45.8,15,Afternoon,True
3592,15,18,3,10.1,0,Saturday,12:51,10.3,48.6,83.6,12,Afternoon,True
3011,10,13,3,8.9,2,Tuesday,19:30,12.6,24.6,54.2,19,Evening,False
3106,7,12,5,10.5,1,Thursday,08:46,11.6,5.2,19.7,8,Morning,False
1136,7,13,4,10.3,1,Wednesday,08:54,8.7,3.5,21.5,8,Morning,False
3076,11,17,4,4.1,1,Sunday,08:20,11.8,10.3,12.2,8,Morning,True
2805,10,13,3,9.5,1,Tuesday,17:08,4.8,21.8,49.9,17,Evening,False
2253,6,12,5,8.4,1,Saturday,19:41,8.1,12.4,18.4,19,Evening,True
2600,7,12,5,2.2,2,Tuesday,09:59,5.6,0.0,7.1,9,Morning,False
1538,10,15,4,10.0,0,Sunday,20:54,4.4,8.9,32.4,20,Evening,True
2231,10,14,4,7.2,1,Thursday,13:58,4.9,17.7,32.8,13,Afternoon,False
3585,6,10,3,7.8,0,Wednesday,09:39,7.1,34.9,19.2,9,Morning,False
3124,10,15,5,6.8,0,Tuesday,10:27,5.5,12.6,15.8,10,Morning,False
2368,12,17,4,8.9,4,Saturday,21:00,8.0,26.4,52.5,21,Night,True
1962,11,16,4,5.3,0,Monday,10:10,8.6,12.1,23.5,10,Morning,False
868,9,12,1,5.6,0,Wednesday,08:07,3.1,46.0,53.6,8,Morning,False
927,8,13,4,8.8,2,Monday,21:22,8.0,23.3,32.4,21,Night,False
2282,7,13,4,6.5,0,Tuesday,09:10,5.5,4.4,15.7,9,Morning,False
998,2,5,3,12.6,0,Saturday,14:42,10.8,26.3,17.2,14,Afternoon,True
3506,6,12,3,9.6,0,Saturday,10:14,10.0,12.4,28.5,10,Morning,True
1813,10,15,5,8.8,0,Thursday,14:29,8.6,4.6,24.1,14,Afternoon,False
1133,12,18,3,7.0,1,Friday,12:05,5.6,8.1,45.6,12,Afternoon,False
2766,11,14,3,5.8,1,Thursday,14:21,6.2,21.5,32.3,14,Afternoon,False
3272,16,21,5,6.9,1,Monday,11:35,8.5,4.2,34.2,11,Morning,False
211,3,6,3,7.9,1,Saturday,15:14,8.7,20.7,13.7,15,Afternoon,True
1671,12,15,3,10.9,0,Wednesday,09:46,1.3,27.2,49.2,9,Morning,False
60,5,8,3,6.7,1,Saturday,09:38,5.9,19.4,17.7,9,Morning,True
1719,11,16,4,9.3,0,Sunday,13:51,9.3,23.3,30.5,13,Afternoon,True
1374,4,7,3,7.4,0,Wednesday,23:58,2.3,16.1,6.8,23,Night,False
3883,7,15,4,8.0,1,Friday,06:50,6.1,0.0,15.8,6,Morning,False
2335,12,16,4,9.8,3,Thursday,19:09,8.3,28.7,53.5,19,Evening,False
766,7,12,5,10.7,0,Saturday,06:58,5.9,4.6,12.6,6,Morning,True
2712,11,17,4,5.0,2,Saturday,07:24,6.8,10.6,20.0,7,Morning,True
3586,11,17,4,7.3,0,Sunday,13:04,8.4,14.4,25.4,13,Afternoon,True
1079,16,22,4,10.4,3,Saturday,18:29,8.2,40.2,81.7,18,Evening,True
1189,8,14,5,4.7,0,Saturday,17:42,6.0,0.0,10.6,17,Evening,True
2595,3,5,2,6.1,0,Thursday,18:48,5.5,26.0,12.7,18,Evening,False
2477,4,7,3,8.3,0,Sunday,03:21,3.7,21.8,9.4,3,Night,True
3022,10,15,4,4.7,3,Wednesday,09:15,4.8,4.7,24.0,9,Morning,False
583,13,18,4,8.7,1,Monday,14:33,10.2,19.4,47.7,14,Afternoon,False
1879,16,21,5,6.9,2,Saturday,16:15,8.2,17.1,42.4,16,Afternoon,True
2528,9,17,5,5.6,1,Friday,07:31,10.5,8.8,17.2,7,Morning,False
1186,14,21,6,9.6,1,Friday,13:27,15.8,21.0,39.8,13,Afternoon,False
941,11,12,1,7.3,1,Tuesday,12:19,8.7,57.3,118.0,12,Afternoon,False
1081,5,8,3,6.3,0,Monday,10:02,7.8,12.5,16.0,10,Morning,False
188,8,10,2,6.3,0,Thursday,09:19,7.9,22.9,29.9,9,Morning,False
2771,10,12,2,9.5,1,Tuesday,08:13,8.9,36.5,55.1,8,Morning,False
3631,11,14,2,6.4,1,Wednesday,21:50,8.7,8.5,41.6,21,Night,False
2667,3,6,3,8.5,1,Wednesday,02:47,3.1,19.3,13.5,2,Night,False
2571,10,14,4,6.8,2,Tuesday,11:35,9.4,18.6,29.4,11,Morning,False
3805,7,12,4,2.2,1,Sunday,11:34,8.4,11.1,1.6,11,Morning,True
1481,15,23,5,12.7,0,Wednesday,14:14,10.8,9.5,46.1,14,Afternoon,False
2703,9,12,3,11.3,0,Thursday,03:08,6.4,22.4,27.2,3,Night,False
227,17,24,5,3.7,3,Saturday,15:42,12.1,8.7,25.9,15,Afternoon,True
3769,14,21,5,7.7,2,Sunday,15:01,7.8,10.6,31.1,15,Afternoon,True
536,9,15,5,5.9,0,Friday,17:38,12.2,5.9,19.4,17,Evening,False
2273,12,17,4,12.1,2,Friday,17:13,10.5,16.0,65.0,17,Evening,False
3204,11,15,4,11.5,0,Wednesday,13:22,7.0,19.9,41.5,13,Afternoon,False
2770,6,14,5,6.7,0,Wednesday,09:57,7.5,0.0,9.2,9,Morning,False
698,7,12,4,3.4,1,Saturday,09:01,6.3,0.0,10.5,9,Morning,True
3307,9,14,5,4.1,0,Monday,18:26,15.9,13.7,9.1,18,Evening,False
1614,5,9,3,8.5,0,Wednesday,19:56,8.1,29.0,20.0,19,Evening,False
2878,14,18,4,7.0,0,Wednesday,16:55,10.3,12.2,32.1,16,Afternoon,False
3613,6,11,5,5.0,2,Sunday,20:29,12.0,13.9,18.6,20,Evening,True
1941,13,20,4,6.2,0,Thursday,10:15,9.8,9.0,23.2,10,Morning,False
1038,7,11,3,2.8,1,Wednesday,21:07,8.7,6.2,7.2,21,Night,False
209,16,22,5,7.7,3,Monday,07:46,7.3,12.4,42.4,7,Morning,False
2356,11,16,4,10.2,0,Friday,01:36,8.7,1.4,24.2,1,Night,False
566,7,12,3,7.6,0,Monday,10:18,10.2,18.8,25.3,10,Morning,False
314,13,18,4,7.1,1,Wednesday,07:08,5.8,12.6,26.6,7,Morning,False
602,13,21,6,4.4,1,Wednesday,14:44,15.3,16.2,17.5,14,Afternoon,False
234,9,13,4,5.7,1,Saturday,13:02,9.9,22.6,24.9,13,Afternoon,True
2531,7,13,6,6.6,2,Friday,13:12,10.9,20.1,21.9,13,Afternoon,False
932,9,13,3,9.0,0,Friday,18:36,3.9,11.5,41.3,18,Evening,False
3209,7,12,5,9.5,1,Sunday,10:03,5.3,12.0,20.5,10,Morning,True
3941,6,14,5,4.3,0,Thursday,10:28,8.3,0.8,5.2,10,Morning,False
112,9,16,5,5.6,1,Thursday,15:00,8.6,6.0,15.8,15,Afternoon,False
2341,4,8,4,4.9,2,Friday,22:31,9.7,6.4,10.5,22,Night,False
1090,11,15,4,5.9,0,Sunday,18:10,11.7,13.6,20.1,18,Evening,True
2733,10,14,4,3.1,1,Thursday,21:50,7.4,7.3,10.5,21,Night,False
2011,5,10,4,5.2,0,Thursday,09:54,7.1,15.4,5.9,9,Morning,False
1601,11,15,3,7.7,0,Saturday,15:13,10.6,29.3,41.6,15,Afternoon,True
3281,13,18,4,5.9,1,Friday,12:30,13.4,17.3,29.5,12,Afternoon,False
473,7,12,4,8.1,0,Sunday,03:07,4.6,8.0,11.0,3,Night,True
3834,11,17,4,9.2,0,Wednesday,07:46,6.9,12.5,26.4,7,Morning,False
1558,16,23,6,7.4,0,Saturday,13:38,13.5,18.1,35.5,13,Afternoon,True
3199,3,11,6,6.1,2,Friday,11:45,11.8,10.9,10.4,11,Morning,False
1492,1,5,3,7.0,0,Sunday,09:50,1.9,11.3,5.5,9,Morning,True
1898,6,14,6,9.7,0,Friday,18:45,14.2,13.9,14.2,18,Evening,False
3547,10,18,3,4.0,0,Friday,10:24,9.2,15.5,18.8,10,Morning,False
362,7,10,3,9.4,1,Thursday,12:07,4.8,11.0,34.5,12,Afternoon,False
136,9,15,4,3.2,1,Thursday,09:31,4.7,0.9,10.5,9,Morning,False
1135,6,10,3,7.5,0,Friday,20:14,6.1,30.9,22.1,20,Evening,False
1152,10,14,3,10.5,0,Wednesday,09:02,12.0,23.8,37.4,9,Morning,False
2459,6,10,4,2.0,0,Wednesday,16:11,9.1,0.3,4.7,16,Afternoon,False
1054,5,10,4,5.1,0,Sunday,08:12,5.0,7.3,10.1,8,Morning,True
3625,13,19,5,11.1,1,Monday,19:50,14.7,13.7,42.8,19,Evening,False
23,12,17,5,4.2,1,Saturday,19:41,11.2,8.2,15.7,19,Evening,True
1831,9,12,3,9.2,2,Wednesday,21:08,7.4,28.9,39.6,21,Night,False
2319,4,10,3,5.5,0,Monday,07:42,9.0,23.1,14.9,7,Morning,False
2793,11,14,3,8.5,0,Saturday,10:39,7.9,15.6,41.1,10,Morning,True
696,12,16,3,4.6,1,Friday,15:21,7.6,10.3,24.2,15,Afternoon,False
421,2,5,2,8.4,2,Sunday,18:37,7.2,25.0,21.2,18,Evening,True
3487,5,9,3,2.0,1,Thursday,11:19,12.2,16.4,1.7,11,Morning,False
461,5,12,5,7.8,0,Saturday,09:05,11.6,24.0,13.5,9,Morning,True
1068,9,12,2,7.1,0,Wednesday,10:01,6.9,36.6,40.6,10,Morning,False
88,9,13,4,7.8,1,Thursday,12:31,12.9,27.0,32.8,12,Afternoon,False
283,3,10,4,11.4,0,Sunday,11:17,2.4,34.8,10.8,11,Morning,True
3200,8,10,2,8.6,0,Sunday,15:19,7.7,39.1,39.3,15,Afternoon,True
3536,10,14,4,3.5,0,Sunday,07:50,9.9,7.6,10.7,7,Morning,True
1394,6,11,3,5.1,1,Saturday,21:33,8.3,12.7,17.5,21,Night,True
3780,4,9,4,2.0,1,Sunday,16:58,8.5,1.2,4.5,16,Afternoon,True
3772,3,9,3,10.4,1,Thursday,08:41,7.8,17.8,18.2,8,Morning,False
860,14,19,4,2.6,0,Monday,09:54,9.9,6.4,11.7,9,Morning,False
534,10,14,4,9.5,0,Sunday,20:35,11.5,28.5,29.2,20,Evening,True
3236,9,13,3,4.7,0,Monday,05:24,8.5,0.0,14.1,5,Night,False
1583,8,13,4,5.9,3,Saturday,19:05,10.1,27.5,28.9,19,Evening,True
1406,6,9,3,5.0,1,Thursday,06:34,4.8,15.7,10.8,6,Morning,False
3108,9,16,5,6.7,0,Tuesday,18:21,13.5,6.8,18.3,18,Evening,False
3389,8,12,4,9.6,1,Wednesday,19:37,11.7,0.0,32.0,19,Evening,False
3793,9,14,5,8.2,1,Saturday,15:42,9.7,4.5,25.1,15,Afternoon,True
1451,5,7,2,8.0,0,Thursday,00:22,8.0,28.3,21.4,0,Night,False
3923,14,17,3,8.4,1,Wednesday,20:31,7.9,19.6,49.5,20,Evening,False
3741,11,16,4,5.5,1,Thursday,07:54,11.1,16.6,21.5,7,Morning,False
2845,5,8,2,9.1,0,Monday,03:48,6.9,13.1,23.1,3,Night,False
1399,9,14,5,5.5,0,Thursday,12:50,13.0,0.4,14.1,12,Afternoon,False
3893,11,15,4,7.6,2,Monday,18:47,12.1,17.9,40.8,18,Evening,False
1289,12,17,5,3.4,2,Thursday,19:13,12.5,6.5,14.9,19,Evening,False
943,4,8,4,3.5,1,Monday,01:34,1.9,0.0,5.7,1,Night,False
2243,14,19,5,7.0,0,Monday,15:50,14.0,14.6,28.1,15,Afternoon,False
3829,4,12,5,4.7,1,Wednesday,06:05,5.2,12.2,3.5,6,Morning,False
2625,7,12,5,7.1,0,Thursday,19:22,10.8,12.3,13.3,19,Evening,False
2207,8,13,4,7.0,1,Sunday,19:20,10.8,12.7,24.1,19,Evening,True
3753,2,6,4,4.7,0,Sunday,13:19,5.3,14.8,5.3,13,Afternoon,True
122,6,11,4,8.0,0,Sunday,16:06,7.1,11.2,13.5,16,Afternoon,True
888,14,19,4,9.3,0,Tuesday,20:33,11.5,13.3,41.0,20,Evening,False
3912,3,7,2,9.1,0,Sunday,21:22,7.5,21.3,13.5,21,Night,True
686,8,11,3,6.4,1,Wednesday,19:38,7.0,16.5,26.2,19,Evening,False
1591,8,11,3,3.4,0,Wednesday,08:50,10.3,2.9,9.5,8,Morning,False
414,7,12,3,9.0,0,Monday,09:33,11.9,17.6,26.4,9,Morning,False
790,16,24,4,6.7,0,Friday,14:12,14.3,15.2,40.4,14,Afternoon,False
3710,10,14,4,7.1,2,Tuesday,19:07,7.1,13.4,36.0,19,Evening,False
3222,5,9,2,6.8,0,Sunday,07:05,6.6,22.1,13.0,7,Morning,True
1830,6,9,3,10.6,0,Sunday,13:43,9.4,33.2,34.2,13,Afternoon,True
3055,7,11,4,6.1,2,Monday,21:05,11.8,14.8,17.7,21,Night,False
1379,14,19,4,9.9,0,Monday,09:41,5.9,27.9,40.5,9,Morning,False
2131,23,29,4,9.3,0,Wednesday,10:33,12.9,16.4,58.7,10,Morning,False
273,7,15,5,6.6,0,Sunday,08:19,10.3,4.9,7.5,8,Morning,True
2916,10,16,5,5.2,1,Thursday,20:24,8.6,0.7,16.5,20,Evening,False
522,7,12,4,3.1,1,Monday,17:43,5.9,7.1,10.2,17,Evening,False
523,6,11,5,9.4,2,Tuesday,21:10,5.8,2.4,21.4,21,Night,False
2715,15,20,4,6.9,0,Thursday,19:39,16.4,13.8,38.4,19,Evening,False
2116,10,15,4,10.5,2,Monday,15:34,11.9,24.2,45.7,15,Afternoon,False
351,4,8,4,12.1,1,Sunday,17:16,12.0,18.8,21.7,17,Evening,True
1628,12,15,3,7.2,0,Monday,18:40,9.8,37.2,45.4,18,Evening,False
1845,7,13,5,6.7,0,Wednesday,09:24,9.6,6.3,9.0,9,Morning,False
3096,14,19,4,13.8,0,Saturday,17:34,10.0,30.9,70.1,17,Evening,True
1533,10,17,5,7.4,0,Saturday,16:09,9.9,5.0,17.5,16,Afternoon,True
652,10,15,5,6.3,0,Wednesday,17:58,10.9,8.0,16.7,17,Evening,False
3706,6,13,5,11.0,1,Monday,12:44,10.6,19.4,26.8,12,Afternoon,False
3743,9,14,3,6.1,0,Monday,21:07,10.6,12.5,25.2,21,Night,False
3688,9,14,5,8.5,2,Sunday,15:26,5.7,11.3,27.0,15,Afternoon,True
1433,13,17,4,10.9,1,Monday,09:57,10.0,22.1,46.2,9,Morning,False
1937,10,15,4,15.2,0,Tuesday,20:27,2.4,22.9,46.0,20,Evening,False
1692,5,12,5,10.7,0,Thursday,21:17,13.7,23.7,18.2,21,Night,False
1917,8,13,5,10.1,1,Friday,05:34,6.7,5.4,17.7,5,Night,False
169,11,20,5,7.4,1,Thursday,18:02,9.4,11.5,30.0,18,Evening,False
3694,5,10,4,7.4,0,Sunday,07:26,8.1,19.1,9.2,7,Morning,True
963,12,17,3,6.0,1,Saturday,12:05,13.7,26.4,43.2,12,Afternoon,True
946,4,8,1,9.8,0,Sunday,20:37,1.7,54.7,50.2,20,Evening,True
463,12,16,4,4.8,0,Wednesday,12:57,10.6,6.9,18.3,12,Afternoon,False
1794,8,14,4,6.5,0,Tuesday,10:34,8.4,14.8,16.3,10,Morning,False
329,4,9,4,5.8,0,Friday,21:26,10.0,6.4,11.0,21,Night,False
1643,7,11,3,8.5,1,Friday,00:33,7.0,13.1,22.7,0,Night,False
2250,13,16,3,7.0,1,Friday,15:33,12.9,28.4,45.8,15,Afternoon,False
2339,9,13,3,8.5,2,Monday,09:49,5.7,33.4,42.6,9,Morning,False
3615,4,9,4,6.8,0,Friday,05:27,6.8,5.3,2.9,5,Night,False
368,13,20,6,7.4,3,Friday,20:56,16.0,15.8,32.0,20,Evening,False
3440,5,9,3,6.1,0,Saturday,04:16,9.8,8.8,10.2,4,Night,True
3905,6,11,4,7.0,1,Tuesday,21:23,11.1,12.3,16.0,21,Night,False
2179,7,11,4,8.2,0,Thursday,09:32,8.4,14.2,17.7,9,Morning,False
1727,18,26,5,7.9,0,Saturday,11:50,11.9,15.1,42.3,11,Morning,True
773,3,11,5,13.3,1,Monday,07:53,9.0,21.8,17.0,7,Morning,False
1285,5,12,5,6.0,2,Saturday,13:08,9.2,11.4,20.2,13,Afternoon,True
2527,21,26,4,5.5,0,Friday,17:37,12.1,16.9,41.2,17,Evening,False
3567,13,19,5,10.1,0,Thursday,13:59,10.3,10.2,33.1,13,Afternoon,False
3128,4,8,4,6.0,0,Wednesday,03:32,11.1,0.0,6.7,3,Night,False
499,5,8,3,7.5,1,Tuesday,00:26,4.2,4.0,12.6,0,Night,False
1235,18,24,5,9.2,2,Saturday,12:47,18.8,15.5,63.7,12,Afternoon,True
1499,12,18,4,11.0,0,Monday,12:04,7.1,12.4,52.3,12,Afternoon,False
436,11,16,5,9.3,3,Thursday,20:56,9.3,5.8,35.4,20,Evening,False
1252,6,12,4,5.9,0,Saturday,02:32,8.5,7.5,11.6,2,Night,True
366,7,12,5,6.9,0,Thursday,14:49,8.3,10.2,9.4,14,Afternoon,False
3740,13,19,4,4.1,0,Monday,16:43,10.7,10.5,22.3,16,Afternoon,False
277,10,15,4,7.5,0,Monday,20:08,11.5,0.0,15.4,20,Evening,False
2630,10,15,5,8.9,2,Friday,13:48,13.1,11.4,33.8,13,Afternoon,False
2229,4,10,3,9.8,0,Saturday,09:50,9.2,24.4,21.4,9,Morning,True
1815,4,7,3,12.5,1,Monday,07:15,10.2,36.8,32.5,7,Morning,False
408,7,12,4,11.1,0,Thursday,09:34,7.6,13.9,27.2,9,Morning,False
1455,6,12,5,4.8,2,Friday,10:15,16.4,14.8,15.1,10,Morning,False
1335,8,12,4,9.9,2,Wednesday,10:53,7.8,7.7,31.4,10,Morning,False
2441,5,9,2,10.6,2,Sunday,07:25,4.0,38.0,39.9,7,Morning,True
845,14,20,5,7.7,1,Thursday,11:21,7.6,6.4,30.7,11,Morning,False
3072,8,13,3,5.8,1,Sunday,12:25,5.2,2.6,22.9,12,Afternoon,True
1565,4,8,4,10.3,0,Sunday,03:01,6.0,6.2,9.8,3,Night,True
87,6,13,4,9.2,0,Monday,19:47,9.1,21.0,20.3,19,Evening,False
3959,5,9,3,6.9,3,Monday,20:48,8.7,3.5,26.4,20,Evening,False
3850,16,22,5,6.3,0,Friday,20:29,11.0,11.5,27.3,20,Evening,False
2043,7,11,4,9.2,1,Wednesday,08:32,7.3,23.1,24.8,8,Morning,False
2402,6,9,3,4.3,0,Tuesday,11:31,5.0,4.5,7.8,11,Morning,False
3561,10,15,4,7.2,0,Thursday,10:56,8.6,14.6,22.7,10,Morning,False
856,6,10,2,7.5,2,Friday,10:02,7.0,33.9,32.3,10,Morning,False
3832,8,12,4,7.3,2,Tuesday,11:45,9.1,12.3,27.0,11,Morning,False
79,5,8,3,8.5,0,Sunday,19:48,7.4,15.2,15.3,19,Evening,True
945,13,18,4,6.5,1,Wednesday,14:03,10.2,4.6,30.5,14,Afternoon,False
200,14,18,3,6.1,1,Monday,09:48,10.5,14.8,39.7,9,Morning,False
1698,7,12,4,4.1,0,Thursday,19:57,7.5,14.1,9.3,19,Evening,False
1602,6,11,4,13.3,0,Friday,07:56,9.0,36.0,28.2,7,Morning,False
802,3,8,3,6.2,0,Friday,07:16,7.0,5.3,4.9,7,Morning,False
3177,4,8,2,9.0,0,Wednesday,09:11,9.3,38.0,18.3,9,Morning,False
2851,8,13,5,9.2,1,Friday,15:13,9.3,19.4,25.5,15,Afternoon,False
1967,10,14,4,6.1,1,Saturday,10:01,10.0,15.0,23.5,10,Morning,True
1753,8,13,4,10.9,1,Friday,12:16,10.2,40.6,43.6,12,Afternoon,False
232,7,11,4,12.5,1,Friday,13:27,11.3,28.8,40.9,13,Afternoon,False
1393,5,10,3,9.4,0,Friday,21:37,11.1,46.9,26.4,21,Night,False
2113,22,27,5,7.2,1,Saturday,16:39,12.2,8.6,46.2,16,Afternoon,True
2729,12,18,5,8.9,0,Monday,08:00,9.2,11.8,24.8,8,Morning,False
2216,11,15,2,5.8,0,Wednesday,20:02,6.6,27.1,40.3,20,Evening,False
2239,6,9,3,6.3,0,Tuesday,08:19,6.4,6.9,11.1,8,Morning,False
1508,11,16,4,5.3,1,Monday,15:40,12.6,7.2,27.5,15,Afternoon,False
1892,5,8,2,9.4,0,Monday,21:27,7.7,37.0,28.7,21,Night,False
1613,8,12,4,7.0,1,Tuesday,08:44,9.9,14.4,16.0,8,Morning,False
3803,8,14,6,8.6,0,Tuesday,15:41,9.0,0.4,13.9,15,Afternoon,False
1144,14,18,4,4.7,0,Saturday,12:43,12.6,13.5,27.1,12,Afternoon,True
3940,6,11,5,7.2,1,Sunday,16:57,8.4,15.0,14.0,16,Afternoon,True
192,10,15,3,10.2,2,Saturday,08:51,6.5,25.0,56.0,8,Morning,True
105,11,16,5,6.6,0,Thursday,18:52,13.6,15.9,21.9,18,Evening,False
2941,8,13,4,7.3,0,Saturday,16:39,10.7,6.5,21.5,16,Afternoon,True
1827,7,14,5,12.0,1,Sunday,19:53,11.1,16.3,28.5,19,Evening,True
1371,13,21,5,6.8,0,Thursday,14:52,11.6,10.4,25.6,14,Afternoon,False
1765,12,17,4,3.1,1,Sunday,18:18,9.1,14.9,10.9,18,Evening,True
3517,12,16,4,8.1,0,Saturday,11:24,5.6,26.2,35.5,11,Morning,True
2219,4,8,4,7.6,0,Tuesday,17:55,6.1,12.7,10.4,17,Evening,False
1619,10,15,4,11.0,0,Wednesday,16:51,8.7,29.3,39.2,16,Afternoon,False
2966,5,9,3,7.2,1,Tuesday,21:02,6.5,11.8,21.5,21,Night,False
3035,10,13,3,9.5,0,Thursday,09:33,7.8,24.7,35.2,9,Morning,False
3622,9,14,3,2.0,0,Sunday,14:38,9.5,7.1,45.7,14,Afternoon,True
1836,4,9,4,4.2,0,Monday,20:36,9.2,14.0,5.6,20,Evening,False
2481,9,12,3,5.1,3,Monday,09:31,6.3,19.5,23.9,9,Morning,False
2409,11,18,5,5.3,0,Saturday,13:48,6.7,15.6,19.2,13,Afternoon,True
1899,8,15,5,4.6,0,Tuesday,17:59,15.0,2.3,12.1,17,Evening,False
3887,12,17,4,8.8,0,Thursday,12:11,11.2,25.3,41.4,12,Afternoon,False
2893,5,12,4,4.7,3,Sunday,14:16,5.3,6.5,15.4,14,Afternoon,True
2863,9,13,4,9.5,1,Friday,08:38,8.7,12.3,30.3,8,Morning,False
3345,8,14,4,9.8,1,Monday,21:28,9.2,18.7,31.7,21,Night,False
995,10,16,5,10.5,1,Friday,12:06,11.8,14.9,39.3,12,Afternoon,False
465,6,11,4,8.5,0,Wednesday,06:52,8.7,13.5,10.6,6,Morning,False
3556,8,12,4,9.9,0,Thursday,11:33,7.8,27.9,30.9,11,Morning,False
3899,6,11,5,6.9,0,Tuesday,13:32,8.7,11.5,13.2,13,Afternoon,False
3616,17,22,5,8.4,1,Friday,18:38,12.3,15.9,46.5,18,Evening,False
3027,5,11,5,7.1,0,Friday,20:52,10.8,22.5,11.8,20,Evening,False
1237,4,6,2,6.4,1,Tuesday,08:43,6.1,11.5,13.3,8,Morning,False
2403,8,13,5,8.4,0,Monday,21:21,8.3,24.6,17.2,21,Night,False
1833,17,22,5,3.0,4,Friday,13:16,10.2,0.0,16.8,13,Afternoon,False
213,6,10,1,3.8,1,Wednesday,21:13,8.3,17.6,22.0,21,Night,False
1037,6,9,3,11.9,0,Saturday,20:02,10.2,38.3,36.6,20,Evening,True
3854,6,11,3,10.7,0,Friday,21:40,10.6,21.3,25.8,21,Night,False
901,11,15,3,8.2,1,Sunday,13:01,9.4,19.3,42.5,13,Afternoon,True
3308,7,11,4,7.4,0,Friday,20:34,11.4,10.4,19.2,20,Evening,False
2721,10,14,4,10.1,1,Wednesday,11:34,2.9,18.7,42.6,11,Morning,False
742,10,14,4,5.4,0,Saturday,05:56,1.5,1.4,13.6,5,Night,True
3499,3,6,3,6.8,1,Thursday,04:59,5.9,5.5,7.4,4,Night,False
3079,9,13,4,5.6,0,Sunday,22:43,2.9,1.9,15.5,22,Night,True
2658,10,15,3,12.7,2,Monday,10:53,9.8,48.9,64.5,10,Morning,False
1207,11,14,3,9.0,0,Friday,10:26,5.3,18.5,43.0,10,Morning,False
510,11,15,3,6.6,0,Sunday,08:35,5.6,7.5,23.4,8,Morning,True
598,11,17,5,7.5,1,Monday,19:01,10.0,20.8,24.8,19,Evening,False
2431,4,8,3,9.3,1,Tuesday,07:16,5.1,16.1,16.8,7,Morning,False
982,2,6,4,6.8,2,Tuesday,17:05,4.9,4.9,16.2,17,Evening,False
1462,7,13,5,4.5,1,Saturday,15:36,13.9,5.5,11.9,15,Afternoon,True
3505,9,13,2,6.3,0,Wednesday,11:08,4.9,31.1,43.4,11,Morning,False
519,3,7,4,5.7,0,Tuesday,20:06,14.8,14.1,5.9,20,Evening,False
2504,7,13,4,3.8,1,Sunday,11:43,8.0,3.8,5.6,11,Morning,True
768,5,9,3,5.1,0,Sunday,15:38,6.8,15.3,10.8,15,Afternoon,True
2744,6,12,5,5.6,0,Saturday,10:11,8.9,3.1,8.0,10,Morning,True
3693,9,13,4,7.0,0,Thursday,14:24,8.4,7.9,20.9,14,Afternoon,False
422,8,13,4,4.4,0,Wednesday,08:27,8.7,13.1,9.9,8,Morning,False
124,10,14,4,6.7,0,Friday,16:15,10.2,16.6,23.3,16,Afternoon,False
3819,13,18,4,10.0,0,Saturday,14:14,10.1,34.0,51.8,14,Afternoon,True
1421,2,7,5,9.0,1,Wednesday,17:19,10.1,19.8,13.8,17,Evening,False
1785,14,19,4,8.1,0,Tuesday,16:46,12.6,24.7,36.2,16,Afternoon,False
820,20,23,3,5.8,1,Monday,14:15,12.8,19.8,62.3,14,Afternoon,False
1404,3,8,4,6.7,1,Sunday,18:18,3.2,19.2,15.2,18,Evening,True
1383,3,8,4,7.7,0,Saturday,01:59,7.7,0.0,7.8,1,Night,True
101,4,8,4,9.3,0,Sunday,08:11,7.4,8.9,9.6,8,Morning,True
3502,8,12,3,7.4,0,Thursday,20:54,4.4,11.8,22.6,20,Evening,False
1284,6,10,4,6.0,0,Wednesday,21:31,3.4,1.5,9.2,21,Night,False
3677,9,14,4,6.3,0,Friday,16:00,7.9,27.3,21.9,16,Afternoon,False
3026,8,11,2,10.9,0,Thursday,17:20,5.4,39.7,61.3,17,Evening,False
3785,8,13,4,6.5,1,Tuesday,14:16,8.1,18.3,20.1,14,Afternoon,False
1104,14,19,3,6.3,1,Tuesday,12:55,9.1,10.4,41.0,12,Afternoon,False
2465,8,13,4,11.2,0,Friday,11:03,8.8,26.6,33.9,11,Morning,False
2923,10,15,4,4.8,0,Tuesday,13:04,9.4,11.7,19.8,13,Afternoon,False
3501,10,15,5,3.9,0,Tuesday,07:27,9.0,7.3,9.1,7,Morning,False
1740,11,16,4,8.7,0,Friday,09:05,8.9,26.3,31.6,9,Morning,False
1353,9,15,5,7.1,2,Saturday,12:44,13.5,9.8,28.8,12,Afternoon,True
1551,3,8,2,10.2,0,Sunday,09:15,8.7,26.2,14.1,9,Morning,True
3358,6,11,4,11.2,1,Friday,18:47,6.1,16.9,35.2,18,Evening,False
3835,4,8,3,6.2,0,Thursday,01:29,4.3,1.2,5.1,1,Night,False
983,9,13,4,8.2,1,Thursday,11:05,9.0,15.8,27.7,11,Morning,False
457,8,11,3,8.9,0,Friday,11:45,8.6,40.8,37.5,11,Morning,False
3485,11,17,6,8.6,0,Thursday,14:21,11.5,7.0,21.3,14,Afternoon,False
3359,7,12,5,5.7,1,Wednesday,19:37,5.6,10.1,10.0,19,Evening,False
2811,9,15,4,3.5,2,Saturday,14:17,10.5,10.2,12.3,14,Afternoon,True
382,8,14,4,5.2,0,Friday,17:36,7.1,9.8,16.6,17,Evening,False
3711,3,6,3,9.9,0,Friday,04:55,5.8,29.3,9.5,4,Night,False
2701,11,15,3,6.9,2,Sunday,09:16,5.4,24.3,32.7,9,Morning,True
3179,9,13,4,10.2,3,Sunday,19:31,9.2,23.7,46.4,19,Evening,True
1011,6,8,2,6.0,0,Monday,22:32,5.2,12.5,17.4,22,Night,False
1832,14,18,4,6.8,0,Tuesday,19:15,9.1,14.8,31.6,19,Evening,False
3974,21,30,6,5.1,0,Tuesday,19:49,12.9,4.5,28.7,19,Evening,False
663,11,16,5,11.5,0,Wednesday,17:32,12.7,16.8,31.2,17,Evening,False
1676,8,13,4,9.7,2,Sunday,01:01,8.5,14.3,25.8,1,Night,True
1593,6,11,5,6.9,0,Sunday,23:35,3.9,5.0,7.4,23,Night,True
3608,8,12,4,5.4,0,Wednesday,11:09,8.0,9.2,15.8,11,Morning,False
3963,8,11,3,7.6,0,Saturday,09:02,11.8,26.1,30.3,9,Morning,True
3655,11,19,6,7.2,0,Saturday,17:21,8.5,6.3,21.9,17,Evening,True
3497,6,10,4,5.5,1,Monday,08:41,8.1,12.6,15.0,8,Morning,False
3017,14,18,3,9.1,0,Tuesday,18:06,12.0,17.0,56.1,18,Evening,False
2563,10,17,4,6.8,2,Saturday,19:04,10.6,17.9,34.7,19,Evening,True
846,8,14,5,12.1,2,Thursday,21:18,10.4,20.7,37.4,21,Night,False
543,8,12,4,12.9,1,Monday,11:41,12.6,29.0,49.5,11,Morning,False
92,15,20,5,5.1,0,Monday,15:50,6.7,9.5,23.5,15,Afternoon,False
2535,6,12,3,8.1,0,Sunday,23:59,4.6,9.7,10.8,23,Night,True
1567,4,11,5,10.0,2,Monday,10:44,6.5,19.4,23.1,10,Morning,False
1197,12,18,3,5.5,1,Wednesday,19:53,9.7,26.1,34.8,19,Evening,False
1103,4,6,2,5.0,0,Thursday,10:52,8.3,12.5,11.5,10,Morning,False
2882,14,19,5,10.9,0,Tuesday,13:43,10.9,14.9,51.4,13,Afternoon,False
1748,7,12,4,5.9,0,Thursday,15:58,7.0,12.3,12.0,15,Afternoon,False
2241,11,16,3,8.5,1,Sunday,14:00,12.1,21.4,42.9,14,Afternoon,True
2185,7,9,2,5.3,0,Sunday,14:57,10.1,13.4,22.7,14,Afternoon,True
2141,18,24,4,6.1,2,Saturday,20:54,16.3,21.8,46.9,20,Evening,True
2476,6,11,3,6.4,1,Sunday,12:21,6.6,14.9,18.1,12,Afternoon,True
2621,12,17,4,5.9,0,Thursday,18:02,8.1,20.7,25.2,18,Evening,False
1049,14,19,3,9.1,2,Thursday,12:34,11.9,27.6,71.0,12,Afternoon,False
3157,6,10,4,8.8,1,Friday,02:25,5.0,22.6,15.9,2,Night,False
3653,6,9,3,6.8,0,Thursday,07:53,8.7,3.0,11.1,7,Morning,False
899,10,15,5,9.6,0,Wednesday,16:20,11.2,11.6,25.9,16,Afternoon,False
1460,8,11,3,6.7,0,Thursday,16:45,8.8,16.4,23.9,16,Afternoon,False
2331,7,13,5,6.2,0,Saturday,12:17,11.6,3.0,17.1,12,Afternoon,True
238,9,13,4,2.8,0,Friday,07:50,10.0,7.9,7.1,7,Morning,False
1488,14,21,6,6.2,2,Saturday,18:23,13.4,0.3,19.6,18,Evening,True
3118,9,13,4,13.3,2,Saturday,16:06,13.8,31.2,57.7,16,Afternoon,True
1134,18,23,3,6.2,0,Thursday,19:05,8.0,18.8,47.6,19,Evening,False
2588,9,14,3,6.6,0,Saturday,12:03,13.3,2.1,31.3,12,Afternoon,True
2709,3,8,5,10.9,0,Sunday,16:58,10.6,9.4,3.9,16,Afternoon,True
164,9,14,4,8.3,0,Sunday,21:34,12.0,1.6,21.8,21,Night,True
2280,15,21,4,5.4,1,Monday,16:12,9.7,9.7,31.1,16,Afternoon,False
1819,6,13,5,10.0,0,Wednesday,09:36,10.1,20.1,16.1,9,Morning,False
253,10,13,3,9.8,0,Saturday,01:20,10.1,6.5,30.5,1,Night,True
1757,14,18,3,5.2,0,Wednesday,16:54,7.5,18.8,32.7,16,Afternoon,False
2379,14,21,5,6.0,1,Saturday,11:54,7.0,8.5,24.9,11,Morning,True
1927,9,14,4,10.1,1,Tuesday,16:32,6.1,13.3,30.7,16,Afternoon,False
2883,3,8,3,10.4,0,Sunday,08:19,9.5,23.4,15.4,8,Morning,True
931,4,12,3,10.6,0,Thursday,08:19,8.9,15.6,14.0,8,Morning,False
2585,7,9,1,8.4,2,Monday,12:32,7.1,59.5,102.7,12,Afternoon,False
2195,15,20,4,13.1,0,Friday,12:59,12.9,19.4,71.5,12,Afternoon,False
3684,10,14,4,7.2,0,Thursday,20:44,8.1,7.6,21.5,20,Evening,False
3298,13,18,4,9.4,3,Saturday,14:20,12.0,34.0,65.5,14,Afternoon,True
2544,12,17,5,5.5,1,Saturday,07:07,10.3,0.8,18.8,7,Morning,True
1617,8,11,3,5.9,0,Friday,15:33,5.8,19.6,22.0,15,Afternoon,False
3250,6,12,4,2.0,0,Friday,09:30,3.3,2.8,1.4,9,Morning,False
2217,8,14,4,5.8,0,Wednesday,14:08,11.2,0.0,17.4,14,Afternoon,False
1091,11,21,5,4.2,0,Wednesday,15:54,9.3,8.4,12.7,15,Afternoon,False
3168,10,15,4,10.0,0,Friday,21:45,9.5,5.5,31.2,21,Night,False
3812,7,12,4,3.5,1,Friday,13:32,14.4,8.9,16.3,13,Afternoon,False
2556,9,15,5,10.6,1,Wednesday,15:17,10.5,8.5,27.8,15,Afternoon,False
1182,8,14,6,8.6,3,Friday,09:16,7.1,7.6,26.0,9,Morning,False
1453,15,22,5,6.2,1,Saturday,12:16,10.4,5.8,33.0,12,Afternoon,True
594,10,13,3,4.8,0,Saturday,11:25,16.4,0.0,21.5,11,Morning,True
678,10,17,5,2.1,2,Wednesday,21:32,4.2,9.2,10.8,21,Night,False
42,7,11,3,9.5,0,Saturday,21:57,6.0,31.2,60.0,21,Night,True
1722,2,6,3,7.5,0,Wednesday,08:46,3.9,23.2,7.1,8,Morning,False
2380,16,19,2,9.3,0,Wednesday,21:57,8.4,47.5,77.8,21,Night,False
2530,8,12,2,11.1,1,Wednesday,11:47,4.0,28.5,61.6,11,Morning,False
1925,14,18,3,10.0,1,Thursday,15:08,11.3,28.0,64.4,15,Afternoon,False
244,16,21,4,7.9,1,Wednesday,09:23,10.4,11.7,34.2,9,Morning,False
1125,8,11,2,6.0,2,Tuesday,10:22,8.1,26.4,36.8,10,Morning,False
1340,9,16,4,7.4,0,Wednesday,11:56,14.0,23.7,26.0,11,Morning,False
1594,6,13,6,9.8,0,Thursday,23:37,8.3,12.2,7.9,23,Night,False
2829,12,15,3,8.6,0,Monday,11:49,13.8,26.8,62.2,11,Morning,False
2255,13,18,5,8.1,0,Sunday,11:39,7.3,6.7,22.5,11,Morning,True
1443,12,19,6,6.8,0,Monday,12:06,11.5,12.9,22.6,12,Afternoon,False
262,12,17,4,8.5,0,Saturday,11:19,12.5,17.7,39.7,11,Morning,True
2619,13,18,5,9.9,1,Saturday,15:50,11.4,14.2,42.1,15,Afternoon,True
2972,9,12,3,5.5,1,Saturday,15:23,13.6,5.3,26.0,15,Afternoon,True
2234,5,10,4,10.3,0,Monday,09:52,2.9,15.9,18.4,9,Morning,False
2679,8,13,4,8.1,0,Thursday,15:22,12.3,23.0,18.2,15,Afternoon,False
2645,5,7,2,13.2,2,Thursday,22:09,2.1,33.6,44.1,22,Night,False
835,11,14,3,6.9,0,Thursday,21:09,4.9,27.9,31.4,21,Night,False
3057,6,10,3,7.2,1,Tuesday,07:32,8.5,18.2,20.0,7,Morning,False
3612,9,14,3,7.5,1,Tuesday,07:00,9.9,23.4,28.5,7,Morning,False
2990,3,8,4,8.5,0,Tuesday,16:31,4.9,17.3,10.2,16,Afternoon,False
3709,11,14,3,9.3,0,Wednesday,07:27,7.1,17.6,38.0,7,Morning,False
341,14,20,6,12.6,1,Monday,16:37,14.2,13.5,44.9,16,Afternoon,False
2824,10,14,4,5.3,0,Thursday,08:56,12.2,8.3,38.3,8,Morning,False
749,6,10,4,7.3,0,Saturday,16:03,9.3,24.2,20.2,16,Afternoon,True
1875,8,12,2,5.4,0,Tuesday,14:42,6.5,25.9,64.5,14,Afternoon,False
481,10,17,4,8.7,0,Saturday,10:53,9.3,16.2,28.7,10,Morning,True
2338,5,10,4,10.0,1,Monday,08:23,8.7,16.5,22.5,8,Morning,False
2593,13,19,5,9.2,0,Monday,17:35,6.7,21.7,34.6,17,Evening,False
3229,2,6,4,7.0,0,Thursday,08:27,3.9,3.4,0.8,8,Morning,False
2115,8,12,4,10.8,1,Wednesday,18:47,9.6,16.2,33.0,18,Evening,False
784,10,15,4,14.3,1,Monday,10:25,13.2,35.4,57.0,10,Morning,False
3413,3,8,2,9.8,1,Wednesday,00:13,3.6,18.2,17.3,0,Night,False
3037,4,9,3,7.4,1,Tuesday,08:21,2.7,14.4,16.6,8,Morning,False
2597,3,8,4,3.6,0,Wednesday,09:17,7.6,0.0,0.0,9,Morning,False
3719,12,17,5,6.6,0,Tuesday,12:15,13.9,12.9,24.5,12,Afternoon,False
3293,15,20,3,6.5,0,Tuesday,10:13,8.0,31.6,36.4,10,Morning,False
2484,3,9,4,7.2,0,Saturday,08:16,8.3,14.8,3.2,8,Morning,True
2122,8,11,3,4.6,0,Friday,14:56,9.4,16.5,18.3,14,Afternoon,False
1603,11,16,4,7.1,0,Wednesday,15:53,9.0,17.1,23.9,15,Afternoon,False
2611,3,6,3,10.0,0,Sunday,19:59,10.4,24.0,13.1,19,Evening,True
2801,12,16,3,9.6,1,Wednesday,02:09,8.2,20.4,38.5,2,Night,False
2929,8,13,4,5.8,0,Thursday,14:25,11.7,10.7,18.7,14,Afternoon,False
1272,8,15,5,11.4,1,Monday,14:59,9.7,13.8,32.5,14,Afternoon,False
3217,12,17,5,6.6,2,Saturday,11:19,11.1,18.3,31.5,11,Morning,True
3043,4,7,3,5.2,2,Friday,08:11,6.6,6.9,15.1,8,Morning,False
1128,12,16,4,7.3,1,Tuesday,14:55,8.4,27.8,32.3,14,Afternoon,False
627,19,20,1,3.1,1,Friday,11:09,13.7,33.5,85.5,11,Morning,False
348,15,22,5,7.5,2,Wednesday,15:50,12.2,1.5,22.1,15,Afternoon,False
3254,4,10,5,5.7,1,Thursday,16:06,12.8,5.7,7.9,16,Afternoon,False
2532,6,11,5,8.2,0,Friday,05:11,5.9,15.3,11.2,5,Night,False
2091,9,16,4,7.7,3,Wednesday,07:58,10.7,12.3,29.7,7,Morning,False
980,7,11,3,10.4,0,Thursday,11:15,5.4,20.1,28.8,11,Morning,False
1424,7,11,3,10.8,0,Sunday,11:07,9.0,14.2,32.2,11,Morning,True
3472,12,16,4,3.8,0,Monday,07:14,5.4,4.5,7.2,7,Morning,False
2953,12,18,4,9.7,1,Saturday,13:40,16.1,41.5,52.6,13,Afternoon,True
912,13,19,4,2.6,0,Saturday,07:07,7.1,0.0,9.2,7,Morning,True
3566,13,18,4,7.8,1,Wednesday,14:13,7.6,12.8,37.9,14,Afternoon,False
633,16,21,4,6.9,0,Thursday,12:21,11.7,18.7,41.7,12,Afternoon,False
2869,3,7,2,4.8,0,Sunday,00:29,3.9,7.7,5.3,0,Night,True
446,2,5,3,10.0,0,Thursday,19:58,6.1,13.0,11.8,19,Evening,False
618,13,18,4,7.3,0,Thursday,20:52,10.3,26.5,28.0,20,Evening,False
2096,10,15,3,10.0,1,Sunday,09:49,7.2,18.4,34.5,9,Morning,True
2884,3,7,4,5.5,0,Tuesday,09:19,10.2,20.4,8.7,9,Morning,False
2603,9,12,3,9.6,1,Wednesday,14:09,11.9,18.0,42.8,14,Afternoon,False
2078,12,16,3,11.3,1,Saturday,11:04,9.6,41.5,72.7,11,Morning,True
1989,15,19,4,4.6,0,Thursday,08:11,7.3,10.6,19.7,8,Morning,False
2443,8,13,4,2.0,1,Tuesday,15:00,5.5,8.4,7.0,15,Afternoon,False
3378,11,18,6,8.2,0,Wednesday,19:25,10.7,3.9,17.8,19,Evening,False
3480,14,18,4,6.6,1,Thursday,11:51,11.4,12.3,35.5,11,Morning,False
1466,7,11,4,6.9,0,Thursday,00:05,4.9,4.9,8.3,0,Night,False
1658,9,13,4,2.9,3,Wednesday,20:20,8.6,0.0,13.5,20,Evening,False
3167,13,17,4,7.5,1,Friday,20:14,10.8,0.0,35.2,20,Evening,False
116,11,16,4,5.4,2,Wednesday,18:48,10.0,16.1,20.9,18,Evening,False
1495,8,13,4,8.7,0,Friday,07:52,7.3,20.7,24.1,7,Morning,False
354,9,14,4,8.7,1,Wednesday,17:15,12.2,25.0,34.9,17,Evening,False
1233,8,14,4,4.2,0,Tuesday,19:40,9.5,0.0,10.5,19,Evening,False
614,7,9,1,5.9,0,Friday,18:51,8.7,54.3,65.5,18,Evening,False
1642,6,11,4,3.8,1,Thursday,20:16,9.6,0.0,12.8,20,Evening,False
1973,10,15,5,7.2,0,Friday,07:25,12.8,0.0,18.1,7,Morning,False
2336,11,15,3,9.2,0,Tuesday,19:42,10.8,14.3,43.4,19,Evening,False
3702,6,10,3,9.2,0,Saturday,19:25,4.7,30.1,31.2,19,Evening,True
2514,4,6,2,2.5,0,Thursday,09:25,9.9,10.5,8.9,9,Morning,False
3744,5,9,4,7.3,1,Tuesday,05:30,6.7,0.0,12.0,5,Night,False
58,7,12,4,6.0,1,Friday,15:29,8.7,13.9,16.8,15,Afternoon,False
2015,9,14,4,9.5,0,Saturday,17:57,9.3,20.2,34.3,17,Evening,True
3713,17,22,4,4.3,0,Monday,16:36,11.2,6.7,27.8,16,Afternoon,False
2895,10,16,4,2.0,1,Wednesday,12:10,7.7,4.0,7.3,12,Afternoon,False
3896,7,12,4,2.0,0,Sunday,19:09,3.2,5.3,3.7,19,Evening,True
1254,10,15,5,8.2,0,Thursday,17:37,9.8,10.8,22.0,17,Evening,False
3318,4,7,3,9.5,1,Friday,09:35,8.7,36.7,25.1,9,Morning,False
2494,10,14,3,3.3,0,Thursday,14:52,6.9,14.2,15.7,14,Afternoon,False
3596,6,13,4,7.9,1,Wednesday,09:50,5.9,7.8,17.6,9,Morning,False
1953,5,6,1,5.2,0,Tuesday,00:08,7.3,33.8,21.6,0,Night,False
2118,7,12,4,8.7,0,Sunday,08:24,4.7,12.9,14.4,8,Morning,True
1886,10,14,4,8.2,0,Friday,21:56,4.7,1.9,21.0,21,Night,False
3537,3,8,3,7.6,0,Thursday,16:09,10.8,19.2,15.4,16,Afternoon,False
1809,9,14,4,6.1,0,Tuesday,16:02,15.8,6.5,16.4,16,Afternoon,False
561,10,18,6,13.5,1,Tuesday,13:17,10.5,4.1,42.1,13,Afternoon,False
708,10,14,4,7.5,2,Friday,10:58,6.8,12.1,37.7,10,Morning,False
1633,4,10,4,2.0,0,Sunday,14:18,12.8,11.8,0.8,14,Afternoon,True
425,17,22,3,7.9,0,Tuesday,17:22,8.3,35.2,63.4,17,Evening,False
1094,4,10,4,6.3,0,Saturday,16:16,11.2,11.4,9.4,16,Afternoon,True
1377,6,11,5,8.9,0,Friday,04:26,3.1,13.9,8.8,4,Night,False
648,12,18,5,7.2,2,Saturday,12:45,9.1,7.8,33.4,12,Afternoon,True
73,3,8,4,9.2,0,Monday,07:48,5.7,9.6,7.0,7,Morning,False
2067,15,22,5,6.3,1,Thursday,12:06,18.2,12.8,30.1,12,Afternoon,False
1870,5,8,3,7.1,2,Tuesday,08:10,8.1,5.6,18.6,8,Morning,False
3050,4,8,4,9.0,0,Sunday,02:46,4.4,3.0,5.8,2,Night,True
1006,7,15,6,6.5,0,Tuesday,16:17,8.7,8.0,12.0,16,Afternoon,False
621,13,15,2,5.6,0,Tuesday,01:50,11.7,19.8,31.3,1,Night,False
3642,7,13,5,6.7,0,Thursday,10:46,10.0,9.4,14.5,10,Morning,False
288,7,12,4,6.1,0,Monday,16:44,3.7,3.2,14.4,16,Afternoon,False
554,1,5,3,10.0,0,Wednesday,05:24,2.3,19.6,3.7,5,Night,False
1919,9,14,3,8.6,0,Wednesday,11:22,3.2,30.1,29.8,11,Morning,False
1878,9,14,5,8.9,1,Saturday,19:40,12.2,10.2,28.7,19,Evening,True
2180,3,10,4,5.2,1,Tuesday,17:08,5.6,2.8,7.7,17,Evening,False
1555,17,22,5,12.9,0,Saturday,18:58,8.3,23.7,65.9,18,Evening,True
3875,6,9,3,9.9,0,Monday,20:15,6.5,33.6,28.5,20,Evening,False
2475,4,9,4,8.0,0,Wednesday,09:45,7.1,14.8,11.8,9,Morning,False
3504,8,13,5,9.3,0,Saturday,12:31,8.1,17.0,25.3,12,Afternoon,True
999,15,22,4,8.0,1,Wednesday,07:30,15.9,14.8,35.7,7,Morning,False
2098,13,18,4,6.5,0,Monday,21:08,8.7,14.5,24.9,21,Night,False
1675,14,21,6,8.4,0,Monday,12:17,14.8,17.5,69.6,12,Afternoon,False
2045,3,7,3,6.8,0,Thursday,03:02,6.2,13.7,5.6,3,Night,False
1398,6,11,4,7.5,0,Monday,01:34,6.7,18.2,12.3,1,Night,False
1578,17,24,4,10.8,0,Monday,20:14,15.5,21.8,79.4,20,Evening,False
1621,9,14,5,6.3,0,Wednesday,08:34,9.2,7.5,11.8,8,Morning,False
3641,10,16,4,7.8,3,Thursday,07:45,10.8,16.4,31.6,7,Morning,False
3939,11,16,5,9.0,0,Saturday,15:49,14.2,13.1,29.9,15,Afternoon,True
3962,7,10,3,7.0,1,Wednesday,23:10,8.1,7.3,18.1,23,Night,False
2313,7,14,6,8.2,0,Wednesday,20:54,6.8,15.3,19.8,20,Evening,False
2726,18,24,5,8.6,3,Monday,14:00,13.2,0.0,57.1,14,Afternoon,False
441,16,22,5,10.1,0,Tuesday,18:54,10.8,15.0,45.2,18,Evening,False
509,13,19,4,9.0,2,Wednesday,19:30,11.8,23.7,49.2,19,Evening,False
1101,6,10,3,8.3,0,Tuesday,16:50,8.0,15.9,22.6,16,Afternoon,False
590,14,18,4,9.6,1,Monday,13:33,9.3,26.3,58.9,13,Afternoon,False
2885,5,9,3,12.7,0,Sunday,03:07,8.4,8.9,14.8,3,Night,True
650,10,13,2,8.4,0,Thursday,13:44,12.7,41.3,58.8,13,Afternoon,False
1547,16,21,4,8.8,0,Thursday,20:04,7.9,15.8,44.2,20,Evening,False
3796,11,15,4,12.4,0,Saturday,17:16,9.4,38.6,53.6,17,Evening,True
3904,9,13,3,7.1,1,Thursday,09:48,13.1,11.2,29.9,9,Morning,False
2315,6,10,4,5.7,0,Tuesday,11:05,7.2,17.0,36.9,11,Morning,False
3841,10,14,4,10.6,2,Saturday,07:56,12.6,26.4,48.6,7,Morning,True
3544,20,25,5,7.3,0,Wednesday,17:30,6.0,8.1,36.4,17,Evening,False
1456,8,11,3,7.7,0,Sunday,21:05,8.6,19.6,22.1,21,Night,True
2526,12,15,3,10.4,1,Tuesday,18:51,4.5,34.0,60.2,18,Evening,False
661,11,17,5,13.9,3,Friday,15:24,8.7,16.0,102.6,15,Afternoon,False
631,2,3,1,7.2,0,Thursday,03:19,7.0,46.8,15.8,3,Night,False
673,6,9,3,9.4,2,Friday,20:55,2.9,8.6,29.5,20,Evening,False
1250,11,15,4,7.3,2,Friday,19:11,13.0,5.5,36.7,19,Evening,False
3776,7,12,4,7.4,1,Sunday,10:19,8.9,17.5,18.6,10,Morning,True
483,1,4,2,12.9,0,Sunday,17:19,4.6,28.6,13.0,17,Evening,True
1585,15,24,6,9.0,0,Saturday,15:55,15.1,18.8,36.4,15,Afternoon,True
1963,8,12,4,8.0,1,Wednesday,17:18,5.7,12.0,26.3,17,Evening,False
3397,7,12,5,8.6,1,Thursday,18:36,12.3,24.6,21.5,18,Evening,False
1922,3,6,3,8.5,0,Thursday,15:09,9.3,16.0,10.9,15,Afternoon,False
1463,11,19,6,10.6,1,Friday,08:01,5.4,21.9,28.2,8,Morning,False
2755,8,12,3,11.3,3,Sunday,15:49,3.5,32.0,52.3,15,Afternoon,True
3288,13,16,3,2.0,0,Friday,12:13,12.8,9.2,18.8,12,Afternoon,False
2371,8,11,3,5.5,2,Monday,19:41,10.7,16.0,27.4,19,Evening,False
857,4,9,3,7.5,1,Sunday,10:44,6.1,16.8,15.6,10,Morning,True
1226,7,13,6,8.3,1,Monday,19:34,12.2,12.6,23.0,19,Evening,False
1191,7,12,3,10.3,1,Tuesday,15:46,7.7,15.8,38.6,15,Afternoon,False
2182,8,11,3,5.1,0,Saturday,18:06,8.3,21.1,22.3,18,Evening,True
3270,10,12,2,9.2,0,Monday,12:18,8.2,19.4,68.4,12,Afternoon,False
531,9,14,3,5.8,2,Wednesday,16:21,15.1,11.7,29.2,16,Afternoon,False
2648,3,5,2,8.2,1,Friday,02:34,1.0,21.2,13.5,2,Night,False
50,14,20,5,6.6,3,Saturday,17:44,10.1,13.6,38.6,17,Evening,True
2989,13,20,6,7.1,0,Saturday,13:17,12.5,14.8,24.6,13,Afternoon,True
1779,7,13,2,8.3,1,Monday,08:42,4.2,37.9,41.1,8,Morning,False
859,11,18,5,8.6,1,Saturday,13:56,11.4,4.9,35.7,13,Afternoon,True
1784,12,19,5,10.9,0,Monday,17:02,12.1,11.7,36.9,17,Evening,False
1073,6,9,3,6.3,1,Tuesday,01:04,4.6,10.7,13.1,1,Night,False
720,8,13,2,6.7,1,Tuesday,08:17,5.5,19.3,31.4,8,Morning,False
152,7,10,3,7.9,0,Saturday,09:19,14.3,24.9,24.8,9,Morning,True
2158,18,22,3,4.3,1,Sunday,19:57,10.2,11.2,31.6,19,Evening,True
2970,12,16,4,8.8,1,Thursday,13:05,8.5,6.2,44.8,13,Afternoon,False
1661,11,17,4,9.6,2,Thursday,19:06,9.6,20.7,39.7,19,Evening,False
1657,12,15,3,3.6,0,Thursday,08:08,10.2,0.0,13.5,8,Morning,False
2169,12,17,4,8.7,1,Friday,09:39,8.9,19.4,36.1,9,Morning,False
2304,4,7,2,8.3,0,Sunday,04:25,6.6,24.1,18.6,4,Night,True
3302,6,12,5,9.5,0,Thursday,12:56,9.6,10.1,19.4,12,Afternoon,False
2164,9,14,5,5.6,2,Friday,15:25,11.9,12.4,21.9,15,Afternoon,False
3946,7,13,6,8.8,0,Monday,12:00,12.6,9.4,13.7,12,Afternoon,False
3417,12,16,4,7.8,1,Saturday,07:27,6.9,14.8,38.2,7,Morning,True
2933,9,15,5,7.7,0,Saturday,19:38,12.7,6.3,25.5,19,Evening,True
3588,7,12,3,7.7,1,Wednesday,08:29,4.4,18.7,21.0,8,Morning,False
2719,4,9,4,4.4,0,Saturday,14:13,10.0,12.5,6.7,14,Afternoon,True
2119,6,11,4,2.0,1,Saturday,08:16,12.2,4.9,7.3,8,Morning,True
3822,10,17,6,4.5,1,Friday,19:40,5.8,16.3,19.1,19,Evening,False
1768,5,9,4,8.3,0,Monday,09:53,7.3,6.1,13.6,9,Morning,False
2823,9,16,4,9.8,2,Tuesday,07:46,9.6,21.2,35.1,7,Morning,False
1386,7,12,4,8.9,1,Sunday,03:12,8.2,1.1,17.9,3,Night,True
1400,9,14,4,10.2,1,Saturday,16:45,11.5,20.6,36.7,16,Afternoon,True
1196,10,15,4,4.1,2,Saturday,17:06,12.4,4.9,39.6,17,Evening,True
3751,13,17,4,5.5,0,Tuesday,11:39,8.3,16.7,22.6,11,Morning,False
1476,7,12,3,7.3,1,Thursday,19:53,6.1,12.6,27.0,19,Evening,False
2010,6,12,4,4.0,0,Tuesday,02:31,8.3,7.6,7.7,2,Night,False
3484,7,13,5,6.4,0,Saturday,21:56,7.6,2.6,11.6,21,Night,True
2508,6,11,4,7.2,2,Friday,06:15,4.0,10.8,18.7,6,Morning,False
298,3,9,4,8.8,0,Sunday,21:13,6.7,23.5,10.7,21,Night,True
2070,2,5,3,4.7,0,Tuesday,08:03,10.4,7.3,3.3,8,Morning,False
1265,12,20,6,6.3,0,Monday,14:22,12.4,17.4,19.7,14,Afternoon,False
2513,14,19,3,7.1,0,Tuesday,20:20,8.2,13.2,42.7,20,Evening,False
959,4,8,4,4.8,0,Thursday,08:43,11.9,9.7,3.8,8,Morning,False
1607,14,19,5,7.3,1,Thursday,19:37,11.1,10.8,30.4,19,Evening,False
2754,7,11,4,10.1,0,Saturday,02:22,7.7,10.4,15.2,2,Night,True
909,6,9,3,8.9,0,Thursday,23:22,7.1,26.7,15.0,23,Night,False
1913,7,12,4,9.1,2,Monday,23:52,6.1,11.5,22.2,23,Night,False
1610,5,10,5,12.0,1,Friday,12:51,6.1,12.7,21.5,12,Afternoon,False
2401,10,16,4,2.7,1,Friday,14:27,9.6,3.0,11.6,14,Afternoon,False
1375,10,15,4,4.6,0,Tuesday,10:11,5.8,6.8,13.1,10,Morning,False
1287,11,20,4,11.7,0,Tuesday,16:47,9.2,24.0,44.7,16,Afternoon,False
3971,8,13,3,8.4,1,Wednesday,19:08,7.3,38.3,34.7,19,Evening,False
350,2,7,4,7.2,0,Monday,22:43,7.7,6.3,4.3,22,Night,False
1369,8,11,2,4.6,2,Thursday,17:48,7.8,21.6,33.2,17,Evening,False
2659,13,17,4,5.2,1,Saturday,12:49,11.8,0.0,32.2,12,Afternoon,True
644,8,12,4,5.6,0,Saturday,08:30,7.1,13.0,9.6,8,Morning,True
3491,9,13,3,5.6,0,Monday,11:02,9.9,15.9,28.0,11,Morning,False
2025,6,9,3,6.7,3,Thursday,14:08,6.8,10.2,27.8,14,Afternoon,False
1682,14,20,5,4.7,0,Friday,07:43,9.0,1.6,12.0,7,Morning,False
670,3,8,5,8.0,2,Saturday,19:09,11.3,15.5,18.6,19,Evening,True
3611,17,24,5,6.0,3,Friday,16:58,12.3,14.8,40.6,16,Afternoon,False
2120,13,18,5,7.4,1,Saturday,10:34,12.7,25.9,32.1,10,Morning,True
3249,9,13,3,5.7,0,Sunday,16:16,8.3,7.3,18.2,16,Afternoon,True
1872,6,10,3,8.0,1,Friday,13:57,11.5,25.6,30.7,13,Afternoon,False
3814,4,9,4,10.3,0,Thursday,20:05,5.9,3.4,15.6,20,Evening,False
1180,12,15,3,8.2,0,Thursday,21:58,6.5,24.2,41.4,21,Night,False
3373,7,13,4,9.2,0,Thursday,17:54,4.8,36.2,23.8,17,Evening,False
3339,8,11,3,5.7,1,Wednesday,21:20,7.4,14.8,20.3,21,Night,False
3618,10,16,4,8.6,1,Friday,17:57,13.0,16.9,34.2,17,Evening,False
1834,14,20,4,6.3,0,Tuesday,11:51,11.1,8.3,26.9,11,Morning,False
1588,7,11,4,7.5,1,Sunday,20:51,9.7,15.9,26.0,20,Evening,True
3847,6,11,4,6.4,2,Thursday,16:49,11.4,16.7,20.9,16,Afternoon,False
2246,6,11,3,8.1,0,Tuesday,11:34,7.4,19.2,21.6,11,Morning,False
3916,11,17,5,12.9,1,Thursday,17:00,11.2,19.5,43.8,17,Evening,False
1358,12,17,3,7.4,1,Thursday,14:17,6.0,6.1,43.2,14,Afternoon,False
787,6,8,2,7.0,0,Sunday,18:09,4.3,40.9,30.3,18,Evening,True
3575,4,9,5,5.1,0,Thursday,09:21,6.2,8.2,3.1,9,Morning,False
141,13,19,5,7.8,2,Wednesday,14:48,10.0,10.7,60.6,14,Afternoon,False
789,12,18,6,4.2,1,Thursday,18:31,14.6,13.7,15.7,18,Evening,False
324,8,13,4,5.8,0,Tuesday,21:43,6.2,2.8,13.4,21,Night,False
2680,17,23,5,6.6,3,Monday,13:02,15.2,6.2,44.3,13,Afternoon,False
715,11,17,5,11.1,0,Monday,14:27,9.8,14.8,38.4,14,Afternoon,False
2187,9,13,3,7.2,0,Wednesday,13:52,8.4,31.8,28.5,13,Afternoon,False
2365,12,21,5,7.6,0,Saturday,17:09,10.4,13.5,29.0,17,Evening,True
3675,12,20,5,8.6,2,Monday,14:38,9.9,8.4,35.2,14,Afternoon,False
3169,6,12,4,7.2,0,Monday,01:38,4.6,1.2,8.6,1,Night,False
3348,5,11,5,12.6,1,Tuesday,12:58,14.9,19.6,29.7,12,Afternoon,False
2541,6,14,6,2.0,2,Friday,14:47,8.7,6.3,37.8,14,Afternoon,False
619,17,21,4,9.3,0,Friday,12:30,10.3,27.5,102.1,12,Afternoon,False
407,5,11,4,11.7,0,Monday,14:52,7.2,5.1,19.1,14,Afternoon,False
2795,10,15,5,2.2,2,Monday,15:21,10.5,0.0,8.9,15,Afternoon,False
2020,9,12,3,4.3,0,Friday,20:19,4.6,10.9,15.4,20,Evening,False
1877,10,14,3,3.4,0,Friday,09:34,7.3,12.4,12.7,9,Morning,False
2004,7,10,3,10.4,0,Friday,19:21,6.9,31.8,31.2,19,Evening,False
2408,11,16,4,8.4,2,Monday,11:27,12.0,11.0,40.8,11,Morning,False
498,2,10,4,7.2,1,Monday,08:16,4.0,18.6,12.1,8,Morning,False
2245,12,17,4,9.0,0,Monday,19:00,11.3,28.7,41.3,19,Evening,False
343,4,8,3,14.2,1,Thursday,09:19,8.8,20.6,30.9,9,Morning,False
2568,17,21,4,6.7,1,Friday,12:53,10.9,12.9,48.0,12,Afternoon,False
2993,9,13,4,10.2,2,Thursday,11:32,12.3,27.7,39.6,11,Morning,False
783,10,16,5,7.6,4,Monday,16:46,11.6,20.3,36.3,16,Afternoon,False
2165,16,22,5,7.5,1,Monday,13:59,12.1,1.8,16.2,13,Afternoon,False
1324,14,19,4,4.5,0,Monday,15:06,5.1,18.4,22.2,15,Afternoon,False
2303,11,17,4,4.7,0,Thursday,08:08,7.9,3.7,13.6,8,Morning,False
1942,6,11,5,8.9,0,Friday,07:49,9.2,6.0,14.5,7,Morning,False
304,4,8,3,5.6,1,Tuesday,19:20,7.7,10.8,13.3,19,Evening,False
3240,10,13,3,8.0,3,Saturday,10:26,10.9,23.2,46.3,10,Morning,True
2765,5,11,5,4.9,0,Tuesday,16:51,7.1,3.4,7.6,16,Afternoon,False
665,13,17,4,2.0,1,Saturday,11:56,11.8,9.0,8.4,11,Morning,True
1178,9,16,4,5.8,0,Sunday,13:15,13.3,0.0,17.4,13,Afternoon,True
1245,7,11,4,6.4,1,Wednesday,08:03,5.6,6.2,16.1,8,Morning,False
2427,5,9,4,9.7,1,Tuesday,10:59,7.4,22.7,22.9,10,Morning,False
2956,3,6,3,8.7,0,Sunday,17:05,11.1,31.0,14.3,17,Evening,True
3253,11,18,6,5.2,0,Monday,16:46,11.9,4.6,11.6,16,Afternoon,False
3553,7,11,4,10.9,1,Wednesday,20:20,9.6,15.5,26.8,20,Evening,False
2581,10,15,3,3.3,0,Wednesday,14:42,10.8,20.8,15.0,14,Afternoon,False
85,10,13,3,7.5,0,Saturday,08:15,12.7,26.4,35.6,8,Morning,True
2921,5,11,5,6.8,1,Thursday,14:41,11.4,13.7,11.9,14,Afternoon,False
942,10,14,4,4.2,0,Wednesday,15:30,9.7,8.4,14.2,15,Afternoon,False
962,8,12,3,7.6,0,Saturday,04:42,6.4,11.3,18.9,4,Night,True
842,7,13,4,10.9,0,Friday,19:34,10.0,18.0,28.1,19,Evening,False
3602,11,17,3,9.3,1,Wednesday,15:14,14.1,22.5,49.6,15,Afternoon,False
3747,4,8,3,7.5,0,Tuesday,23:58,9.9,12.5,8.9,23,Night,False
3139,10,14,3,9.5,0,Saturday,10:50,12.2,29.8,83.2,10,Morning,True
2175,12,17,5,10.2,2,Saturday,19:13,10.6,25.6,50.7,19,Evening,True
2777,5,8,2,9.4,1,Sunday,07:41,6.3,49.8,30.1,7,Morning,True
3382,6,13,5,6.0,1,Saturday,19:57,11.9,10.1,16.0,19,Evening,True
291,8,13,3,9.4,0,Saturday,08:45,8.4,24.0,29.7,8,Morning,True
3181,3,7,2,5.9,0,Wednesday,19:49,12.3,8.8,13.2,19,Evening,False
2534,9,15,5,6.4,0,Tuesday,16:18,5.2,19.7,15.7,16,Afternoon,False
3654,8,13,4,9.3,0,Monday,07:01,8.1,18.8,26.5,7,Morning,False
3332,10,15,4,5.3,2,Monday,15:37,12.4,20.5,25.8,15,Afternoon,False
3604,8,13,5,4.4,1,Monday,11:25,7.2,1.2,13.9,11,Morning,False
605,3,7,4,7.7,0,Thursday,09:41,7.4,18.9,8.7,9,Morning,False
2688,5,9,3,8.8,1,Sunday,10:08,6.1,22.9,22.0,10,Morning,True
917,7,11,3,3.6,1,Sunday,11:14,9.0,8.2,13.1,11,Morning,True
2472,9,13,4,9.9,0,Tuesday,15:52,8.9,18.2,29.9,15,Afternoon,False
3705,8,13,4,8.5,0,Saturday,14:45,9.5,30.4,29.7,14,Afternoon,True
1100,11,16,4,9.6,0,Saturday,16:05,10.2,21.1,38.6,16,Afternoon,True
1089,12,20,6,6.5,0,Friday,09:00,12.4,33.6,19.1,9,Morning,False
3782,3,8,4,7.5,1,Thursday,21:10,15.5,18.0,12.5,21,Night,False
3817,6,9,3,7.9,0,Sunday,14:30,5.2,7.0,19.4,14,Afternoon,True
1625,9,14,4,3.7,1,Thursday,13:03,10.0,7.9,20.3,13,Afternoon,False
3064,13,18,4,8.7,1,Tuesday,21:42,7.3,9.0,34.8,21,Night,False
822,16,21,4,6.7,3,Friday,12:02,13.3,11.5,53.9,12,Afternoon,False
2891,10,17,6,5.5,1,Wednesday,17:33,12.7,11.9,15.2,17,Evening,False
2469,12,17,4,9.8,1,Sunday,09:44,8.6,6.2,34.4,9,Morning,True
3760,8,15,5,4.6,1,Wednesday,07:59,7.7,8.3,10.4,7,Morning,False
3212,6,14,5,5.1,0,Thursday,16:15,8.7,18.4,9.3,16,Afternoon,False
3261,7,11,3,9.2,2,Saturday,15:30,8.7,21.4,40.2,15,Afternoon,True
1303,6,10,4,7.5,1,Monday,21:58,9.2,29.0,24.1,21,Night,False
1001,17,22,3,5.3,0,Saturday,13:04,10.5,10.4,47.7,13,Afternoon,True
3274,11,13,2,12.3,1,Tuesday,14:58,8.7,56.3,94.9,14,Afternoon,False
3110,8,11,3,10.8,0,Tuesday,06:02,7.8,16.3,24.8,6,Morning,False
1506,10,15,5,2.4,1,Thursday,10:33,10.7,2.7,5.1,10,Morning,False
1478,14,20,4,11.3,1,Saturday,14:34,3.2,12.8,62.4,14,Afternoon,True
19,8,13,4,7.5,0,Tuesday,03:32,10.6,15.3,12.4,3,Night,False
1638,7,12,4,9.6,0,Thursday,19:47,14.4,12.0,21.4,19,Evening,False
1668,8,13,3,8.5,1,Thursday,00:59,0.0,14.9,22.2,0,Night,False
494,4,8,3,11.2,1,Thursday,16:14,9.0,36.1,29.6,16,Afternoon,False
1126,12,19,5,18.1,0,Thursday,15:16,11.2,14.8,55.8,15,Afternoon,False
1405,5,10,3,7.0,1,Tuesday,07:26,4.4,30.3,14.1,7,Morning,False
3083,5,9,3,8.7,0,Thursday,09:24,2.9,29.1,16.7,9,Morning,False
2686,14,19,3,11.4,2,Friday,15:26,11.8,32.1,82.7,15,Afternoon,False
2087,1,5,3,7.5,1,Tuesday,02:17,2.4,10.8,3.6,2,Night,False
2438,5,12,4,11.2,1,Friday,07:41,7.6,3.8,21.5,7,Morning,False
2414,16,23,6,9.5,0,Saturday,18:30,7.2,10.9,35.6,18,Evening,True
2261,6,11,5,7.9,0,Saturday,23:58,6.4,12.5,8.5,23,Night,True
2718,11,18,5,8.9,3,Thursday,13:15,9.5,16.1,43.4,13,Afternoon,False
585,9,14,5,10.7,0,Monday,15:21,7.0,30.6,28.3,15,Afternoon,False
2324,9,16,6,7.5,0,Friday,21:04,9.3,0.0,7.2,21,Night,False
688,13,19,3,6.9,1,Tuesday,18:29,10.9,24.8,50.1,18,Evening,False
2440,9,16,4,10.1,0,Sunday,17:28,12.1,19.1,29.8,17,Evening,True
2716,7,10,2,8.4,0,Thursday,08:59,6.6,29.0,30.3,8,Morning,False
1930,12,16,3,5.1,1,Thursday,03:46,8.3,6.8,16.8,3,Night,False
1609,11,17,5,7.5,1,Thursday,20:59,10.9,17.9,28.8,20,Evening,False
2663,2,6,2,7.5,0,Tuesday,11:37,4.1,21.9,13.9,11,Morning,False
2224,10,16,5,3.5,0,Tuesday,11:37,14.0,0.0,10.4,11,Morning,False
1010,5,9,4,4.8,0,Wednesday,07:53,7.6,6.5,8.1,7,Morning,False
3189,10,13,2,8.4,0,Tuesday,15:42,14.4,32.8,56.3,15,Afternoon,False
2299,7,14,5,8.2,0,Friday,21:23,12.9,0.0,17.7,21,Night,False
361,9,15,5,10.7,1,Monday,14:35,13.5,15.8,32.2,14,Afternoon,False
3385,3,6,2,4.1,0,Tuesday,06:52,6.9,8.0,7.3,6,Morning,False
3632,5,9,4,7.2,0,Tuesday,16:07,10.5,9.1,18.3,16,Afternoon,False
2542,9,14,4,7.1,0,Sunday,07:23,1.2,5.7,16.8,7,Morning,True
1678,6,11,2,8.6,2,Sunday,22:14,6.2,26.5,30.7,22,Night,True
1311,12,19,6,9.8,3,Monday,14:23,10.1,16.8,42.3,14,Afternoon,False
1171,7,10,2,9.9,2,Tuesday,12:39,11.7,42.1,64.5,12,Afternoon,False
1938,10,14,4,5.9,0,Sunday,12:53,9.2,4.5,18.3,12,Afternoon,True
801,9,14,4,4.2,0,Monday,15:14,9.7,6.5,12.4,15,Afternoon,False
2391,11,17,2,4.1,0,Wednesday,15:55,9.6,20.1,25.5,15,Afternoon,False
345,5,9,3,3.0,0,Thursday,08:46,4.4,0.0,4.8,8,Morning,False
2685,12,16,4,10.0,0,Friday,18:37,4.9,23.0,46.1,18,Evening,False
987,10,15,4,2.0,3,Monday,15:28,6.3,1.7,11.7,15,Afternoon,False
2516,11,18,3,3.3,1,Thursday,21:28,6.8,6.3,15.4,21,Night,False
744,7,11,4,8.7,0,Tuesday,21:45,10.5,0.0,19.2,21,Night,False
2936,4,7,3,3.0,0,Saturday,00:41,8.5,0.0,6.0,0,Night,True
1672,8,12,4,11.4,0,Wednesday,10:43,3.6,15.2,28.3,10,Morning,False
2437,10,13,3,9.2,3,Friday,17:15,11.2,34.6,62.6,17,Evening,False
2005,7,11,4,5.1,1,Thursday,17:30,8.9,9.8,13.2,17,Evening,False
114,7,14,4,10.0,0,Sunday,08:38,8.5,13.7,16.8,8,Morning,True
1438,12,17,4,4.3,1,Tuesday,12:18,10.5,4.4,16.7,12,Afternoon,False
2788,14,18,3,8.0,0,Saturday,07:36,11.4,0.5,41.5,7,Morning,True
1242,7,11,3,7.0,0,Saturday,21:23,13.5,40.3,21.8,21,Night,True
1143,1,5,4,9.6,2,Tuesday,08:46,5.9,12.4,11.5,8,Morning,False
2400,10,13,2,7.5,1,Saturday,14:51,13.6,32.3,58.7,14,Afternoon,True
1217,11,14,2,9.6,1,Tuesday,10:55,8.7,32.6,63.7,10,Morning,False
1826,17,21,4,7.8,0,Wednesday,21:26,6.5,25.0,36.6,21,Night,False
1199,11,18,6,10.6,1,Friday,18:50,11.0,23.1,33.4,18,Evening,False
86,12,16,4,6.1,1,Monday,09:56,10.4,9.7,23.2,9,Morning,False
1519,11,13,2,10.0,1,Saturday,14:19,11.5,59.0,94.4,14,Afternoon,True
2722,9,12,3,3.0,0,Saturday,20:05,5.7,11.8,13.9,20,Evening,True
1382,9,14,5,3.7,0,Monday,11:49,5.5,14.5,10.9,11,Morning,False
1376,7,13,4,5.9,0,Tuesday,15:26,8.7,0.0,10.8,15,Afternoon,False
669,14,18,3,5.7,1,Saturday,21:31,4.9,22.7,57.5,21,Night,True
1974,4,10,5,7.6,0,Friday,15:10,10.0,20.7,11.8,15,Afternoon,False
1015,5,13,5,7.6,0,Wednesday,12:32,9.9,9.1,11.8,12,Afternoon,False
129,6,10,2,5.5,1,Wednesday,18:25,9.2,13.5,23.6,18,Evening,False
1365,12,18,5,8.3,1,Friday,08:10,8.3,1.5,29.3,8,Morning,False
3134,14,18,4,8.1,0,Wednesday,10:01,10.3,17.6,36.2,10,Morning,False
2024,11,16,5,8.8,0,Sunday,18:07,9.0,16.6,24.0,18,Evening,True
892,5,12,5,9.2,1,Monday,19:30,14.1,10.7,20.9,19,Evening,False
2554,5,10,5,9.4,0,Saturday,07:39,7.2,4.9,10.0,7,Morning,True
1360,5,9,3,2.3,1,Wednesday,08:35,6.6,8.4,6.3,8,Morning,False
308,5,8,3,3.2,1,Tuesday,01:52,7.0,6.4,6.8,1,Night,False
2958,7,11,3,3.7,0,Thursday,08:51,7.0,0.0,6.4,8,Morning,False
3703,10,16,5,7.6,0,Sunday,18:13,7.7,6.2,19.2,18,Evening,True
384,10,14,4,6.3,1,Friday,21:59,12.4,23.3,24.7,21,Night,False
151,8,11,3,8.2,0,Thursday,21:47,7.2,15.4,27.0,21,Night,False
3046,18,21,3,7.4,0,Monday,13:25,12.1,31.9,67.9,13,Afternoon,False
1318,13,20,5,7.5,1,Friday,13:34,15.3,0.0,14.5,13,Afternoon,False
1452,9,14,5,8.8,0,Tuesday,16:54,6.4,11.0,18.1,16,Afternoon,False
3131,7,12,5,2.5,0,Wednesday,03:21,4.2,12.0,4.0,3,Night,False
2589,5,8,3,8.4,0,Tuesday,08:25,10.7,12.6,17.4,8,Morning,False
427,11,16,5,5.2,2,Saturday,15:39,10.0,10.3,22.2,15,Afternoon,True
495,7,11,3,5.2,0,Friday,21:07,7.0,14.8,17.6,21,Night,False
1208,13,18,4,7.5,1,Monday,17:25,11.2,20.9,41.0,17,Evening,False
2914,7,13,5,5.0,0,Saturday,18:42,4.2,16.4,17.0,18,Evening,True
2462,10,15,4,8.4,0,Sunday,23:27,6.3,17.6,13.5,23,Night,True
1209,6,12,3,10.9,0,Monday,06:54,7.3,21.3,25.2,6,Morning,False
1821,7,12,4,5.3,0,Friday,12:06,6.4,17.8,16.8,12,Afternoon,False
3023,9,15,3,10.1,1,Monday,20:12,12.3,20.4,47.5,20,Evening,False
3206,3,8,4,4.9,1,Wednesday,19:06,9.0,8.6,10.3,19,Evening,False
3031,17,22,4,7.5,0,Tuesday,11:10,13.6,7.1,70.5,11,Morning,False
2705,5,12,5,8.0,1,Sunday,15:56,4.0,13.5,11.3,15,Afternoon,True
2125,12,15,3,8.5,1,Saturday,17:50,9.3,34.7,57.6,17,Evening,True
1240,9,12,3,5.5,1,Tuesday,08:27,7.8,13.3,24.1,8,Morning,False
3008,7,10,3,13.0,0,Monday,16:49,7.6,32.8,42.1,16,Afternoon,False
2171,10,14,4,10.0,0,Saturday,03:41,10.2,17.8,26.5,3,Night,True
276,12,16,3,5.6,1,Thursday,10:44,8.3,5.5,27.5,10,Morning,False
490,3,8,4,8.1,0,Monday,07:38,12.3,18.8,8.5,7,Morning,False
3143,8,14,5,7.5,0,Friday,15:01,13.2,16.7,7.2,15,Afternoon,False
1230,5,10,4,9.4,0,Wednesday,07:10,5.9,6.4,15.6,7,Morning,False
691,10,15,4,2.3,1,Saturday,19:07,5.2,11.8,9.5,19,Evening,True
3292,9,12,3,8.0,1,Tuesday,11:28,4.9,24.4,64.6,11,Morning,False
2642,5,8,3,5.5,1,Monday,12:16,9.3,27.7,22.3,12,Afternoon,False
3086,9,12,3,2.0,1,Thursday,20:34,10.2,11.4,10.4,20,Evening,False
2074,9,12,2,9.2,1,Thursday,13:16,8.4,42.2,67.4,13,Afternoon,False
1781,13,20,5,5.1,0,Friday,10:17,12.9,5.4,17.7,10,Morning,False
3520,8,11,2,10.6,1,Thursday,13:11,6.2,51.1,66.3,13,Afternoon,False
3129,5,8,2,5.5,1,Saturday,03:34,7.9,28.6,16.4,3,Night,True
1059,14,17,3,8.6,0,Sunday,15:03,7.2,14.8,46.0,15,Afternoon,True
119,9,15,6,10.8,0,Tuesday,08:30,5.1,22.4,19.0,8,Morning,False
1025,4,8,3,7.8,0,Tuesday,21:21,7.9,20.9,14.6,21,Night,False
3933,13,19,4,11.9,2,Thursday,18:41,11.2,22.2,67.4,18,Evening,False
282,6,11,4,7.7,3,Tuesday,08:08,3.2,10.7,24.7,8,Morning,False
2334,6,11,4,4.3,0,Sunday,16:34,8.5,14.0,10.1,16,Afternoon,True
1317,2,5,3,11.0,0,Saturday,11:19,8.7,39.5,16.6,11,Morning,True
3232,12,16,3,5.0,0,Tuesday,10:57,7.9,15.5,26.1,10,Morning,False
969,14,19,5,9.8,0,Saturday,12:23,13.3,26.6,45.9,12,Afternoon,True
1666,11,17,6,5.4,0,Sunday,18:34,12.0,6.6,14.9,18,Evening,True
2026,7,10,3,9.3,0,Thursday,09:55,4.8,21.5,25.1,9,Morning,False
1906,12,18,5,7.2,0,Saturday,19:01,12.5,11.9,22.9,19,Evening,True
2555,5,11,4,3.2,0,Thursday,08:27,8.0,0.0,1.6,8,Morning,False
2804,4,10,3,8.1,0,Sunday,21:48,4.6,21.2,12.2,21,Night,True
3526,10,13,3,12.4,2,Monday,20:41,11.1,48.3,71.7,20,Evening,False
620,7,15,6,8.7,2,Friday,15:07,10.4,16.2,26.4,15,Afternoon,False
2111,6,9,2,4.1,2,Saturday,09:30,10.4,4.3,22.5,9,Morning,True
1743,4,7,3,4.5,1,Sunday,20:49,5.3,6.5,7.2,20,Evening,True
3260,6,8,2,9.8,2,Friday,02:17,8.8,13.1,36.5,2,Night,False
156,4,11,5,3.7,0,Thursday,17:39,8.0,6.0,3.4,17,Evening,False
1848,9,14,3,6.1,0,Wednesday,19:48,4.7,15.5,25.4,19,Evening,False
3884,0,4,4,6.2,1,Sunday,06:02,11.0,18.0,3.7,6,Morning,True
1656,7,11,3,9.6,1,Friday,09:25,9.3,22.6,30.0,9,Morning,False
3665,3,10,5,8.8,0,Sunday,11:06,8.9,29.4,7.9,11,Morning,True
305,11,14,3,10.9,1,Thursday,15:53,8.5,31.8,53.8,15,Afternoon,False
3778,3,10,5,7.3,1,Sunday,08:36,9.2,12.9,10.9,8,Morning,True
3377,4,10,5,7.5,0,Friday,00:14,0.0,5.4,3.5,0,Night,False
2223,4,8,3,7.3,0,Saturday,09:56,8.0,13.4,13.2,9,Morning,True
1957,15,21,5,11.2,2,Monday,14:23,11.0,25.2,58.7,14,Afternoon,False
3980,8,12,4,9.4,0,Wednesday,12:55,3.9,19.2,24.7,12,Afternoon,False
2954,11,16,4,7.5,0,Tuesday,13:21,8.9,21.6,38.6,13,Afternoon,False
1308,19,26,5,10.0,2,Saturday,18:52,14.7,13.0,69.5,18,Evening,True
2227,8,12,4,12.9,1,Friday,13:51,10.5,43.8,46.3,13,Afternoon,False
576,17,24,5,5.9,0,Friday,13:08,15.8,16.5,33.7,13,Afternoon,False
2587,6,10,4,6.6,0,Thursday,21:01,3.7,14.8,12.2,21,Night,False
3409,8,12,3,9.1,0,Thursday,09:07,9.2,21.8,27.3,9,Morning,False
3477,7,11,4,8.8,0,Wednesday,14:59,12.4,15.3,23.0,14,Afternoon,False
1707,13,18,5,9.0,1,Friday,12:15,6.1,6.6,38.1,12,Afternoon,False
3242,12,18,5,8.3,1,Wednesday,13:42,11.9,18.4,33.4,13,Afternoon,False
1300,8,14,5,10.3,0,Tuesday,14:18,10.5,24.3,23.2,14,Afternoon,False
133,10,13,3,3.8,1,Sunday,16:48,10.3,13.2,17.6,16,Afternoon,True
2943,13,18,2,8.9,1,Monday,09:20,3.5,36.3,74.6,9,Morning,False
3182,3,8,5,5.9,2,Saturday,13:59,7.3,11.1,11.1,13,Afternoon,True
862,5,8,3,9.8,1,Thursday,21:56,7.0,24.5,28.2,21,Night,False
844,10,16,5,9.1,0,Tuesday,21:28,7.0,13.8,20.7,21,Night,False
1802,14,20,4,7.9,0,Sunday,07:49,4.7,25.7,25.8,7,Morning,True
1629,10,14,4,6.3,0,Monday,09:54,9.1,22.5,20.9,9,Morning,False
2592,11,14,2,6.2,0,Monday,14:38,17.7,33.8,54.5,14,Afternoon,False
270,6,11,4,5.4,1,Monday,09:30,10.8,12.9,15.4,9,Morning,False
630,13,19,5,11.2,0,Monday,18:32,9.4,13.2,49.7,18,Evening,False
1731,13,18,4,7.3,0,Tuesday,09:42,6.9,25.2,23.6,9,Morning,False
1034,4,6,2,2.8,0,Thursday,18:35,9.4,16.0,9.5,18,Evening,False
3346,22,27,5,2.0,3,Saturday,17:27,12.5,0.0,17.1,17,Evening,True
287,5,7,2,6.2,0,Monday,10:13,6.5,17.4,20.2,10,Morning,False
1327,5,10,4,9.8,1,Thursday,04:13,5.2,10.5,13.3,4,Night,False
2919,5,8,3,2.0,0,Monday,10:12,5.4,2.4,6.1,10,Morning,False
301,17,21,4,7.2,0,Saturday,14:36,6.3,17.0,45.3,14,Afternoon,True
3155,17,20,3,7.5,2,Saturday,14:42,13.6,32.7,71.7,14,Afternoon,True
2877,6,10,4,7.7,0,Friday,03:40,7.1,10.3,9.0,3,Night,False
3577,8,14,5,5.4,0,Wednesday,20:00,13.6,7.8,11.4,20,Evening,False
1448,7,9,2,4.9,0,Tuesday,19:39,8.3,22.6,22.6,19,Evening,False
1473,11,16,5,10.1,0,Saturday,07:49,7.4,9.6,29.3,7,Morning,True
2808,7,13,4,8.3,2,Saturday,17:06,8.3,11.5,28.9,17,Evening,True
2460,6,10,4,4.1,0,Sunday,21:57,6.0,0.0,7.4,21,Night,True
1187,8,13,4,10.8,1,Wednesday,09:22,6.8,16.1,25.4,9,Morning,False
66,10,14,4,8.8,1,Thursday,17:49,10.6,5.9,33.6,17,Evening,False
2930,6,11,4,3.0,1,Wednesday,08:03,11.1,9.3,3.3,8,Morning,False
1881,5,7,2,8.0,0,Tuesday,15:46,8.9,33.9,27.9,15,Afternoon,False
891,15,18,3,7.8,1,Saturday,15:05,9.9,34.4,60.3,15,Afternoon,True
3065,7,11,3,8.0,0,Saturday,05:42,6.6,16.9,14.4,5,Night,True
3455,10,16,5,9.5,0,Sunday,19:19,4.6,19.2,23.1,19,Evening,True
1767,8,13,4,7.0,0,Saturday,14:30,9.4,8.5,22.0,14,Afternoon,True
2501,15,21,5,6.5,0,Wednesday,13:30,11.6,0.0,24.1,13,Afternoon,False
2097,9,12,3,4.6,0,Tuesday,12:02,9.8,21.8,18.5,12,Afternoon,False
2009,4,7,3,10.5,0,Thursday,23:45,5.8,6.8,13.5,23,Night,False
231,6,9,2,9.3,0,Saturday,02:01,8.3,22.9,27.7,2,Night,True
504,6,12,4,4.6,2,Wednesday,18:18,7.4,6.4,9.5,18,Evening,False
2283,8,13,4,7.2,0,Friday,15:13,9.7,12.1,19.9,15,Afternoon,False
3335,11,16,4,2.0,2,Sunday,19:34,10.5,8.8,8.3,19,Evening,True
381,10,17,4,4.4,1,Wednesday,07:46,10.1,0.0,14.0,7,Morning,False
2776,7,12,4,7.9,1,Monday,14:48,13.2,16.8,26.7,14,Afternoon,False
1526,2,6,4,6.3,0,Saturday,03:34,4.1,8.7,2.5,3,Night,True
2288,14,20,5,6.8,0,Wednesday,13:40,11.0,6.4,26.9,13,Afternoon,False
2108,5,11,4,10.2,1,Sunday,12:44,10.0,26.1,22.7,12,Afternoon,True
1005,10,15,3,7.2,0,Sunday,10:36,4.8,25.8,27.9,10,Morning,True
1958,12,18,4,7.3,0,Sunday,19:32,9.8,7.9,20.8,19,Evening,True
837,11,16,3,8.8,0,Tuesday,11:55,10.3,37.0,42.4,11,Morning,False
3481,6,12,4,7.3,0,Tuesday,10:05,4.9,22.4,12.6,10,Morning,False
375,6,11,3,12.4,1,Sunday,09:19,10.5,13.7,53.5,9,Morning,True
2214,3,5,2,4.3,0,Tuesday,02:02,3.6,7.0,6.8,2,Night,False
2789,9,13,3,8.5,1,Saturday,09:56,8.2,20.7,34.1,9,Morning,True
2926,11,16,4,8.6,0,Monday,16:23,12.4,20.5,34.1,16,Afternoon,False
940,7,8,1,7.2,0,Tuesday,18:40,8.8,50.6,71.3,18,Evening,False
1322,8,12,3,4.8,0,Tuesday,11:26,8.4,15.5,17.7,11,Morning,False
2515,7,13,5,7.8,0,Tuesday,14:35,4.2,14.8,20.0,14,Afternoon,False
3934,9,16,5,10.5,0,Thursday,20:50,9.1,19.8,20.1,20,Evening,False
752,4,9,5,4.8,2,Sunday,08:48,6.8,13.7,4.1,8,Morning,True
100,8,12,4,10.3,0,Tuesday,15:21,9.4,34.4,24.7,15,Afternoon,False
1544,19,25,5,8.8,0,Saturday,07:44,8.9,9.3,36.2,7,Morning,True
2496,3,6,3,7.0,1,Wednesday,06:07,5.4,8.5,12.3,6,Morning,False
867,10,17,6,9.1,0,Saturday,07:25,12.4,15.7,24.0,7,Morning,True
1761,12,17,5,10.5,1,Tuesday,11:37,9.3,15.0,41.5,11,Morning,False
911,14,18,3,7.5,1,Friday,15:17,16.6,14.8,49.6,15,Afternoon,False
3892,6,9,3,3.8,0,Sunday,07:39,4.4,5.7,8.5,7,Morning,True
1576,3,7,4,7.4,1,Saturday,11:20,9.4,25.8,16.1,11,Morning,True
530,6,10,4,6.2,0,Thursday,19:02,9.7,2.7,9.3,19,Evening,False
1261,9,13,4,7.5,1,Saturday,20:10,9.0,0.0,15.9,20,Evening,True
1667,9,14,4,6.7,0,Thursday,20:51,8.4,2.0,21.3,20,Evening,False
2743,4,7,3,11.3,0,Sunday,21:50,8.7,27.4,19.9,21,Night,True
637,9,18,6,4.1,1,Saturday,17:59,9.0,0.2,13.7,17,Evening,True
1270,7,11,4,4.0,1,Tuesday,15:41,3.6,5.2,9.9,15,Afternoon,False
186,7,10,3,7.5,1,Friday,17:19,11.0,19.4,29.3,17,Evening,False
2497,3,6,3,7.5,0,Friday,12:09,3.9,18.2,15.3,12,Afternoon,False
2072,5,9,3,6.2,0,Saturday,12:43,8.8,16.5,21.0,12,Afternoon,True
2258,16,22,5,6.1,2,Thursday,19:25,10.8,13.9,29.7,19,Evening,False
1798,11,15,4,11.9,1,Thursday,18:11,8.3,19.3,52.8,18,Evening,False
1442,12,17,4,6.4,1,Saturday,10:31,10.6,12.2,29.6,10,Morning,True
1536,15,20,5,8.7,0,Friday,14:15,5.5,9.7,36.6,14,Afternoon,False
1274,4,7,2,4.4,1,Sunday,07:31,3.8,14.5,11.1,7,Morning,True
608,8,11,3,7.5,0,Friday,07:06,8.4,35.5,38.2,7,Morning,False
1713,9,13,4,8.6,0,Thursday,08:12,5.9,7.2,16.3,8,Morning,False
3955,7,10,3,5.9,0,Friday,11:25,9.6,14.8,21.2,11,Morning,False
2576,5,11,4,5.3,1,Sunday,08:41,5.3,3.9,11.5,8,Morning,True
2209,11,15,4,8.3,0,Monday,10:18,9.7,7.1,34.9,10,Morning,False
3619,14,21,5,5.9,1,Monday,18:49,8.7,10.3,29.8,18,Evening,False
3336,8,14,4,4.9,2,Wednesday,07:36,8.5,9.9,16.1,7,Morning,False
1978,7,13,4,7.6,1,Tuesday,23:50,7.0,13.2,15.9,23,Night,False
159,9,15,5,7.7,2,Saturday,19:31,10.6,24.6,33.6,19,Evening,True
1749,10,15,4,8.6,0,Saturday,16:00,8.8,12.4,36.1,16,Afternoon,True
3449,6,13,5,8.1,0,Thursday,07:41,10.8,0.0,9.2,7,Morning,False
903,4,9,4,11.1,0,Friday,02:39,5.3,0.0,11.1,2,Night,False
353,0,3,3,2.0,1,Wednesday,05:57,0.7,16.1,3.4,5,Night,False
1231,8,13,5,8.3,0,Thursday,12:37,8.7,21.1,19.4,12,Afternoon,False
3468,7,13,3,4.0,1,Sunday,02:36,6.7,1.0,2.6,2,Night,True
445,6,10,2,11.2,0,Thursday,10:40,6.6,25.0,40.2,10,Morning,False
3900,8,14,6,12.1,0,Thursday,14:19,13.5,19.4,23.2,14,Afternoon,False
755,13,17,3,8.1,0,Sunday,12:42,8.1,12.6,45.5,12,Afternoon,True
1738,13,17,4,6.7,0,Monday,11:33,8.7,23.6,71.8,11,Morning,False
3944,17,20,3,8.3,0,Sunday,16:11,12.1,18.5,52.0,16,Afternoon,True
312,6,11,3,11.5,1,Tuesday,20:35,7.0,43.6,40.9,20,Evening,False
549,7,13,4,6.0,2,Thursday,20:25,7.4,12.5,20.3,20,Evening,False
2637,2,5,3,10.5,1,Thursday,09:04,11.0,27.8,14.4,9,Morning,False
2874,5,12,5,11.4,1,Sunday,16:50,7.6,12.1,18.3,16,Afternoon,True
307,3,10,4,11.2,3,Thursday,05:44,6.9,23.0,24.5,5,Night,False
695,10,17,6,6.4,0,Tuesday,12:02,9.0,10.0,17.1,12,Afternoon,False
1928,18,23,4,5.9,0,Saturday,15:48,17.9,11.6,36.9,15,Afternoon,True
3379,12,16,4,2.2,0,Sunday,14:39,5.4,2.7,4.6,14,Afternoon,True
750,3,8,5,6.6,0,Wednesday,19:25,12.0,19.5,10.9,19,Evening,False
1267,5,11,4,9.9,0,Thursday,10:42,11.6,6.5,14.1,10,Morning,False
2145,9,13,4,9.9,0,Tuesday,09:23,5.9,20.8,29.6,9,Morning,False
2340,4,10,4,13.5,1,Friday,23:25,8.7,14.8,20.7,23,Night,False
971,4,10,4,5.1,0,Thursday,04:25,10.8,9.7,3.1,4,Night,False
14,10,17,4,6.8,1,Thursday,15:22,4.5,10.8,25.1,15,Afternoon,False
874,11,14,3,8.5,0,Monday,10:51,4.3,28.1,44.7,10,Morning,False
809,12,19,5,8.5,1,Saturday,17:46,14.6,17.1,31.2,17,Evening,True
515,9,13,3,9.5,1,Sunday,21:57,4.3,23.8,32.7,21,Night,True
3183,3,9,3,3.7,0,Wednesday,09:00,3.1,13.1,5.5,9,Morning,False
410,6,11,5,8.9,0,Monday,10:41,6.4,14.8,19.1,10,Morning,False
2226,7,11,4,5.1,0,Saturday,02:32,7.7,2.8,8.0,2,Night,True
2985,12,17,4,8.2,0,Saturday,09:31,10.0,19.6,30.8,9,Morning,True
208,4,11,3,8.3,0,Sunday,22:57,6.0,18.6,9.6,22,Night,True
2103,6,9,3,6.5,0,Saturday,10:28,11.7,18.2,18.3,10,Morning,True
459,11,15,4,9.6,0,Wednesday,10:47,10.5,20.8,35.4,10,Morning,False
2269,9,13,4,7.7,1,Saturday,02:11,9.7,17.7,23.2,2,Night,True
2397,11,18,5,7.7,2,Friday,23:12,6.1,7.8,22.0,23,Night,False
3921,5,9,4,4.4,2,Monday,15:58,9.8,23.3,14.9,15,Afternoon,False
3036,6,12,4,6.5,0,Sunday,07:08,5.2,7.3,8.7,7,Morning,True
2632,10,15,5,9.3,1,Saturday,18:15,7.2,17.8,33.3,18,Evening,True
1884,5,12,3,7.3,3,Friday,09:07,4.2,0.0,27.6,9,Morning,False
1714,9,14,3,2.0,2,Monday,08:51,2.1,9.2,8.1,8,Morning,False
2580,10,15,4,5.1,0,Friday,09:06,10.1,7.4,14.8,9,Morning,False
2834,8,13,5,6.9,0,Tuesday,01:04,11.2,2.7,10.8,1,Night,False
553,8,11,3,6.8,1,Wednesday,21:27,3.2,15.5,24.9,21,Night,False
3696,9,14,5,6.6,0,Wednesday,17:00,9.1,0.0,15.3,17,Evening,False
3874,12,19,5,3.1,1,Thursday,14:18,9.4,11.1,11.7,14,Afternoon,False
1926,7,14,4,5.3,1,Friday,11:37,12.7,13.7,17.1,11,Morning,False
635,5,10,4,10.2,0,Monday,03:07,6.1,0.0,11.5,3,Night,False
3663,9,13,4,8.7,0,Thursday,12:00,10.1,2.2,28.7,12,Afternoon,False
317,13,20,6,7.5,1,Monday,12:28,15.2,18.1,32.7,12,Afternoon,False
3783,11,14,3,7.1,0,Wednesday,11:05,10.9,21.5,34.0,11,Morning,False
3512,15,20,4,2.0,1,Thursday,23:50,4.9,2.3,11.9,23,Night,False
1329,5,8,3,10.3,1,Thursday,00:14,8.7,0.0,19.9,0,Night,False
428,7,11,3,6.4,1,Thursday,14:44,14.1,20.5,22.0,14,Afternoon,False
3545,4,10,4,4.5,1,Friday,16:52,7.4,20.6,13.9,16,Afternoon,False
106,3,7,3,7.7,0,Saturday,04:58,4.9,10.2,8.2,4,Night,True
143,9,12,3,4.6,0,Thursday,11:39,7.8,26.9,21.9,11,Morning,False
2523,9,14,4,6.9,1,Wednesday,16:31,8.8,10.6,22.7,16,Afternoon,False
3130,9,14,4,9.3,0,Wednesday,15:46,6.1,14.8,27.2,15,Afternoon,False
2228,9,14,3,7.5,1,Friday,16:30,8.5,20.3,35.7,16,Afternoon,False
1950,16,23,6,7.2,0,Thursday,12:16,8.7,9.6,25.3,12,Afternoon,False
3539,9,14,4,5.0,0,Monday,17:55,10.7,7.4,18.2,17,Evening,False
3712,7,12,5,10.9,0,Saturday,08:21,6.4,14.4,22.2,8,Morning,True
2988,9,14,5,5.7,0,Tuesday,16:30,10.5,16.2,13.2,16,Afternoon,False
3914,5,13,4,9.8,0,Sunday,18:59,11.9,15.7,19.3,18,Evening,True
1952,10,16,5,9.3,1,Sunday,19:54,10.0,15.7,29.4,19,Evening,True
2670,4,7,3,6.4,1,Sunday,13:44,7.3,15.0,13.5,13,Afternoon,True
3144,8,12,4,8.0,2,Saturday,13:05,6.0,29.1,56.2,13,Afternoon,True
1110,11,17,5,3.6,0,Thursday,19:39,8.1,4.4,12.3,19,Evening,False
2347,6,9,2,9.4,0,Friday,03:58,4.6,24.7,26.1,3,Night,False
592,10,16,4,10.3,0,Thursday,10:36,9.1,9.0,30.7,10,Morning,False
3698,10,15,5,6.7,1,Friday,11:41,11.3,11.4,25.2,11,Morning,False
1577,8,13,4,7.7,1,Friday,08:39,7.3,22.7,25.0,8,Morning,False
2578,8,11,3,6.0,0,Sunday,21:27,3.5,0.0,11.3,21,Night,True
214,11,17,5,7.5,0,Friday,12:37,9.9,9.8,18.3,12,Afternoon,False
779,8,13,5,8.5,0,Sunday,10:55,5.8,15.6,15.4,10,Morning,True
2836,7,12,4,6.4,0,Wednesday,21:36,5.5,8.5,11.9,21,Night,False
3489,9,13,3,5.1,1,Monday,16:45,10.4,16.3,25.2,16,Afternoon,False
2044,2,8,4,8.3,0,Thursday,00:51,0.8,8.9,3.3,0,Night,False
3276,10,14,4,8.7,0,Tuesday,14:07,8.8,27.9,29.8,14,Afternoon,False
2290,10,15,5,6.3,0,Wednesday,04:36,10.2,4.1,7.3,4,Night,False
3452,9,15,4,6.2,2,Tuesday,15:30,14.2,11.3,24.9,15,Afternoon,False
1568,7,10,3,3.6,1,Wednesday,10:32,9.0,13.3,10.9,10,Morning,False
3013,12,17,5,6.2,1,Saturday,12:59,10.0,21.4,27.7,12,Afternoon,True
3532,3,8,3,9.7,1,Friday,08:02,6.6,24.3,17.5,8,Morning,False
2345,3,9,4,3.5,0,Wednesday,14:59,10.2,0.0,3.3,14,Afternoon,False
3597,4,8,4,6.7,1,Friday,07:26,10.0,11.2,13.1,7,Morning,False
1344,9,13,3,9.9,0,Saturday,07:57,6.2,28.2,39.5,7,Morning,True
2014,14,18,3,8.2,2,Friday,11:33,10.6,30.3,61.1,11,Morning,False
274,6,9,3,7.4,2,Saturday,21:18,11.6,20.2,28.8,21,Night,True
72,5,9,4,9.8,1,Monday,14:47,12.1,24.0,24.7,14,Afternoon,False
1088,12,16,3,8.2,1,Thursday,11:52,9.4,17.6,47.1,11,Morning,False
395,1,8,3,10.1,1,Tuesday,20:48,7.8,24.7,16.0,20,Evening,False
584,10,16,3,8.1,1,Sunday,15:24,7.3,31.2,39.4,15,Afternoon,True
3852,9,14,4,10.4,1,Tuesday,13:04,9.7,14.9,37.0,13,Afternoon,False
2665,6,8,2,4.6,1,Friday,09:26,0.6,0.0,17.3,9,Morning,False
3748,13,21,5,8.5,1,Tuesday,20:13,13.1,14.8,31.3,20,Evening,False
3636,2,6,3,7.0,0,Wednesday,15:35,12.3,23.4,9.5,15,Afternoon,False
2741,14,19,3,12.0,0,Friday,13:58,8.6,30.6,88.5,13,Afternoon,False
2310,12,16,4,8.9,2,Thursday,11:53,10.1,17.5,43.1,11,Morning,False
1764,7,12,4,9.1,0,Tuesday,08:50,8.8,11.2,16.9,8,Morning,False
3716,9,14,5,10.4,3,Monday,10:37,9.3,17.8,39.7,10,Morning,False
1260,7,13,4,9.4,0,Saturday,19:37,7.9,15.8,25.2,19,Evening,True
527,7,11,3,7.5,1,Friday,07:17,2.5,26.4,26.6,7,Morning,False
378,5,11,4,7.3,0,Saturday,05:00,6.0,19.5,9.4,5,Night,True
1560,5,10,4,8.7,0,Friday,09:21,10.4,16.8,11.1,9,Morning,False
3104,4,8,4,6.9,1,Wednesday,08:42,5.3,14.8,5.8,8,Morning,False
1964,14,20,3,6.5,1,Tuesday,07:49,11.2,4.4,37.1,7,Morning,False
3925,13,16,3,5.5,0,Thursday,21:08,6.8,4.0,29.0,21,Night,False
349,16,21,3,9.1,0,Wednesday,14:32,13.2,28.0,64.1,14,Afternoon,False
3578,10,15,4,14.4,2,Saturday,09:31,7.5,29.7,61.3,9,Morning,True
1710,6,9,3,8.4,0,Tuesday,07:01,5.6,11.1,17.3,7,Morning,False
1051,16,21,4,8.0,0,Monday,10:52,7.0,12.2,41.3,10,Morning,False
591,8,11,2,9.4,0,Wednesday,18:26,6.3,35.2,53.7,18,Evening,False
520,10,15,3,5.6,0,Monday,23:59,8.3,14.5,20.6,23,Night,False
3208,13,22,6,2.0,0,Thursday,18:14,16.3,6.1,7.2,18,Evening,False
2690,4,11,5,8.1,1,Tuesday,14:58,7.9,12.6,12.1,14,Afternoon,False
1084,8,16,6,10.4,0,Saturday,20:38,11.3,7.3,23.4,20,Evening,True
2348,6,11,3,10.7,1,Sunday,19:52,7.7,17.3,34.0,19,Evening,True
3981,15,24,4,7.6,0,Sunday,13:17,8.6,4.6,37.2,13,Afternoon,True
1810,12,14,1,7.5,1,Wednesday,15:16,4.7,54.6,73.5,15,Afternoon,False
3863,11,15,4,10.0,0,Thursday,14:14,14.7,25.2,38.8,14,Afternoon,False
793,10,14,4,6.6,2,Thursday,07:35,9.1,21.3,25.7,7,Morning,False
2781,4,10,6,6.2,1,Wednesday,10:25,6.9,6.6,8.9,10,Morning,False
1981,11,18,6,8.3,0,Friday,12:00,14.2,14.8,23.1,12,Afternoon,False
2546,8,16,4,7.1,0,Friday,07:22,12.1,0.0,16.3,7,Morning,False
2213,14,21,4,6.5,1,Wednesday,14:33,8.8,19.3,35.8,14,Afternoon,False
1531,11,18,4,4.4,1,Saturday,10:16,10.9,9.5,16.8,10,Morning,True
1411,13,19,5,7.5,1,Thursday,12:32,10.2,13.9,59.7,12,Afternoon,False
3947,7,12,4,7.4,0,Friday,17:16,9.9,14.4,16.1,17,Evening,False
3715,9,14,5,6.4,2,Sunday,17:05,9.5,3.9,17.7,17,Evening,True
84,6,11,5,11.4,0,Sunday,08:37,14.5,20.6,16.1,8,Morning,True
3126,14,20,5,2.4,2,Monday,16:13,11.1,10.7,15.8,16,Afternoon,False
21,8,13,5,9.8,0,Saturday,12:54,14.3,11.4,27.9,12,Afternoon,True
2413,8,15,4,6.8,2,Friday,16:12,9.5,9.6,24.6,16,Afternoon,False
1563,4,11,4,7.4,0,Wednesday,10:54,4.5,12.2,12.2,10,Morning,False
974,14,19,4,6.5,1,Monday,19:59,9.7,29.0,78.2,19,Evening,False
1711,11,15,4,8.6,0,Friday,20:04,9.5,12.7,31.1,20,Evening,False
2590,9,14,2,4.6,1,Thursday,14:31,11.3,15.4,31.7,14,Afternoon,False
1099,11,18,5,6.9,0,Monday,21:55,8.2,8.5,18.2,21,Night,False
2731,5,12,4,9.0,0,Saturday,08:54,5.5,13.9,13.0,8,Morning,True
887,5,9,3,9.2,0,Sunday,07:22,6.6,14.7,13.5,7,Morning,True
2407,2,7,5,9.2,0,Sunday,09:03,6.7,0.9,4.3,9,Morning,True
3075,8,14,4,5.5,0,Monday,09:28,8.0,3.2,9.5,9,Morning,False
3351,17,22,5,8.1,0,Saturday,17:02,13.1,19.1,41.8,17,Evening,True
738,7,12,3,7.6,0,Sunday,20:47,8.3,15.9,19.1,20,Evening,True
1454,5,10,3,13.8,0,Tuesday,20:37,10.3,47.6,34.1,20,Evening,False
2584,8,13,4,8.0,0,Thursday,17:02,7.8,7.7,26.2,17,Evening,False
3514,8,12,3,7.7,0,Thursday,21:58,5.1,21.2,27.6,21,Night,False
2127,3,7,4,6.4,1,Sunday,09:48,1.0,16.6,9.1,9,Morning,True
907,3,8,4,9.6,0,Tuesday,09:08,7.5,11.4,9.9,9,Morning,False
2390,15,22,4,10.0,2,Wednesday,12:58,14.3,19.7,61.9,12,Afternoon,False
2922,14,17,3,8.5,0,Sunday,11:28,11.5,13.7,44.9,11,Morning,True
948,13,17,4,3.2,3,Saturday,10:10,12.8,2.4,18.6,10,Morning,True
2489,10,13,3,2.0,1,Saturday,18:06,8.4,0.0,7.9,18,Evening,True
2651,10,16,5,8.7,0,Thursday,09:18,6.7,7.3,14.1,9,Morning,False
716,8,14,3,13.3,0,Sunday,16:22,8.2,14.6,40.3,16,Afternoon,True
2640,4,9,3,3.6,0,Wednesday,17:09,4.4,5.3,2.3,17,Evening,False
687,6,12,5,5.9,0,Thursday,19:42,9.0,4.3,8.9,19,Evening,False
3399,9,15,4,6.3,1,Thursday,21:00,3.8,17.7,21.0,21,Night,False
3629,4,7,2,7.7,0,Thursday,11:34,10.4,13.8,20.9,11,Morning,False
3950,7,12,3,4.6,2,Wednesday,07:45,5.8,5.3,16.7,7,Morning,False
886,11,16,4,9.2,0,Tuesday,16:10,7.5,23.3,35.6,16,Afternoon,False
918,13,19,4,5.0,1,Saturday,14:18,10.0,8.3,32.3,14,Afternoon,True
2453,7,10,3,6.5,1,Friday,20:18,10.9,16.7,25.1,20,Evening,False
2511,3,9,5,2.0,0,Monday,08:59,7.4,0.0,0.2,8,Morning,False
1266,14,18,4,5.3,0,Thursday,15:37,8.7,16.6,28.4,15,Afternoon,False
484,4,8,3,4.6,2,Thursday,19:08,10.5,13.5,12.9,19,Evening,False
2980,16,19,2,7.7,1,Thursday,13:06,11.8,14.8,92.7,13,Afternoon,False
3443,7,12,3,10.3,1,Thursday,07:35,9.8,23.3,31.5,7,Morning,False
278,5,7,2,9.0,0,Monday,07:48,6.8,32.6,30.7,7,Morning,False
989,8,11,2,8.4,0,Tuesday,09:13,8.7,26.1,34.5,9,Morning,False
2085,16,21,4,13.8,0,Monday,19:23,12.5,17.9,76.1,19,Evening,False
1246,6,11,4,8.6,1,Thursday,09:15,5.8,4.1,16.9,9,Morning,False
572,9,17,4,5.8,0,Wednesday,07:47,0.4,0.0,11.9,7,Morning,False
1436,6,9,2,5.9,1,Monday,21:26,6.0,11.5,28.9,21,Night,False
994,13,17,4,6.4,2,Saturday,21:22,9.6,13.0,30.9,21,Night,True
3621,6,11,4,9.1,0,Wednesday,10:45,10.8,23.6,19.1,10,Morning,False
2252,8,13,4,5.7,0,Saturday,14:34,6.9,12.1,15.0,14,Afternoon,True
586,7,12,4,5.1,2,Friday,17:25,10.7,8.2,20.1,17,Evening,False
1350,3,10,5,10.4,2,Monday,10:35,8.5,17.0,20.7,10,Morning,False
1008,8,14,5,7.1,0,Tuesday,13:03,9.6,8.2,14.7,13,Afternoon,False
675,7,14,4,5.5,0,Saturday,05:23,7.8,12.0,10.3,5,Night,True
448,11,16,4,8.8,0,Friday,14:55,11.2,6.0,42.4,14,Afternoon,False
2270,9,12,3,7.5,0,Tuesday,11:12,9.8,24.8,42.0,11,Morning,False
3434,9,12,2,5.6,1,Wednesday,11:37,12.1,27.1,37.2,11,Morning,False
2065,5,10,4,8.6,2,Friday,16:37,4.8,23.3,22.3,16,Afternoon,False
3150,8,14,4,9.3,1,Tuesday,19:32,7.5,27.9,30.5,19,Evening,False
2583,7,12,3,6.4,0,Tuesday,08:31,6.2,14.9,12.8,8,Morning,False
1691,6,9,3,4.6,2,Tuesday,14:17,9.7,10.3,19.4,14,Afternoon,False
3286,22,29,6,7.9,0,Monday,18:53,10.0,7.2,37.1,18,Evening,False
1248,9,14,4,5.3,1,Monday,12:17,12.6,5.2,26.3,12,Afternoon,False
1986,9,13,4,11.1,2,Tuesday,07:06,8.4,12.0,37.1,7,Morning,False
295,15,19,4,9.1,0,Friday,13:03,13.8,9.3,50.5,13,Afternoon,False
1548,4,8,4,8.6,0,Friday,08:37,5.4,17.8,10.3,8,Morning,False
2013,7,13,5,5.8,0,Sunday,11:27,10.3,3.8,11.6,11,Morning,True
589,10,16,4,11.4,0,Tuesday,16:25,7.9,31.2,49.8,16,Afternoon,False
2130,8,13,5,9.3,1,Sunday,12:50,11.4,16.9,25.7,12,Afternoon,True
3453,9,14,4,7.5,0,Tuesday,10:52,8.7,7.9,12.4,10,Morning,False
426,15,19,4,6.4,0,Friday,10:05,13.8,9.7,30.3,10,Morning,False
1055,11,15,3,6.6,0,Sunday,10:38,7.7,20.9,23.5,10,Morning,True
3403,4,9,3,8.5,0,Wednesday,08:41,6.5,27.8,14.9,8,Morning,False
557,20,26,5,10.1,0,Wednesday,20:41,11.2,7.9,43.9,20,Evening,False
3549,9,13,4,6.2,0,Monday,20:20,9.7,21.9,20.6,20,Evening,False
3541,8,10,2,8.3,0,Thursday,10:16,4.2,26.5,36.5,10,Morning,False
3530,12,19,5,5.0,0,Saturday,18:48,12.1,13.6,21.0,18,Evening,True
3527,3,6,2,9.1,1,Thursday,04:02,5.0,18.7,14.9,4,Night,False
2687,14,20,4,8.3,0,Sunday,18:21,14.2,12.3,36.5,18,Evening,True
1194,9,13,3,8.3,1,Friday,13:56,6.4,28.8,44.4,13,Afternoon,False
1717,10,16,5,4.9,1,Saturday,09:24,9.6,12.2,17.2,9,Morning,True
3767,14,22,6,9.6,2,Friday,16:24,9.9,11.0,39.5,16,Afternoon,False
3593,2,9,5,8.6,1,Thursday,12:54,8.5,15.5,10.6,12,Afternoon,False
3907,9,13,4,9.2,1,Wednesday,07:01,3.5,0.9,27.0,7,Morning,False
2448,15,21,3,13.1,2,Thursday,15:47,10.0,15.8,90.8,15,Afternoon,False
1286,7,13,4,5.8,0,Tuesday,01:04,6.1,17.8,10.1,1,Night,False
2482,12,19,5,10.3,1,Friday,13:15,6.4,8.3,39.2,13,Afternoon,False
2507,13,18,5,12.3,2,Thursday,19:48,11.7,30.3,59.2,19,Evening,False
3178,8,13,3,11.2,1,Saturday,22:30,6.3,4.6,28.8,22,Night,True
2088,8,12,4,7.5,1,Monday,08:38,14.5,5.4,20.2,8,Morning,False
1890,8,14,4,7.5,0,Tuesday,08:39,7.3,18.4,18.7,8,Morning,False
1592,6,11,4,5.9,1,Wednesday,02:44,10.4,6.0,9.2,2,Night,False
3513,7,10,2,5.3,0,Wednesday,11:05,3.6,14.3,25.0,11,Morning,False
2163,6,8,2,5.0,0,Wednesday,15:38,7.1,10.8,19.9,15,Afternoon,False
3651,4,6,2,4.6,0,Sunday,08:41,3.0,16.5,7.2,8,Morning,True
2272,11,16,4,8.9,0,Friday,10:31,6.2,13.8,27.8,10,Morning,False
3205,12,16,4,4.8,0,Sunday,12:34,11.8,14.3,18.0,12,Afternoon,True
1138,8,14,4,7.1,1,Monday,23:08,7.6,15.0,14.9,23,Night,False
2537,14,19,4,7.7,0,Monday,16:01,12.9,11.8,37.9,16,Afternoon,False
3746,10,15,4,9.3,0,Monday,14:20,10.0,12.3,34.1,14,Afternoon,False
3766,8,12,3,6.4,0,Thursday,12:11,7.4,8.2,19.9,12,Afternoon,False
1712,9,12,2,7.5,4,Tuesday,12:16,12.1,32.3,88.6,12,Afternoon,False
3287,9,12,3,3.5,1,Friday,18:22,10.7,6.6,22.8,18,Evening,False
454,8,10,2,4.2,1,Wednesday,13:23,8.6,11.0,22.9,13,Afternoon,False
914,6,9,3,9.3,1,Tuesday,13:21,9.9,7.9,41.0,13,Afternoon,False
2660,10,16,6,6.1,0,Friday,16:17,7.2,17.7,15.1,16,Afternoon,False
1200,8,15,5,10.1,2,Saturday,20:11,11.1,17.5,33.1,20,Evening,True
1275,8,11,3,5.3,0,Wednesday,07:33,7.2,17.8,18.6,7,Morning,False
38,10,12,2,4.6,0,Friday,17:09,10.2,25.2,37.2,17,Evening,False
975,7,10,3,8.2,0,Wednesday,10:29,11.1,15.4,20.4,10,Morning,False
984,11,18,5,12.8,0,Saturday,21:12,6.4,25.3,38.6,21,Night,True
3317,12,16,3,9.3,3,Saturday,13:31,11.6,20.4,77.0,13,Afternoon,True
1419,8,12,4,5.6,0,Wednesday,19:33,7.5,15.2,16.3,19,Evening,False
1561,4,8,3,10.9,1,Wednesday,14:50,9.1,22.8,20.0,14,Afternoon,False
40,13,23,6,8.4,0,Sunday,13:12,14.6,14.8,25.0,13,Afternoon,True
1487,11,15,3,7.4,0,Tuesday,15:13,7.0,18.7,32.1,15,Afternoon,False
3786,6,11,4,7.0,4,Sunday,11:12,5.7,13.7,24.2,11,Morning,True
170,9,16,5,11.6,0,Thursday,15:15,6.6,26.4,29.7,15,Afternoon,False
1356,6,10,3,7.5,0,Sunday,17:35,8.9,4.9,18.2,17,Evening,True
2378,9,15,5,5.3,0,Wednesday,15:56,12.4,7.8,8.3,15,Afternoon,False
3722,6,10,3,6.3,1,Monday,01:25,6.4,18.6,13.3,1,Night,False
3770,8,11,3,5.1,2,Wednesday,11:59,5.6,0.0,20.0,11,Morning,False
3498,7,12,4,5.7,0,Wednesday,04:08,6.5,3.9,8.2,4,Night,False
1641,2,6,3,7.5,0,Sunday,07:07,4.0,2.5,5.7,7,Morning,True
1291,12,16,4,6.3,1,Friday,12:20,11.2,0.3,27.9,12,Afternoon,False
1381,12,18,5,7.4,2,Friday,20:41,11.3,14.8,30.0,20,Evening,False
1934,6,12,5,5.4,0,Friday,10:46,11.7,7.0,8.4,10,Morning,False
580,12,19,5,5.7,0,Saturday,20:39,8.7,10.0,19.7,20,Evening,True
2031,11,18,4,7.6,0,Monday,15:58,9.2,16.5,27.7,15,Afternoon,False
893,2,7,5,5.5,0,Saturday,01:01,5.0,3.6,2.1,1,Night,True
781,5,13,5,8.7,1,Sunday,16:53,8.6,24.4,19.4,16,Afternoon,True
160,3,6,2,6.7,0,Tuesday,00:49,8.7,8.2,10.4,0,Night,False
3,5,9,4,7.2,0,Saturday,21:21,11.2,11.3,9.6,21,Night,True
3558,6,11,3,7.7,1,Wednesday,09:15,5.9,4.8,19.6,9,Morning,False
3279,5,10,3,10.8,0,Monday,01:07,4.4,15.8,16.6,1,Night,False
850,10,15,5,6.4,2,Saturday,11:34,13.5,8.2,25.3,11,Morning,True
3961,5,10,5,7.9,0,Tuesday,18:57,6.4,9.5,10.8,18,Evening,False
1597,11,16,3,8.0,0,Sunday,13:52,8.7,31.6,39.6,13,Afternoon,True
1777,11,17,5,11.2,0,Saturday,13:50,11.2,20.1,39.1,13,Afternoon,True
1914,4,11,5,5.2,0,Sunday,15:22,9.6,4.0,42.7,15,Afternoon,True
1044,1,5,4,7.5,0,Thursday,10:33,8.8,16.1,3.6,10,Morning,False
1545,11,16,4,7.3,0,Friday,17:09,9.5,15.9,26.5,17,Evening,False
2423,6,10,4,10.0,1,Thursday,10:08,14.4,14.2,19.2,10,Morning,False
54,13,18,3,7.8,0,Tuesday,11:46,5.3,21.2,45.4,11,Morning,False
3838,7,10,2,5.1,0,Tuesday,18:24,4.8,27.3,25.3,18,Evening,False
1912,9,13,4,2.5,1,Wednesday,20:14,7.4,0.0,6.7,20,Evening,False
2813,6,11,4,9.3,0,Wednesday,14:50,7.2,22.2,18.0,14,Afternoon,False
2664,11,17,5,6.9,0,Monday,08:26,1.9,13.4,18.0,8,Morning,False
2692,6,11,3,5.9,0,Thursday,05:54,1.5,13.5,7.3,5,Night,False
825,15,21,5,10.7,0,Tuesday,14:46,14.4,17.7,42.8,14,Afternoon,False
3837,7,10,2,2.0,0,Wednesday,02:23,8.0,8.7,4.3,2,Night,False
1390,12,16,3,8.7,1,Thursday,10:49,6.2,22.9,40.8,10,Morning,False
3258,16,21,4,9.0,0,Saturday,20:12,10.4,23.8,54.0,20,Evening,True
2488,7,11,3,7.2,1,Wednesday,16:29,8.1,8.4,24.2,16,Afternoon,False
1608,11,16,4,6.5,2,Monday,18:26,12.8,22.7,36.0,18,Evening,False
1595,14,22,6,6.9,0,Monday,18:22,8.2,15.4,26.6,18,Evening,False
772,6,9,3,8.3,1,Sunday,20:33,6.0,5.9,25.4,20,Evening,True
2274,2,7,3,12.2,0,Monday,14:08,14.7,20.1,12.8,14,Afternoon,False
1869,9,14,5,6.2,0,Thursday,16:04,8.8,15.7,17.0,16,Afternoon,False
1086,8,15,5,9.1,0,Saturday,21:02,8.6,9.6,15.2,21,Night,True
3478,10,15,5,7.5,1,Friday,17:44,16.7,12.8,19.9,17,Evening,False
1326,3,8,4,5.8,0,Saturday,08:55,8.6,14.8,3.7,8,Morning,True
1464,8,11,3,5.0,0,Thursday,08:24,9.3,10.1,17.5,8,Morning,False
807,7,12,4,7.5,2,Monday,19:01,9.0,16.0,28.1,19,Evening,False
2442,11,17,5,6.9,1,Saturday,08:59,10.2,6.8,23.1,8,Morning,True
2466,10,14,4,4.9,3,Monday,20:39,3.8,11.3,23.6,20,Evening,False
2109,13,19,6,7.6,2,Saturday,13:29,14.3,4.1,37.2,13,Afternoon,True
3354,12,19,4,5.8,0,Monday,19:36,8.2,11.9,25.4,19,Evening,False
3913,12,19,3,8.5,1,Friday,12:43,13.3,17.8,54.9,12,Afternoon,False
2235,9,14,5,4.1,1,Saturday,11:10,13.8,1.6,17.0,11,Morning,True
964,13,19,4,6.6,2,Friday,10:23,6.8,15.6,34.1,10,Morning,False
399,6,10,4,5.5,0,Wednesday,15:08,10.5,16.0,13.7,15,Afternoon,False
3733,7,12,3,8.3,0,Saturday,18:00,8.5,38.6,39.3,18,Evening,True
705,3,6,3,10.3,1,Tuesday,00:19,6.2,15.0,10.7,0,Night,False
432,13,17,4,6.3,0,Saturday,17:57,5.8,12.3,27.0,17,Evening,True
293,10,14,3,9.9,2,Thursday,04:06,5.4,21.9,38.5,4,Night,False
3761,9,16,5,8.3,0,Wednesday,15:09,12.5,14.6,17.5,15,Afternoon,False
146,9,15,4,7.2,2,Tuesday,17:57,7.8,18.3,31.0,17,Evening,False
2034,10,15,5,7.5,0,Sunday,19:12,11.9,13.5,21.2,19,Evening,True
2913,10,15,4,6.3,1,Sunday,17:21,9.7,11.6,20.6,17,Evening,True
1166,10,17,6,4.8,0,Monday,07:02,15.1,0.1,7.7,7,Morning,False
2051,4,8,4,6.3,1,Monday,07:47,11.8,13.7,7.3,7,Morning,False
3040,4,9,4,7.5,0,Monday,10:15,6.6,25.8,15.2,10,Morning,False
340,10,15,5,7.5,1,Friday,18:57,9.4,22.9,32.5,18,Evening,False
2405,12,16,4,6.8,0,Thursday,19:03,11.7,16.9,27.4,19,Evening,False
266,11,16,4,10.8,1,Tuesday,15:17,7.6,20.6,40.5,15,Afternoon,False
3977,13,20,5,6.2,1,Saturday,11:28,6.0,1.7,24.0,11,Morning,True
1772,12,18,5,9.5,1,Monday,13:27,12.6,0.0,41.3,13,Afternoon,False
272,16,22,5,12.8,0,Saturday,12:42,13.2,33.7,63.9,12,Afternoon,True
697,12,19,6,7.5,0,Saturday,08:34,14.7,9.2,17.5,8,Morning,True
3948,6,13,5,8.5,1,Wednesday,08:42,7.7,6.0,18.7,8,Morning,False
245,7,12,4,4.8,1,Wednesday,16:51,7.0,12.7,10.9,16,Afternoon,False
3738,8,14,6,9.2,1,Tuesday,11:45,9.9,7.1,21.8,11,Morning,False
477,2,5,3,7.8,0,Tuesday,15:19,9.8,17.6,12.0,15,Afternoon,False
2033,9,16,6,9.0,1,Saturday,08:00,9.3,15.9,19.3,8,Morning,True
3380,8,13,5,6.8,0,Saturday,06:55,12.1,17.7,11.3,6,Morning,True
2495,8,13,3,9.8,0,Friday,14:25,15.8,43.8,39.2,14,Afternoon,False
814,2,6,4,8.3,0,Monday,12:33,8.2,26.2,12.6,12,Afternoon,False
1915,9,14,4,7.6,1,Sunday,17:33,7.6,0.3,22.1,17,Evening,True
3564,11,19,4,7.1,2,Monday,19:42,7.3,21.1,34.2,19,Evening,False
3919,6,13,4,7.4,0,Thursday,15:42,7.3,16.2,15.9,15,Afternoon,False
1805,10,14,4,12.5,0,Tuesday,18:45,14.4,25.3,43.1,18,Evening,False
2861,4,9,3,8.3,1,Friday,22:21,4.6,16.4,14.0,22,Night,False
251,3,9,4,8.6,1,Sunday,09:42,7.1,20.6,9.3,9,Morning,True
546,5,8,3,7.0,1,Tuesday,08:31,2.9,17.9,12.8,8,Morning,False
739,6,10,3,7.2,0,Thursday,06:11,0.9,4.8,9.5,6,Morning,False
311,13,20,5,6.5,1,Monday,19:54,10.3,12.1,47.0,19,Evening,False
1132,12,16,4,3.8,0,Thursday,21:43,8.6,0.0,13.3,21,Night,False
1450,8,10,2,8.4,0,Friday,14:28,6.9,22.6,47.6,14,Afternoon,False
3858,7,14,4,5.9,0,Saturday,08:41,10.1,22.5,21.8,8,Morning,True
16,9,13,4,7.9,0,Sunday,15:45,8.7,12.3,20.3,15,Afternoon,True
3490,7,10,3,9.7,0,Tuesday,07:46,5.7,16.8,20.1,7,Morning,False
3116,7,12,5,7.7,0,Wednesday,18:40,7.9,3.3,13.0,18,Evening,False
3193,6,11,4,4.9,1,Sunday,12:16,5.8,14.3,15.8,12,Afternoon,True
364,8,12,4,9.2,0,Sunday,13:00,9.2,25.5,22.5,13,Afternoon,True
183,7,10,3,5.9,3,Monday,10:13,10.1,13.5,24.7,10,Morning,False
1195,4,7,1,9.5,0,Friday,04:10,2.8,50.6,32.3,4,Night,False
2461,10,14,4,15.2,2,Thursday,11:01,10.1,22.3,65.0,11,Morning,False
1122,8,12,3,7.2,1,Wednesday,12:10,10.5,17.1,29.6,12,Afternoon,False
3860,15,22,5,6.8,1,Monday,17:56,13.4,1.6,31.2,17,Evening,False
1183,14,22,5,7.0,0,Saturday,19:09,10.7,14.3,28.3,19,Evening,True
2904,9,14,5,13.3,1,Thursday,13:51,9.6,25.2,40.0,13,Afternoon,False
615,3,11,5,4.4,0,Saturday,04:10,7.2,6.0,3.1,4,Night,True
1467,4,7,2,7.1,0,Friday,07:01,7.8,14.0,20.0,7,Morning,False
402,9,16,5,8.5,0,Thursday,17:09,5.9,22.2,18.4,17,Evening,False
935,10,17,4,9.3,2,Monday,19:05,6.6,9.9,44.2,19,Evening,False
2420,11,15,4,11.6,1,Friday,13:29,9.9,32.8,59.4,13,Afternoon,False
2620,6,10,4,4.1,2,Tuesday,07:27,7.9,7.2,7.7,7,Morning,False
2612,5,8,3,7.7,0,Monday,16:54,8.4,24.6,21.5,16,Afternoon,False
727,12,17,4,6.0,0,Monday,07:10,10.7,21.0,23.0,7,Morning,False
827,10,14,4,12.9,1,Monday,21:04,6.4,35.8,50.9,21,Night,False
1522,10,15,5,6.9,0,Monday,16:21,10.5,19.3,20.9,16,Afternoon,False
137,9,14,4,8.6,1,Monday,11:37,8.6,24.6,34.6,11,Morning,False
629,7,13,5,5.9,1,Sunday,12:24,6.3,16.3,13.2,12,Afternoon,True
335,15,19,4,8.4,1,Thursday,08:40,6.2,3.2,36.8,8,Morning,False
391,11,15,3,2.9,0,Monday,12:32,7.3,8.0,15.2,12,Afternoon,False
3049,4,8,3,9.0,0,Tuesday,11:38,9.4,22.2,20.4,11,Morning,False
1818,8,10,1,8.9,1,Wednesday,08:38,8.4,31.3,75.6,8,Morning,False
3581,7,12,4,10.5,1,Thursday,12:45,13.2,34.0,32.6,12,Afternoon,False
711,9,14,5,9.2,1,Thursday,20:04,7.8,12.4,24.3,20,Evening,False
1040,3,7,3,5.8,1,Thursday,21:05,10.8,12.6,13.6,21,Night,False
2856,8,13,4,7.1,1,Thursday,03:33,7.2,12.8,14.8,3,Night,False
3568,13,19,5,7.0,1,Tuesday,21:02,13.8,11.6,25.2,21,Night,False
1562,8,13,5,8.8,1,Tuesday,08:47,7.4,9.4,15.1,8,Morning,False
3656,6,9,2,6.7,1,Saturday,09:15,6.1,18.5,31.7,9,Morning,True
3333,6,12,4,9.8,0,Thursday,07:54,6.8,11.4,16.6,7,Morning,False
1113,12,16,4,9.7,1,Friday,07:52,8.4,21.7,39.8,7,Morning,False
1224,6,9,2,10.1,1,Sunday,20:38,10.6,31.2,39.5,20,Evening,True
2644,10,14,4,7.6,2,Saturday,16:06,9.0,21.9,40.3,16,Afternoon,True
2422,9,14,5,7.5,0,Friday,10:01,12.2,6.3,16.2,10,Morning,False
1509,8,11,2,12.8,1,Tuesday,11:04,9.2,28.4,71.0,11,Morning,False
1751,8,12,4,8.3,0,Friday,10:03,14.4,9.0,23.7,10,Morning,False
3565,12,18,5,4.9,2,Friday,21:05,8.7,12.4,22.8,21,Night,False
339,7,11,3,9.5,1,Monday,05:41,9.4,13.3,24.0,5,Night,False
216,13,19,6,5.2,0,Monday,08:20,8.8,7.7,14.7,8,Morning,False
1342,3,7,4,7.5,0,Saturday,07:05,7.4,15.1,8.5,7,Morning,True
3327,10,14,3,11.0,0,Thursday,09:46,11.1,27.3,51.6,9,Morning,False
3726,8,14,5,8.0,1,Friday,10:03,14.1,5.1,22.7,10,Morning,False
2565,6,8,2,6.4,1,Thursday,08:36,2.1,26.3,22.5,8,Morning,False
2760,10,14,4,5.9,4,Tuesday,09:36,7.0,13.1,30.2,9,Morning,False
2677,3,7,2,6.2,0,Wednesday,10:38,4.0,25.7,12.3,10,Morning,False
2323,2,6,2,9.1,0,Saturday,03:51,11.6,17.8,11.5,3,Night,True
102,3,9,3,6.3,0,Wednesday,06:21,5.3,8.8,4.9,6,Morning,False
2835,12,17,3,10.8,0,Wednesday,16:20,6.5,31.1,52.5,16,Afternoon,False
172,12,17,5,6.3,0,Thursday,16:41,10.4,11.4,20.5,16,Afternoon,False
108,13,18,4,5.0,0,Monday,11:21,12.4,4.7,20.5,11,Morning,False
3699,12,15,3,8.7,1,Friday,08:06,9.6,13.3,42.4,8,Morning,False
3965,7,11,2,2.0,1,Thursday,08:57,6.6,1.2,7.1,8,Morning,False
2906,7,13,5,8.3,0,Wednesday,12:44,9.7,17.2,14.7,12,Afternoon,False
2647,13,19,5,9.1,0,Monday,19:59,12.1,17.8,35.0,19,Evening,False
3374,10,14,4,8.3,2,Sunday,08:06,5.0,14.8,30.9,8,Morning,True
2689,12,18,3,9.7,0,Sunday,09:56,8.7,20.0,41.5,9,Morning,True
2654,7,11,4,6.6,1,Thursday,13:03,11.0,14.2,21.9,13,Afternoon,False
2975,15,19,4,7.5,1,Friday,13:22,12.0,14.7,36.7,13,Afternoon,False
3350,11,16,4,7.4,1,Saturday,18:38,11.1,10.0,36.1,18,Evening,True
3412,9,15,5,3.7,2,Wednesday,12:19,6.8,10.1,17.5,12,Afternoon,False
1041,3,6,2,13.2,0,Tuesday,06:36,5.4,23.1,18.5,6,Morning,False
2764,6,12,4,7.3,0,Friday,13:08,10.1,15.5,18.0,13,Afternoon,False
2121,9,14,3,2.3,1,Tuesday,15:53,7.0,19.3,12.1,15,Afternoon,False
1525,10,16,4,10.2,1,Sunday,08:23,4.5,13.2,30.4,8,Morning,True
3392,10,14,4,8.9,0,Monday,17:44,13.0,28.4,37.8,17,Evening,False
2249,9,13,3,8.9,1,Thursday,07:52,4.0,23.8,32.9,7,Morning,False
482,6,12,5,6.1,2,Monday,01:25,4.9,1.2,11.9,1,Night,False
2814,11,17,4,12.6,1,Friday,16:23,7.3,16.7,52.3,16,Afternoon,False
2928,8,12,3,6.7,1,Saturday,11:37,15.7,26.4,33.1,11,Morning,True
1763,11,15,2,6.7,0,Sunday,09:25,6.0,10.8,36.5,9,Morning,True
3234,8,14,5,11.7,0,Sunday,14:37,12.5,21.3,22.4,14,Afternoon,True
3364,16,24,4,6.3,2,Friday,13:13,12.3,14.8,46.5,13,Afternoon,False
2737,10,16,4,9.6,1,Saturday,12:01,8.7,21.7,43.9,12,Afternoon,True
3231,4,8,3,7.9,1,Sunday,09:38,4.5,9.2,15.9,9,Morning,True
406,4,7,2,8.6,0,Friday,00:47,9.3,26.2,19.7,0,Night,False
758,6,10,3,11.1,0,Tuesday,01:57,3.7,25.4,19.9,1,Night,False
2859,15,20,5,7.9,0,Monday,11:30,12.0,18.6,33.6,11,Morning,False
98,12,18,5,7.0,1,Thursday,18:19,14.0,13.8,27.0,18,Evening,False
1334,13,18,4,8.1,2,Monday,11:07,20.0,24.6,48.2,11,Morning,False
3154,7,14,6,8.1,0,Monday,10:59,8.7,0.0,10.2,10,Morning,False
3674,9,12,3,7.1,0,Sunday,02:42,6.5,6.3,14.9,2,Night,True
2604,5,10,4,7.5,1,Tuesday,13:30,12.0,19.9,23.3,13,Afternoon,False
2059,6,12,4,10.2,2,Friday,17:07,6.6,34.4,33.1,17,Evening,False
2782,8,16,3,7.1,2,Friday,23:09,3.4,22.5,26.1,23,Night,False
149,4,8,3,8.9,1,Sunday,20:31,4.5,26.4,25.1,20,Evening,True
29,7,12,3,9.9,0,Thursday,09:31,3.7,23.9,28.4,9,Morning,False
3239,5,12,4,3.9,0,Sunday,13:31,9.9,1.5,6.4,13,Afternoon,True
2608,5,12,5,7.9,0,Monday,19:36,5.1,7.3,15.1,19,Evening,False
693,15,22,4,2.0,0,Friday,09:50,9.6,0.0,7.6,9,Morning,False
1387,14,17,3,8.0,0,Monday,15:49,6.5,23.5,54.1,15,Afternoon,False
1846,11,16,5,9.8,0,Wednesday,21:45,8.7,16.3,25.8,21,Night,False
3078,6,10,3,7.0,0,Monday,03:52,11.0,17.8,13.4,3,Night,False
1600,6,12,6,10.5,5,Wednesday,16:03,7.2,13.1,46.7,16,Afternoon,False
702,7,14,4,7.5,1,Friday,14:33,11.1,44.6,56.2,14,Afternoon,False
1709,5,9,4,2.9,0,Monday,08:41,10.7,7.8,5.2,8,Morning,False
455,13,17,3,11.3,2,Monday,20:17,1.2,24.2,71.4,20,Evening,False
2041,7,11,4,6.8,0,Sunday,11:07,7.2,14.5,13.3,11,Morning,True
3868,14,18,2,5.2,0,Saturday,09:32,2.9,14.3,45.2,9,Morning,True
2316,10,15,5,2.0,0,Sunday,10:35,5.5,12.4,2.8,10,Morning,True
610,14,19,5,8.7,0,Saturday,07:03,13.2,16.6,27.3,7,Morning,True
168,9,13,4,4.3,1,Wednesday,15:46,7.8,10.4,16.0,15,Afternoon,False
731,16,23,6,7.3,1,Sunday,19:20,11.5,10.2,23.0,19,Evening,True
2847,11,17,5,5.7,0,Monday,11:02,13.1,13.4,21.4,11,Morning,False
3563,8,11,3,5.0,0,Wednesday,19:45,8.5,12.2,18.6,19,Evening,False
2629,8,11,2,7.4,0,Tuesday,23:10,7.5,13.6,24.8,23,Night,False
1623,14,19,3,11.6,0,Tuesday,20:27,8.7,21.0,66.5,20,Evening,False
588,9,13,3,10.1,0,Thursday,21:01,10.4,38.3,34.9,21,Night,False
1402,4,9,3,6.8,0,Wednesday,09:43,8.3,13.5,13.1,9,Morning,False
1701,14,22,5,6.6,1,Saturday,11:41,11.2,19.3,36.4,11,Morning,True
2887,5,10,5,4.4,1,Tuesday,14:21,6.7,7.8,8.4,14,Afternoon,False
3448,4,9,4,6.8,0,Wednesday,09:53,3.2,9.4,7.2,9,Morning,False
1380,7,12,3,7.2,0,Thursday,21:19,7.9,17.9,21.5,21,Night,False
2090,10,16,4,8.4,1,Friday,15:48,9.2,19.4,32.7,15,Afternoon,False
2176,4,9,5,9.7,0,Saturday,10:57,7.4,16.7,7.1,10,Morning,True
3509,6,10,3,9.9,1,Tuesday,09:10,6.1,28.5,26.5,9,Morning,False
3324,10,18,4,12.2,1,Friday,07:23,7.9,21.0,39.9,7,Morning,False
3216,6,14,5,7.4,0,Thursday,14:44,11.9,23.1,14.0,14,Afternoon,False
442,9,13,3,8.1,0,Friday,13:10,7.3,28.3,40.0,13,Afternoon,False
2052,7,11,4,10.7,0,Thursday,08:36,8.7,15.8,21.9,8,Morning,False
1302,8,12,4,5.1,2,Saturday,20:40,9.5,17.1,20.8,20,Evening,True
3362,6,12,4,6.0,0,Tuesday,12:30,10.2,20.3,11.2,12,Afternoon,False
1305,6,10,4,8.3,1,Friday,02:38,6.6,10.2,12.5,2,Night,False
237,15,20,4,6.9,1,Saturday,14:23,8.8,22.0,42.8,14,Afternoon,True
521,11,13,2,10.8,0,Thursday,15:44,4.2,47.9,73.8,15,Afternoon,False
736,7,12,4,7.5,1,Tuesday,16:56,11.3,21.9,26.7,16,Afternoon,False
3519,2,4,2,7.6,0,Tuesday,21:56,4.4,28.3,13.9,21,Night,False
2107,9,15,5,9.0,1,Friday,08:36,9.3,2.5,18.0,8,Morning,False
593,13,17,3,8.5,1,Wednesday,10:21,5.6,25.3,45.8,10,Morning,False
1304,13,16,3,7.6,2,Saturday,15:20,8.7,11.6,54.8,15,Afternoon,True
1388,13,18,4,12.8,0,Saturday,21:23,8.8,14.8,56.5,21,Night,True
2574,3,6,3,7.8,0,Wednesday,21:22,4.6,17.2,7.6,21,Night,False
3798,6,11,5,7.3,0,Saturday,10:31,8.9,1.0,9.8,10,Morning,True
3701,14,18,3,9.3,0,Monday,10:37,9.8,24.2,55.1,10,Morning,False
905,9,14,3,6.2,1,Friday,08:16,11.4,10.0,24.1,8,Morning,False
3367,8,10,2,6.8,0,Thursday,05:11,4.0,22.5,25.5,5,Night,False
1280,9,15,4,7.0,1,Monday,14:19,14.5,5.5,50.7,14,Afternoon,False
3170,14,18,3,9.4,0,Monday,08:06,5.2,10.7,49.1,8,Morning,False
3867,13,17,4,4.9,0,Friday,14:45,11.4,3.8,18.4,14,Afternoon,False
2309,9,11,2,9.0,1,Monday,14:05,10.5,28.4,64.4,14,Afternoon,False
3152,12,16,4,2.0,0,Tuesday,21:12,10.1,11.4,9.1,21,Night,False
3255,12,16,3,8.4,2,Saturday,14:37,8.8,14.8,59.9,14,Afternoon,True
3145,5,11,1,9.9,1,Sunday,22:01,5.2,53.5,44.4,22,Night,True
707,7,12,3,12.4,1,Sunday,10:39,10.4,26.3,40.3,10,Morning,True
3503,7,11,3,9.7,1,Thursday,15:39,8.7,18.8,33.7,15,Afternoon,False
746,9,13,3,7.5,0,Tuesday,19:36,6.4,25.2,33.9,19,Evening,False
1940,6,13,4,7.1,1,Saturday,18:23,8.7,14.4,22.0,18,Evening,True
3652,20,25,4,8.6,5,Monday,13:32,13.1,22.2,90.5,13,Afternoon,False
514,12,16,4,4.4,0,Saturday,17:56,6.3,0.1,17.8,17,Evening,True
82,13,19,5,5.9,0,Wednesday,19:22,5.0,17.6,20.0,19,Evening,False
1309,10,18,5,9.5,0,Saturday,17:07,12.3,14.6,29.9,17,Evening,True
3294,2,6,4,10.8,0,Sunday,16:39,6.8,16.3,39.9,16,Afternoon,True
915,7,11,4,10.7,0,Thursday,15:14,13.2,36.0,25.7,15,Afternoon,False
3661,3,7,4,9.4,1,Wednesday,09:14,11.6,13.8,14.8,9,Morning,False
3645,5,8,3,7.7,1,Sunday,11:23,9.5,10.8,23.8,11,Morning,True
775,7,11,4,7.7,1,Sunday,10:35,5.4,20.7,20.1,10,Morning,True
330,5,10,4,2.4,1,Wednesday,19:10,10.0,7.1,7.8,19,Evening,False
2055,14,18,4,5.4,2,Monday,19:51,12.0,6.6,29.2,19,Evening,False
2002,5,10,4,2.8,1,Thursday,19:22,7.3,0.0,4.0,19,Evening,False
944,11,15,4,7.8,0,Saturday,20:42,8.3,6.3,28.8,20,Evening,True
823,11,16,5,8.4,0,Thursday,09:22,12.3,6.9,21.4,9,Morning,False
910,11,17,4,11.7,0,Saturday,07:30,7.8,30.5,37.2,7,Morning,True
2517,10,15,5,6.3,1,Monday,08:57,12.9,7.5,20.2,8,Morning,False
182,7,13,4,3.6,0,Wednesday,03:58,5.3,7.9,7.7,3,Night,False
165,16,18,2,7.0,0,Saturday,14:40,7.6,38.0,85.6,14,Afternoon,True
1524,3,6,3,5.3,0,Thursday,10:51,4.7,9.4,6.5,10,Morning,False
452,9,13,4,8.0,1,Friday,11:04,13.5,15.7,32.5,11,Morning,False
2539,6,9,3,4.9,3,Tuesday,20:41,10.0,12.9,23.7,20,Evening,False
1312,11,13,2,5.4,1,Monday,12:36,10.9,32.7,50.4,12,Afternoon,False
1112,18,25,5,10.1,0,Monday,19:32,12.3,29.3,54.0,19,Evening,False
3291,7,11,3,8.2,0,Wednesday,07:30,7.1,19.0,20.2,7,Morning,False
1288,10,13,3,4.7,1,Monday,10:11,3.0,14.8,23.7,10,Morning,False
328,10,17,5,2.9,0,Monday,11:36,8.4,3.3,4.2,11,Morning,False
1791,6,15,6,8.0,0,Monday,13:34,14.2,3.0,18.7,13,Afternoon,False
2491,9,13,4,3.2,1,Monday,12:47,10.7,4.2,13.2,12,Afternoon,False
3523,14,21,4,3.5,1,Friday,07:43,10.1,0.5,13.8,7,Morning,False
2008,3,7,2,10.9,0,Wednesday,09:32,5.4,39.7,20.9,9,Morning,False
1859,11,15,3,6.0,0,Sunday,18:40,7.4,6.8,27.3,18,Evening,True
313,8,14,4,4.7,1,Thursday,10:37,8.7,13.7,16.8,10,Morning,False
833,8,12,3,9.5,1,Wednesday,20:39,6.1,30.5,40.4,20,Evening,False
1202,8,13,3,9.8,1,Thursday,10:07,1.7,17.5,34.1,10,Morning,False
3054,8,13,4,6.3,3,Thursday,15:33,8.2,21.9,26.7,15,Afternoon,False
2700,9,13,4,8.2,1,Thursday,09:29,9.0,12.3,25.2,9,Morning,False
2135,12,17,4,9.0,0,Friday,21:01,12.3,21.9,37.2,21,Night,False
2210,7,12,2,5.3,0,Monday,02:48,4.4,0.0,15.3,2,Night,False
3627,24,30,4,6.0,2,Friday,17:06,11.9,17.0,52.1,17,Evening,False
1482,4,11,5,8.0,1,Thursday,03:20,8.7,6.6,6.5,3,Night,False
778,13,17,4,7.9,0,Saturday,09:41,11.9,16.2,32.0,9,Morning,True
800,16,22,4,11.8,2,Saturday,10:03,5.9,27.8,71.7,10,Morning,True
55,5,11,5,7.3,0,Saturday,08:25,6.3,9.8,7.3,8,Morning,True
1921,4,11,5,5.3,1,Tuesday,21:42,7.6,11.0,9.2,21,Night,False
3424,6,10,2,8.1,2,Saturday,12:15,5.7,21.6,45.6,12,Afternoon,True
3857,10,14,3,10.4,0,Tuesday,17:36,5.7,41.7,47.5,17,Evening,False
1702,5,9,3,10.3,0,Friday,22:16,7.9,13.1,18.5,22,Night,False
2162,11,13,2,3.5,0,Monday,08:55,9.4,6.6,22.4,8,Morning,False
3728,8,13,3,9.3,0,Tuesday,09:57,8.8,22.4,26.5,9,Morning,False
988,3,7,3,2.0,1,Thursday,09:52,8.6,15.4,7.2,9,Morning,False
3122,7,13,4,7.5,0,Tuesday,09:50,8.3,8.0,18.6,9,Morning,False
3416,4,7,2,5.2,1,Monday,10:14,8.4,22.2,19.9,10,Morning,False
1395,7,14,5,10.4,0,Wednesday,13:09,9.7,18.0,21.2,13,Afternoon,False
769,10,14,3,4.1,2,Tuesday,04:44,8.5,10.6,16.9,4,Night,False
3518,10,13,3,12.0,1,Wednesday,12:40,8.5,35.0,61.8,12,Afternoon,False
286,10,14,4,4.6,0,Saturday,20:04,7.5,3.3,17.8,20,Evening,True
3496,8,14,5,3.9,0,Monday,08:08,9.8,9.3,7.3,8,Morning,False
429,12,17,5,7.6,1,Monday,13:31,10.6,4.9,33.8,13,Afternoon,False
2333,12,16,4,10.9,0,Tuesday,11:53,11.2,23.3,50.5,11,Morning,False
2080,8,12,4,9.2,1,Thursday,10:04,10.2,19.5,29.8,10,Morning,False
723,13,20,6,7.0,2,Tuesday,10:15,11.9,4.5,21.5,10,Morning,False
952,6,12,4,4.5,0,Thursday,10:47,8.5,6.8,5.9,10,Morning,False
3316,7,12,3,6.3,1,Monday,15:11,7.3,21.0,23.7,15,Afternoon,False
2263,12,20,6,2.2,0,Saturday,13:38,9.3,6.7,6.4,13,Afternoon,True
990,13,18,5,9.5,0,Monday,13:20,11.6,15.9,41.2,13,Afternoon,False
3707,16,21,4,9.7,0,Tuesday,20:08,5.9,29.1,47.4,20,Evening,False
2678,8,12,3,9.5,1,Wednesday,01:49,3.0,13.3,23.2,1,Night,False
327,5,10,4,9.2,0,Sunday,21:06,7.9,16.9,12.5,21,Night,True
2609,11,16,4,7.5,0,Thursday,14:58,7.5,14.8,39.1,14,Afternoon,False
1384,12,17,3,6.5,1,Saturday,14:27,13.0,39.3,44.9,14,Afternoon,True
1725,9,14,5,7.2,0,Friday,16:22,11.1,8.1,17.8,16,Afternoon,False
1087,10,19,5,5.2,2,Saturday,13:03,11.6,19.7,23.0,13,Afternoon,True
3186,5,11,4,4.7,0,Tuesday,19:50,7.1,15.4,8.8,19,Evening,False
342,4,9,3,9.3,1,Monday,16:27,9.2,28.5,22.6,16,Afternoon,False
148,14,18,4,7.5,0,Tuesday,18:40,9.0,16.1,39.8,18,Evening,False
3085,4,8,4,7.6,1,Wednesday,14:28,8.5,12.8,16.6,14,Afternoon,False
1108,8,13,4,10.1,2,Saturday,13:42,11.0,14.7,44.5,13,Afternoon,True
849,9,14,4,10.0,0,Thursday,10:21,5.0,14.8,26.5,10,Morning,False
967,5,9,3,5.2,2,Thursday,09:21,9.0,10.2,13.6,9,Morning,False
3251,9,14,3,12.4,0,Tuesday,17:17,9.9,28.0,48.4,17,Evening,False
2204,9,13,3,11.0,0,Tuesday,20:04,10.4,25.1,37.9,20,Evening,False
662,14,19,3,6.2,0,Thursday,16:11,11.1,22.0,38.1,16,Afternoon,False
1003,10,14,3,9.2,1,Saturday,10:27,10.5,20.5,48.9,10,Morning,True
3089,7,12,4,9.2,1,Sunday,20:01,8.1,16.5,25.5,20,Evening,True
3329,6,11,5,6.8,0,Tuesday,02:20,3.2,5.1,7.6,2,Night,False
3092,6,12,5,10.8,0,Tuesday,08:22,7.2,6.8,14.1,8,Morning,False
3522,8,14,4,3.1,0,Friday,15:21,13.0,0.0,11.5,15,Afternoon,False
1880,4,12,4,7.8,0,Monday,14:47,12.1,22.0,14.3,14,Afternoon,False
3742,11,16,3,13.2,0,Friday,07:29,13.4,24.7,59.5,7,Morning,False
1204,14,20,3,11.3,0,Wednesday,15:55,11.1,18.1,60.2,15,Afternoon,False
1991,10,16,5,5.0,1,Friday,17:32,8.6,6.6,17.9,17,Evening,False
25,6,10,3,5.3,0,Tuesday,03:19,11.7,0.0,8.2,3,Night,False
3734,3,6,2,4.1,1,Sunday,16:36,3.8,26.4,6.8,16,Afternoon,True
2674,15,18,2,7.5,1,Wednesday,20:29,9.9,19.6,69.3,20,Evening,False
2742,10,15,4,10.3,0,Tuesday,21:27,8.9,33.8,29.9,21,Night,False
3039,6,9,3,7.5,1,Saturday,20:07,7.4,13.2,27.8,20,Evening,True
876,7,10,3,6.8,0,Sunday,16:29,9.7,10.3,21.2,16,Afternoon,True
3576,5,8,2,11.5,4,Saturday,10:18,15.1,60.5,67.4,10,Morning,True
939,6,8,2,5.9,0,Saturday,21:34,8.5,25.3,26.4,21,Night,True
2395,12,16,2,6.9,0,Monday,11:35,6.9,36.5,59.1,11,Morning,False
3792,5,10,5,7.5,1,Tuesday,08:35,7.6,14.2,6.8,8,Morning,False
3945,10,19,5,8.0,0,Friday,11:49,8.7,15.4,27.3,11,Morning,False
386,10,15,4,8.7,2,Sunday,15:47,10.9,13.7,34.0,15,Afternoon,True
3029,5,9,3,7.2,1,Thursday,13:32,5.1,21.8,21.5,13,Afternoon,False
3775,6,11,4,10.4,0,Friday,14:48,9.3,16.5,22.7,14,Afternoon,False
2899,6,11,5,7.7,0,Thursday,12:09,5.7,11.9,14.3,12,Afternoon,False
2292,10,18,6,14.1,0,Monday,14:32,9.8,21.2,37.6,14,Afternoon,False
3894,8,14,4,5.9,0,Saturday,14:30,8.2,11.3,18.7,14,Afternoon,True
937,13,20,4,7.4,0,Saturday,21:35,9.6,19.5,30.8,21,Night,True
3911,2,5,2,4.1,1,Tuesday,16:01,3.3,4.5,3.7,16,Afternoon,False
2361,7,13,6,11.0,1,Tuesday,15:27,9.8,19.4,22.9,15,Afternoon,False
3882,6,11,4,8.5,0,Friday,10:11,11.0,25.1,19.1,10,Morning,False
1333,5,10,3,8.3,0,Sunday,13:35,7.1,14.8,17.0,13,Afternoon,True
1935,9,13,4,8.5,0,Thursday,14:53,9.3,18.4,28.2,14,Afternoon,False
936,8,12,4,6.3,0,Monday,07:07,9.8,24.5,11.5,7,Morning,False
2419,13,19,6,7.6,2,Saturday,18:25,10.4,15.5,32.3,18,Evening,True
567,10,19,4,5.6,1,Monday,15:46,9.5,19.1,22.0,15,Afternoon,False
1855,10,16,5,7.3,1,Monday,10:32,6.3,8.4,20.4,10,Morning,False
3198,12,16,3,4.9,1,Sunday,11:44,7.9,13.5,26.3,11,Morning,True
2468,8,10,2,8.3,2,Friday,14:35,9.5,49.0,65.0,14,Afternoon,False
1646,10,15,5,4.1,0,Monday,17:14,11.9,5.6,13.2,17,Evening,False
2799,7,13,5,9.3,1,Wednesday,13:27,12.4,20.9,27.2,13,Afternoon,False
1793,4,8,3,4.4,1,Wednesday,08:14,9.9,6.6,12.5,8,Morning,False
1431,4,7,3,5.3,2,Thursday,21:15,3.9,14.4,14.8,21,Night,False
3768,8,14,6,10.0,0,Wednesday,19:22,8.5,14.4,18.4,19,Evening,False
1014,7,8,1,5.5,0,Monday,01:23,3.7,34.5,34.9,1,Night,False
1929,7,10,3,4.1,0,Sunday,23:01,5.6,6.4,8.5,23,Night,True
2971,2,6,4,6.3,0,Wednesday,03:08,5.2,12.0,3.2,3,Night,False
127,9,15,4,7.0,0,Monday,15:58,8.2,12.4,23.6,15,Afternoon,False
2837,9,13,4,6.8,1,Tuesday,09:24,5.7,4.5,19.8,9,Morning,False
1348,4,11,5,7.3,0,Sunday,19:14,3.4,8.0,8.7,19,Evening,True
356,9,13,3,11.3,0,Sunday,12:35,7.5,21.0,42.4,12,Afternoon,True
828,3,6,3,4.3,2,Wednesday,03:59,8.9,8.5,9.7,3,Night,False
1640,5,9,4,8.7,3,Tuesday,13:55,6.6,15.7,67.8,13,Afternoon,False
985,9,13,2,9.4,2,Sunday,05:52,5.9,14.8,38.0,5,Night,True
2189,13,20,5,9.0,1,Sunday,19:28,11.4,13.8,33.8,19,Evening,True
3375,10,14,4,8.9,0,Friday,15:27,10.0,10.7,28.3,15,Afternoon,False
2444,3,8,3,9.3,0,Tuesday,07:07,7.5,7.5,9.9,7,Morning,False
363,7,12,5,4.0,1,Wednesday,21:47,6.4,5.4,5.6,21,Night,False
2350,15,22,5,6.8,2,Monday,16:41,11.2,13.7,36.2,16,Afternoon,False
346,11,17,4,6.0,0,Thursday,05:18,5.4,10.6,13.7,5,Night,False
2717,9,16,4,10.4,0,Tuesday,16:31,7.4,27.6,30.0,16,Afternoon,False
3365,7,11,4,14.1,0,Saturday,08:39,6.6,23.6,31.9,8,Morning,True
712,9,14,4,6.0,0,Monday,08:58,5.9,10.5,14.5,8,Morning,False
3771,10,16,4,8.1,1,Friday,19:49,13.8,26.0,36.5,19,Evening,False
3165,13,17,3,8.7,0,Thursday,21:29,7.8,21.6,47.1,21,Night,False
11,9,13,2,10.3,0,Monday,01:17,9.7,20.2,41.2,1,Night,False
3187,14,19,4,10.7,1,Saturday,14:31,10.7,27.2,62.2,14,Afternoon,True
2117,11,14,2,8.3,1,Tuesday,14:21,5.5,22.3,66.7,14,Afternoon,False
1835,3,11,4,10.2,0,Sunday,07:14,7.6,10.6,5.2,7,Morning,True
794,3,9,5,7.6,2,Sunday,10:22,8.7,15.0,13.5,10,Morning,True
3666,14,21,6,10.7,5,Tuesday,19:07,14.2,0.0,60.3,19,Evening,False
2675,12,16,4,8.7,0,Friday,16:22,11.4,26.2,38.4,16,Afternoon,False
95,11,16,5,5.5,0,Sunday,17:26,8.3,0.0,15.2,17,Evening,True
130,8,14,4,6.7,0,Wednesday,09:11,6.3,7.6,15.3,9,Morning,False
2372,6,12,4,8.8,0,Monday,17:44,6.1,34.1,20.5,17,Evening,False
2955,16,22,4,6.7,0,Friday,12:06,7.5,19.2,41.4,12,Afternoon,False
3855,11,17,3,6.0,1,Monday,18:01,8.6,18.7,56.3,18,Evening,False
2264,6,12,4,6.1,1,Wednesday,20:22,6.1,9.5,17.0,20,Evening,False
1901,19,24,5,8.6,1,Monday,19:21,14.1,11.1,52.2,19,Evening,False
2890,13,20,6,10.0,0,Sunday,15:28,9.7,13.9,25.9,15,Afternoon,True
3162,9,13,4,7.5,0,Tuesday,08:39,10.4,6.5,17.3,8,Morning,False
1933,4,12,5,6.2,0,Saturday,08:04,10.9,16.6,8.0,8,Morning,True
2830,10,15,3,10.7,1,Sunday,08:54,2.8,27.2,40.1,8,Morning,True
1866,11,17,5,6.6,0,Friday,14:40,12.8,7.7,16.1,14,Afternoon,False
1659,8,11,3,7.5,1,Wednesday,21:02,8.9,14.1,27.2,21,Night,False
517,13,17,3,11.5,0,Monday,16:26,14.2,18.6,70.4,16,Afternoon,False
1858,9,13,4,5.7,0,Friday,14:03,10.9,20.8,16.4,14,Afternoon,False
2646,19,26,6,8.0,0,Saturday,13:55,18.3,8.9,41.3,13,Afternoon,True
2244,2,7,4,7.0,0,Thursday,14:26,8.5,7.2,5.6,14,Afternoon,False
1278,13,19,5,4.5,1,Wednesday,11:59,9.7,6.6,15.7,11,Morning,False
3840,6,8,2,5.0,1,Tuesday,07:15,7.2,23.4,24.4,7,Morning,False
951,10,14,4,5.9,0,Friday,11:43,13.2,9.0,22.6,11,Morning,False
1121,10,18,4,9.6,1,Wednesday,10:29,9.3,21.0,32.0,10,Morning,False
2598,14,21,6,7.5,0,Saturday,08:35,6.1,2.3,9.8,8,Morning,True
2205,9,12,2,6.6,0,Thursday,21:15,9.2,17.8,36.7,21,Night,False
420,2,4,1,5.8,0,Wednesday,00:46,2.7,29.0,8.9,0,Night,False
923,21,29,6,6.8,0,Saturday,12:38,18.8,12.0,48.3,12,Afternoon,True
2903,5,11,3,7.5,2,Sunday,04:04,3.4,8.2,15.1,4,Night,True
478,4,8,3,7.9,0,Friday,07:49,3.7,14.6,10.8,7,Morning,False
2036,8,15,4,9.8,0,Tuesday,19:10,5.7,10.6,23.7,19,Evening,False
2873,6,8,2,6.6,1,Sunday,23:47,8.7,11.2,18.3,23,Night,True
1693,14,18,3,7.8,1,Saturday,12:07,11.9,26.6,62.6,12,Afternoon,True
3650,12,18,5,4.7,0,Saturday,15:47,13.8,6.9,14.2,15,Afternoon,True
1472,12,18,4,7.5,1,Saturday,17:51,10.7,6.6,32.3,17,Evening,True
2602,12,16,4,7.5,0,Thursday,17:37,11.4,18.6,44.0,17,Evening,False
1203,6,11,4,6.1,1,Wednesday,20:42,3.5,21.0,16.7,20,Evening,False
2439,11,16,3,6.0,1,Saturday,08:30,2.4,16.0,29.1,8,Morning,True
2627,12,21,6,6.9,1,Thursday,16:29,8.4,14.8,18.3,16,Afternoon,False
1670,2,7,4,6.4,1,Wednesday,21:12,7.1,12.7,7.3,21,Night,False
3683,9,13,3,9.2,0,Tuesday,20:54,5.1,29.1,33.3,20,Evening,False
1971,10,15,3,4.6,1,Monday,11:16,10.4,21.9,25.3,11,Morning,False
2152,14,21,6,5.7,2,Wednesday,12:38,12.9,12.1,24.0,12,Afternoon,False
821,11,17,4,6.7,0,Wednesday,18:14,8.5,5.5,21.9,18,Evening,False
1998,5,8,3,6.3,1,Tuesday,11:04,4.7,26.5,16.8,11,Morning,False
3808,7,14,3,4.5,0,Thursday,17:35,14.5,11.0,14.6,17,Evening,False
1249,8,14,5,6.6,1,Monday,21:15,8.8,8.0,16.8,21,Night,False
2898,6,10,3,5.2,0,Thursday,10:55,4.6,11.3,10.0,10,Morning,False
2713,4,10,5,2.8,0,Friday,15:03,8.7,0.0,0.6,15,Afternoon,False
3529,6,11,4,10.3,0,Sunday,18:41,9.5,0.2,18.3,18,Evening,True
2191,16,19,2,2.7,1,Saturday,18:27,13.1,13.5,41.5,18,Evening,True
3903,11,15,4,6.2,1,Saturday,18:32,7.5,3.3,27.6,18,Evening,True
1047,10,16,3,6.3,3,Wednesday,19:02,9.4,10.8,37.0,19,Evening,False
1889,12,16,3,7.5,0,Saturday,11:42,8.5,34.3,43.6,11,Morning,True
2470,9,14,3,5.3,3,Tuesday,08:13,9.1,24.6,28.5,8,Morning,False
616,11,14,3,10.5,1,Saturday,18:45,11.7,24.3,67.2,18,Evening,True
1319,14,18,4,7.4,1,Tuesday,18:16,6.8,20.6,39.6,18,Evening,False
3830,5,12,4,7.2,0,Thursday,14:23,8.2,19.6,13.2,14,Afternoon,False
3870,6,10,3,7.4,0,Wednesday,21:40,8.7,7.9,12.8,21,Night,False
3886,12,17,5,6.3,0,Tuesday,12:37,11.6,10.4,21.7,12,Afternoon,False
2137,7,9,1,7.9,0,Sunday,07:01,8.4,45.0,61.1,7,Morning,True
3245,6,8,2,6.1,0,Sunday,07:46,4.4,4.7,16.8,7,Morning,True
1773,7,10,3,7.5,0,Tuesday,01:25,2.6,3.1,12.4,1,Night,False
3917,6,10,4,4.2,1,Monday,22:26,9.0,3.2,10.8,22,Night,False
132,20,25,4,5.9,0,Tuesday,16:31,12.1,1.6,38.3,16,Afternoon,False
2841,12,16,4,8.3,2,Sunday,11:40,13.0,14.6,36.7,11,Morning,True
78,15,21,4,8.9,0,Saturday,19:20,10.7,17.3,47.3,19,Evening,True
2053,6,11,5,8.7,1,Monday,18:39,6.2,10.4,18.5,18,Evening,False
725,5,9,3,9.7,0,Thursday,03:02,7.3,26.2,20.0,3,Night,False
1315,7,13,5,9.3,0,Sunday,13:01,10.0,17.7,24.8,13,Afternoon,True
1852,6,10,3,12.2,1,Thursday,15:40,5.1,10.2,38.6,15,Afternoon,False
3879,6,14,5,7.2,1,Friday,13:28,14.2,23.6,24.1,13,Afternoon,False
3032,10,15,4,5.0,3,Sunday,18:24,9.0,13.6,23.2,18,Evening,True
3282,7,11,4,9.5,1,Wednesday,04:25,4.4,6.2,17.0,4,Night,False
1373,3,7,4,7.9,1,Saturday,07:42,11.4,16.7,14.0,7,Morning,True
1856,4,9,3,4.8,1,Wednesday,09:01,6.7,13.0,7.0,9,Morning,False
1320,8,13,5,6.7,1,Saturday,16:24,9.2,23.0,17.6,16,Afternoon,True
2561,5,9,4,5.2,0,Saturday,18:08,7.7,15.3,9.6,18,Evening,True
3816,8,14,5,10.4,1,Saturday,07:06,10.5,23.0,24.6,7,Morning,True
3233,4,8,3,7.8,0,Thursday,18:40,4.9,17.3,14.8,18,Evening,False
2862,7,11,3,7.6,0,Tuesday,07:58,8.4,19.2,19.8,7,Morning,False
376,14,18,4,4.7,2,Tuesday,20:42,12.6,5.0,22.9,20,Evening,False
1909,10,15,4,9.1,0,Saturday,22:45,13.1,11.0,20.2,22,Night,True
334,10,16,4,9.3,1,Saturday,17:29,11.8,25.2,41.9,17,Evening,True
3524,13,20,6,6.4,1,Thursday,11:53,10.9,6.1,18.6,11,Morning,False
3450,10,14,4,5.9,0,Tuesday,19:59,4.8,7.1,15.9,19,Evening,False
2366,11,14,3,7.7,0,Sunday,15:23,7.2,23.7,34.1,15,Afternoon,True
1605,11,16,5,8.5,1,Monday,19:17,13.5,17.1,37.0,19,Evening,False
1119,7,12,4,6.2,1,Friday,16:29,9.0,12.8,20.5,16,Afternoon,False
3757,10,15,3,5.8,1,Friday,08:41,9.2,21.7,24.2,8,Morning,False
1944,8,13,5,7.2,0,Wednesday,06:26,10.1,0.0,8.8,6,Morning,False
2987,10,12,2,11.3,1,Thursday,13:22,7.3,48.1,87.9,13,Afternoon,False
2377,14,19,4,6.8,1,Friday,07:43,8.7,23.1,32.7,7,Morning,False
3334,9,14,4,3.9,2,Thursday,18:18,7.4,8.8,15.9,18,Evening,False
1343,9,13,4,8.6,1,Monday,12:59,9.4,11.3,36.3,12,Afternoon,False
321,12,17,5,5.1,2,Monday,13:30,14.2,0.0,26.7,13,Afternoon,False
1620,21,25,4,5.6,0,Tuesday,14:01,12.2,16.6,43.2,14,Afternoon,False
3224,2,6,4,8.7,1,Tuesday,15:49,9.5,8.2,14.1,15,Afternoon,False
2061,8,12,3,5.2,0,Sunday,23:47,4.8,5.0,9.7,23,Night,True
2220,13,18,4,3.3,0,Monday,19:34,7.8,8.3,15.6,19,Evening,False
1674,6,12,4,8.9,0,Thursday,10:03,8.5,17.9,17.1,10,Morning,False
1943,5,9,3,3.0,0,Thursday,10:29,5.9,23.9,6.2,10,Morning,False
261,11,15,4,7.4,0,Saturday,15:59,4.9,18.5,26.4,15,Afternoon,True
3103,2,6,3,7.8,0,Sunday,13:47,3.1,15.1,4.7,13,Afternoon,True
2040,6,12,5,10.6,1,Sunday,12:42,13.5,18.9,20.7,12,Afternoon,True
690,11,15,4,5.8,2,Tuesday,23:56,6.4,6.3,20.6,23,Night,False
902,5,8,3,11.0,1,Wednesday,03:15,6.1,17.8,22.0,3,Night,False
2307,7,11,3,11.0,2,Tuesday,16:45,5.5,22.6,43.5,16,Afternoon,False
2027,5,10,4,2.7,0,Tuesday,20:22,3.5,0.0,7.1,20,Evening,False
139,7,11,4,5.4,2,Monday,11:33,9.4,10.3,21.4,11,Morning,False
1918,1,6,4,6.9,0,Saturday,19:56,6.7,17.3,5.2,19,Evening,True
1829,3,7,2,4.7,1,Tuesday,02:48,4.6,0.8,10.5,2,Night,False
1574,12,16,4,9.1,2,Thursday,17:27,8.4,24.0,48.0,17,Evening,False
320,11,19,6,3.1,0,Thursday,12:13,11.0,14.5,8.4,12,Afternoon,False
654,6,11,4,7.0,1,Tuesday,21:40,0.0,5.4,13.9,21,Night,False
2138,9,14,4,5.8,0,Monday,21:09,6.9,5.4,17.5,21,Night,False
3062,8,11,2,8.6,1,Sunday,06:20,4.7,18.1,31.7,6,Morning,True
559,13,16,3,5.3,1,Saturday,15:54,10.8,9.6,30.9,15,Afternoon,True
2188,3,8,3,4.4,0,Thursday,05:25,11.6,7.2,7.0,5,Night,False
113,8,11,3,8.2,1,Monday,16:01,13.5,31.3,40.5,16,Afternoon,False
532,9,13,4,8.4,0,Sunday,08:35,7.5,10.1,17.2,8,Morning,True
225,6,9,3,6.8,1,Sunday,15:41,5.4,14.7,18.0,15,Afternoon,True
724,4,7,3,4.9,0,Tuesday,13:53,9.0,12.8,7.0,13,Afternoon,False
3201,10,16,4,4.9,1,Monday,07:02,8.8,6.3,14.9,7,Morning,False
3406,14,18,4,5.2,2,Saturday,07:59,8.7,26.0,26.8,7,Morning,True
1434,0,5,4,9.7,1,Sunday,16:30,6.6,13.8,6.3,16,Afternoon,True
2374,8,14,5,5.8,0,Tuesday,16:46,8.0,10.6,8.2,16,Afternoon,False
3180,6,12,5,8.8,0,Friday,16:36,8.7,6.1,9.6,16,Afternoon,False
3164,7,11,3,9.4,0,Tuesday,07:22,10.6,14.9,23.4,7,Morning,False
1459,19,23,4,6.5,2,Tuesday,14:08,11.6,21.3,51.4,14,Afternoon,False
3584,12,16,4,9.3,2,Tuesday,07:09,7.5,14.0,40.4,7,Morning,False
2763,4,8,3,11.5,1,Friday,10:56,4.6,18.2,28.4,10,Morning,False
847,9,14,3,8.5,1,Wednesday,20:11,7.9,11.7,31.5,20,Evening,False
194,1,3,2,4.9,0,Friday,14:55,2.4,22.7,3.7,14,Afternoon,False
1465,6,11,4,4.6,1,Sunday,21:00,9.5,4.9,9.4,21,Night,True
2622,8,13,5,7.9,1,Tuesday,09:11,5.5,4.7,21.1,9,Morning,False
947,12,16,2,7.5,0,Sunday,15:51,6.1,24.8,44.9,15,Afternoon,True
2022,12,19,4,6.3,0,Wednesday,21:45,8.9,11.0,20.9,21,Night,False
2552,10,15,4,12.1,0,Tuesday,07:34,16.5,32.7,38.2,7,Morning,False
1630,11,15,3,8.0,0,Thursday,21:34,13.3,24.0,34.8,21,Night,False
118,9,13,3,8.4,3,Tuesday,12:47,12.4,18.1,48.0,12,Afternoon,False
646,11,15,3,3.7,0,Friday,17:22,11.0,0.0,16.7,17,Evening,False
1871,8,12,4,4.6,1,Friday,17:01,3.1,0.5,15.3,17,Evening,False
4,13,18,2,9.7,2,Thursday,17:50,9.6,35.6,94.5,17,Evening,False
75,8,13,4,4.9,1,Friday,00:34,8.7,0.0,11.7,0,Night,False
1756,5,11,4,8.1,0,Sunday,17:31,11.6,7.7,15.7,17,Evening,True
468,12,18,5,6.3,0,Monday,18:36,6.7,3.7,26.7,18,Evening,False
6,6,11,4,6.5,0,Monday,20:23,13.3,26.7,17.0,20,Evening,False
1247,17,23,4,12.4,2,Saturday,14:02,10.6,29.5,92.2,14,Afternoon,True
920,8,13,4,8.3,1,Friday,16:13,7.5,17.6,27.0,16,Afternoon,False
2596,9,12,3,7.5,0,Thursday,11:43,6.9,22.3,30.6,11,Morning,False
229,13,18,4,2.9,2,Saturday,11:52,11.4,6.1,15.9,11,Morning,True
1064,10,14,3,7.5,0,Thursday,10:25,10.9,0.8,26.6,10,Morning,False
2591,11,18,5,6.3,3,Monday,09:16,6.2,6.5,28.8,9,Morning,False
243,9,13,4,5.6,0,Sunday,09:25,6.5,10.4,16.0,9,Morning,True
3009,10,14,4,6.1,0,Monday,12:27,7.7,11.2,56.4,12,Afternoon,False
1161,12,17,3,8.0,3,Wednesday,19:12,12.3,29.8,57.0,19,Evening,False
3368,3,8,4,12.6,0,Saturday,14:23,8.2,27.8,16.2,14,Afternoon,True
2950,9,14,4,6.6,2,Sunday,20:24,3.7,6.1,19.4,20,Evening,True
2564,9,14,4,7.8,0,Monday,11:44,10.5,28.6,29.2,11,Morning,False
2672,5,11,3,7.4,0,Tuesday,03:27,8.7,19.2,11.5,3,Night,False
1527,7,15,4,7.7,1,Wednesday,13:43,9.9,15.0,19.9,13,Afternoon,False
1606,14,17,3,8.4,0,Wednesday,13:59,10.6,30.3,51.4,13,Afternoon,False
3717,8,10,1,9.1,1,Wednesday,14:27,9.1,14.8,94.7,14,Afternoon,False
3954,11,17,6,6.4,1,Saturday,08:10,10.1,0.0,16.4,8,Morning,True
2710,10,14,4,10.6,0,Sunday,20:34,7.7,10.7,27.4,20,Evening,True
3314,12,15,3,9.0,0,Tuesday,13:37,13.6,23.3,54.3,13,Afternoon,False
3369,5,10,4,12.3,0,Sunday,17:23,9.0,19.9,19.2,17,Evening,True
1990,8,10,2,9.6,0,Thursday,08:18,9.9,35.0,46.8,8,Morning,False
3833,7,14,4,8.6,1,Sunday,16:51,9.8,20.3,27.4,16,Afternoon,True
2363,5,11,4,8.3,0,Tuesday,10:26,1.6,23.1,11.5,10,Morning,False
1976,20,25,4,4.3,0,Wednesday,13:59,14.3,6.9,26.9,13,Afternoon,False
1762,2,4,2,6.4,0,Saturday,23:04,3.4,15.9,8.5,23,Night,True
1306,6,9,3,9.0,0,Tuesday,21:48,4.8,17.6,18.2,21,Night,False
2740,5,9,2,7.4,0,Thursday,00:40,6.0,21.3,17.3,0,Night,False
1542,6,10,4,8.8,1,Sunday,18:59,10.0,12.2,22.3,18,Evening,True
3451,8,13,5,7.1,0,Saturday,09:07,7.1,13.8,17.5,9,Morning,True
2473,14,17,3,6.1,0,Thursday,11:28,9.8,23.7,37.3,11,Morning,False
2643,10,13,3,10.3,2,Sunday,16:46,4.0,10.5,48.4,16,Afternoon,True
2796,8,10,2,7.7,1,Tuesday,14:22,13.6,14.8,55.2,14,Afternoon,False
623,7,13,6,9.4,2,Sunday,18:30,11.2,3.3,24.3,18,Evening,True
3053,10,15,2,2.0,2,Tuesday,07:44,9.4,6.8,14.9,7,Morning,False
1494,10,15,3,6.4,0,Tuesday,00:25,8.1,9.6,18.6,0,Night,False
111,6,13,5,11.4,0,Saturday,12:58,12.8,25.0,32.9,12,Afternoon,True
2276,4,11,6,9.2,0,Friday,17:35,10.1,14.5,8.8,17,Evening,False
2991,8,11,3,6.9,0,Friday,16:31,8.9,28.2,24.6,16,Afternoon,False
1170,9,14,3,3.3,0,Wednesday,20:38,7.6,14.5,13.5,20,Evening,False
3246,5,7,1,9.3,0,Wednesday,08:10,6.8,56.9,53.6,8,Morning,False
233,2,5,2,7.5,1,Tuesday,10:44,7.4,21.8,14.7,10,Morning,False
67,13,17,3,9.3,1,Thursday,21:43,11.1,23.3,51.1,21,Night,False
3591,10,15,4,6.6,1,Monday,16:23,6.2,17.2,27.1,16,Afternoon,False
2073,9,15,5,5.6,0,Thursday,10:52,11.1,0.0,11.6,10,Morning,False
2193,9,15,4,10.3,2,Friday,07:55,7.9,16.5,39.9,7,Morning,False
537,8,10,2,6.9,1,Tuesday,03:21,4.5,23.3,25.3,3,Night,False
2860,8,13,4,7.5,0,Sunday,10:12,6.4,19.9,20.2,10,Morning,True
126,5,10,3,7.3,0,Tuesday,20:06,5.7,31.4,18.6,20,Evening,False
2134,7,10,3,7.2,0,Wednesday,07:04,4.8,17.4,17.9,7,Morning,False
1255,9,13,3,7.1,1,Wednesday,19:50,8.2,29.0,31.1,19,Evening,False
3280,6,10,4,7.0,1,Friday,08:27,6.2,0.0,16.4,8,Morning,False
1977,7,14,4,8.7,1,Sunday,21:52,10.5,13.9,20.1,21,Night,True
3247,10,14,4,6.3,1,Saturday,07:03,11.2,16.2,29.9,7,Morning,True
3067,1,5,3,2.3,0,Sunday,23:16,6.8,2.9,0.0,23,Night,True
2076,17,23,5,7.5,1,Thursday,20:40,7.3,18.4,35.6,20,Evening,False
485,10,12,2,4.3,0,Friday,22:17,8.3,15.2,23.5,22,Night,False
1655,3,8,4,5.1,0,Thursday,15:23,9.0,5.9,2.9,15,Afternoon,False
3550,16,19,3,9.6,1,Friday,11:02,11.5,24.6,105.7,11,Morning,False
2992,14,21,4,4.5,1,Saturday,10:44,8.7,2.8,25.3,10,Morning,True
3296,6,10,3,7.3,0,Monday,07:17,9.1,12.4,16.6,7,Morning,False
3024,7,12,4,10.1,2,Thursday,03:50,4.6,10.1,24.7,3,Night,False
3173,7,11,3,5.3,0,Thursday,07:53,10.8,20.2,18.1,7,Morning,False
1775,10,13,2,5.2,0,Tuesday,18:12,7.3,21.6,65.5,18,Evening,False
2411,3,8,3,7.7,0,Monday,15:50,8.1,23.8,9.9,15,Afternoon,False
3572,13,18,4,10.9,1,Monday,18:47,9.3,15.9,57.2,18,Evening,False
919,1,6,5,8.6,0,Tuesday,20:31,9.1,24.5,2.1,20,Evening,False
1647,4,6,2,5.0,1,Tuesday,00:04,3.1,8.0,9.1,0,Night,False
1027,8,13,4,7.3,2,Friday,15:37,11.6,14.3,32.0,15,Afternoon,False
1031,8,12,3,6.7,1,Tuesday,12:22,5.6,25.7,29.6,12,Afternoon,False
883,7,14,5,4.3,0,Saturday,09:00,8.7,14.8,8.9,9,Morning,True
1336,5,9,4,10.9,0,Wednesday,16:16,6.9,16.5,18.6,16,Afternoon,False
2747,19,24,3,13.9,1,Saturday,11:05,7.8,55.3,137.9,11,Morning,True
3439,10,14,3,5.5,1,Thursday,10:52,12.7,5.6,24.0,10,Morning,False
2714,7,11,3,6.7,0,Wednesday,16:00,11.3,10.2,33.8,16,Afternoon,False
365,11,15,3,6.2,0,Wednesday,18:20,3.7,28.2,31.3,18,Evening,False
2126,6,11,5,8.5,0,Tuesday,18:04,10.9,26.7,19.9,18,Evening,False
28,8,13,4,4.6,3,Friday,08:01,7.4,8.2,17.0,8,Morning,False
474,13,18,4,9.7,3,Monday,19:41,9.5,22.6,64.6,19,Evening,False
526,13,17,3,7.6,2,Tuesday,08:49,9.0,17.2,41.3,8,Morning,False
726,4,6,2,5.6,2,Tuesday,18:04,5.3,11.5,19.2,18,Evening,False
56,19,24,5,5.2,0,Saturday,17:10,14.6,0.5,29.0,17,Evening,True
639,9,14,5,9.0,1,Monday,19:21,8.9,16.5,32.5,19,Evening,False
303,6,11,3,7.7,0,Friday,22:11,7.1,11.3,11.2,22,Night,False
2767,5,9,3,9.4,0,Friday,03:59,5.7,15.9,18.9,3,Night,False
3457,9,15,4,4.9,0,Monday,08:10,8.8,21.9,16.4,8,Morning,False
1277,9,13,4,7.9,2,Friday,08:03,13.0,3.4,30.2,8,Morning,False
3492,8,12,4,6.0,0,Wednesday,12:44,11.3,9.9,18.4,12,Afternoon,False
625,7,10,3,5.9,0,Saturday,21:57,10.7,22.5,20.6,21,Night,True
2056,14,19,4,6.8,1,Tuesday,18:36,10.1,22.3,36.4,18,Evening,False
1281,10,14,4,9.1,1,Wednesday,17:02,6.7,25.5,37.3,17,Evening,False
2852,8,12,3,7.0,0,Sunday,20:34,7.8,9.2,20.8,20,Evening,True
1050,7,11,3,8.1,0,Sunday,08:29,9.2,7.6,21.9,8,Morning,True
337,5,10,4,8.7,1,Saturday,12:12,8.7,18.5,18.7,12,Afternoon,True
48,4,7,3,2.8,1,Saturday,02:50,4.0,13.3,3.3,2,Night,True
2879,8,15,6,13.6,1,Tuesday,14:20,10.8,13.7,34.6,14,Afternoon,False
107,11,16,4,6.7,0,Thursday,20:21,6.9,0.0,26.2,20,Evening,False
2398,7,13,2,4.4,0,Monday,19:25,5.1,4.2,20.3,19,Evening,False
1080,6,11,4,11.4,0,Monday,17:34,10.4,27.0,29.7,17,Evening,False
2287,7,12,5,3.3,1,Wednesday,20:15,9.8,1.8,8.2,20,Evening,False
2262,9,14,3,7.5,0,Tuesday,21:50,3.6,30.6,26.4,21,Night,False
1145,14,18,3,5.2,2,Tuesday,11:13,9.3,6.6,36.0,11,Morning,False
3151,15,22,3,6.5,0,Wednesday,15:25,5.6,26.3,42.4,15,Afternoon,False
2297,13,20,3,12.3,1,Sunday,16:28,8.3,38.1,66.4,16,Afternoon,True
2842,17,23,4,6.9,0,Friday,08:04,9.6,24.9,35.7,8,Morning,False
1837,4,6,2,5.3,2,Saturday,21:26,8.7,18.2,17.7,21,Night,True
1754,6,12,5,10.1,0,Sunday,08:25,5.1,12.6,10.8,8,Morning,True
1102,4,9,5,7.5,0,Wednesday,09:57,10.7,2.7,7.0,9,Morning,False
1969,9,16,4,3.1,2,Friday,16:13,8.0,18.3,13.3,16,Afternoon,False
2998,8,11,3,7.0,0,Wednesday,21:12,8.1,5.0,19.3,21,Night,False
3638,7,11,4,4.9,0,Wednesday,00:21,6.0,6.6,7.7,0,Night,False
524,12,16,3,10.2,1,Tuesday,12:37,9.3,32.0,63.7,12,Afternoon,False
2281,8,14,5,5.2,1,Thursday,15:35,9.8,6.1,8.4,15,Afternoon,False
2693,8,12,3,12.7,0,Saturday,08:55,8.0,23.9,41.0,8,Morning,True
2886,12,15,3,9.0,0,Wednesday,15:36,10.9,41.9,46.8,15,Afternoon,False
1429,10,15,5,2.7,1,Friday,17:21,11.5,2.1,9.7,17,Evening,False
2582,19,25,5,6.7,0,Monday,14:21,10.7,6.5,38.9,14,Afternoon,False
3456,7,12,4,5.7,1,Saturday,16:21,9.7,13.3,18.8,16,Afternoon,True
604,8,12,3,7.3,0,Sunday,16:39,12.0,9.6,22.3,16,Afternoon,True
1490,7,11,3,7.5,1,Friday,13:51,14.9,25.8,33.4,13,Afternoon,False
3099,11,15,3,2.0,0,Tuesday,16:56,7.2,7.7,8.3,16,Afternoon,False
3219,11,14,3,8.1,0,Sunday,05:20,5.0,5.1,17.7,5,Night,True
61,3,8,5,7.9,0,Thursday,08:42,4.6,14.2,3.2,8,Morning,False
3823,7,12,4,6.5,0,Sunday,09:09,3.3,1.5,7.9,9,Morning,True
672,8,13,5,4.5,1,Friday,14:00,8.7,10.0,19.4,14,Afternoon,False
93,4,9,4,12.0,0,Tuesday,11:02,1.1,25.7,16.6,11,Morning,False
667,14,19,5,12.2,1,Monday,11:53,10.6,19.9,52.8,11,Morning,False
1888,11,17,4,6.8,0,Tuesday,20:28,7.0,11.5,22.5,20,Evening,False
281,6,11,3,4.8,1,Monday,02:18,10.0,15.5,14.7,2,Night,False
1720,7,11,4,6.8,1,Tuesday,16:07,8.4,10.8,22.3,16,Afternoon,False
3005,6,10,3,7.1,0,Sunday,16:01,7.9,10.5,16.1,16,Afternoon,True
360,6,8,2,2.5,2,Friday,07:45,9.0,14.3,13.8,7,Morning,False
900,11,16,5,5.9,0,Monday,21:04,13.9,1.9,14.2,21,Night,False
1936,13,19,5,6.7,0,Monday,18:44,9.4,0.0,24.6,18,Evening,False
1995,6,9,3,4.7,2,Saturday,07:32,6.8,19.0,18.7,7,Morning,True
3732,9,13,3,9.1,1,Sunday,21:27,9.0,18.9,36.2,21,Night,True
2896,4,8,3,9.5,0,Wednesday,14:37,10.9,31.4,20.0,14,Afternoon,False
761,9,13,4,2.1,1,Wednesday,12:43,11.0,11.2,3.5,12,Afternoon,False
2159,8,14,5,6.2,0,Tuesday,13:52,9.8,6.4,17.2,13,Afternoon,False
3476,11,17,5,9.2,0,Saturday,13:02,14.5,16.3,33.9,13,Afternoon,True
43,7,10,3,6.4,1,Friday,08:54,7.7,22.6,22.0,8,Morning,False
2174,6,11,3,5.9,2,Saturday,14:43,12.0,17.0,24.9,14,Afternoon,True
205,4,9,2,7.1,0,Wednesday,14:26,11.1,33.7,19.8,14,Afternoon,False
1474,12,17,5,8.4,0,Monday,04:42,9.4,11.4,12.7,4,Night,False
2101,5,14,6,9.4,1,Sunday,13:50,8.6,13.4,14.5,13,Afternoon,True
2594,9,16,5,10.2,0,Monday,14:58,9.4,25.3,43.3,14,Afternoon,False
69,4,9,4,8.0,0,Thursday,15:00,8.8,20.6,12.8,15,Afternoon,False
1876,10,14,4,5.8,0,Sunday,10:30,5.2,7.5,14.4,10,Morning,True
2833,9,14,3,9.4,1,Saturday,07:57,11.1,25.6,40.7,7,Morning,True
3202,10,14,3,8.4,2,Sunday,13:34,8.3,25.1,46.4,13,Afternoon,True
2232,9,14,5,8.9,0,Thursday,09:39,11.2,21.1,17.2,9,Morning,False
138,6,11,3,10.5,1,Thursday,17:36,9.2,22.5,33.5,17,Evening,False
2948,5,7,1,5.3,0,Wednesday,18:42,4.5,65.0,39.6,18,Evening,False
797,5,7,1,7.5,1,Thursday,03:44,5.4,22.1,37.3,3,Night,False
2181,7,12,4,8.8,0,Thursday,20:08,3.7,13.9,20.6,20,Evening,False
2129,5,7,2,4.4,0,Wednesday,15:20,5.2,14.8,11.3,15,Afternoon,False
759,5,10,4,5.0,0,Friday,10:23,12.2,6.7,10.8,10,Morning,False
542,14,20,4,6.7,0,Wednesday,22:44,7.6,7.7,18.1,22,Night,False
1020,10,17,4,7.9,0,Thursday,16:39,9.2,4.6,24.7,16,Afternoon,False
3137,12,18,4,11.5,0,Sunday,14:22,7.6,28.0,44.3,14,Afternoon,True
166,5,9,2,5.8,1,Sunday,20:48,5.0,14.8,20.2,20,Evening,True
249,10,15,4,10.0,0,Saturday,08:06,7.8,14.9,31.1,8,Morning,True
1332,5,9,4,4.9,1,Friday,12:11,10.1,1.7,14.3,12,Afternoon,False
2018,6,12,5,8.2,0,Wednesday,16:43,11.8,13.3,15.0,16,Afternoon,False
447,8,12,2,6.6,0,Saturday,12:55,4.0,17.5,44.4,12,Afternoon,True
2483,4,8,4,11.4,1,Saturday,09:48,4.9,18.0,16.1,9,Morning,True
2907,6,10,4,6.7,1,Thursday,19:25,5.6,3.5,16.4,19,Evening,False
1359,13,19,4,8.5,1,Monday,20:31,11.5,18.0,43.0,20,Evening,False
2846,9,13,3,6.5,1,Wednesday,20:51,8.7,6.2,25.5,20,Evening,False
2146,6,12,5,3.9,2,Monday,07:23,8.6,0.4,2.7,7,Morning,False
1330,8,11,3,6.4,0,Monday,11:28,10.6,14.8,28.4,11,Morning,False
3958,12,16,3,6.2,2,Monday,07:59,7.4,30.1,38.3,7,Morning,False
2786,4,9,4,7.5,0,Monday,08:15,4.6,30.7,15.9,8,Morning,False
3861,3,8,4,5.3,0,Thursday,06:45,6.3,4.2,2.5,6,Morning,False
2151,11,16,5,9.0,0,Friday,13:03,12.2,23.7,33.4,13,Afternoon,False
435,12,18,4,4.1,1,Friday,10:29,11.0,0.0,17.2,10,Morning,False
2123,8,13,4,6.2,0,Saturday,17:35,9.8,0.0,17.3,17,Evening,True
578,16,22,5,6.5,1,Friday,13:34,9.4,9.2,32.6,13,Afternoon,False
2901,8,14,4,9.3,1,Friday,03:31,9.0,8.8,19.4,3,Night,False
3156,10,15,4,14.0,1,Thursday,09:12,2.6,16.2,43.8,9,Morning,False
2967,4,11,6,5.4,1,Thursday,18:22,11.9,14.5,8.4,18,Evening,False
3807,4,10,6,4.2,0,Sunday,18:03,6.6,0.0,7.1,18,Evening,True
3637,8,12,4,7.5,0,Monday,10:01,7.8,10.3,25.3,10,Morning,False
2449,9,13,4,8.1,0,Monday,09:45,3.0,22.6,23.6,9,Morning,False
1849,12,16,3,8.8,2,Tuesday,09:29,12.7,19.6,43.9,9,Morning,False
763,11,15,4,11.1,0,Wednesday,11:39,6.8,33.2,40.5,11,Morning,False
3038,9,15,4,9.9,2,Sunday,18:46,9.7,23.4,37.9,18,Evening,True
389,13,16,3,8.8,0,Wednesday,15:38,7.2,27.4,49.4,15,Afternoon,False
236,9,15,4,10.8,0,Thursday,22:10,6.3,13.1,23.6,22,Night,False
3454,14,18,4,10.2,0,Monday,19:52,10.5,7.6,52.0,19,Evening,False
1985,9,16,4,11.0,0,Wednesday,09:13,12.0,22.5,33.9,9,Morning,False
268,8,14,5,17.6,0,Wednesday,17:16,10.3,15.1,38.1,17,Evening,False
771,11,17,5,5.4,0,Thursday,21:23,8.5,14.2,11.1,21,Night,False
2166,3,7,3,4.3,1,Friday,05:36,5.9,7.9,41.4,5,Night,False
438,13,21,3,6.4,0,Wednesday,11:27,7.2,10.1,33.7,11,Morning,False
674,6,10,4,10.7,0,Thursday,07:19,6.7,24.1,19.6,7,Morning,False
250,5,11,3,3.9,0,Thursday,10:44,7.0,0.9,8.9,10,Morning,False
2202,10,15,4,4.9,3,Thursday,16:23,9.4,18.9,25.4,16,Afternoon,False
1575,12,17,4,8.0,1,Wednesday,15:13,13.0,20.5,38.2,15,Afternoon,False
2143,7,12,3,3.3,1,Tuesday,08:40,4.9,2.0,9.4,8,Morning,False
2082,4,8,3,9.3,1,Tuesday,23:50,8.7,12.2,12.5,23,Night,False
3470,11,17,3,11.9,0,Sunday,16:25,5.3,7.6,46.4,16,Afternoon,True
3404,7,12,5,6.2,0,Thursday,10:13,11.2,0.2,8.3,10,Morning,False
3635,10,15,5,7.5,2,Wednesday,13:19,7.5,14.7,32.7,13,Afternoon,False
449,11,16,5,3.7,2,Friday,12:07,12.8,6.9,18.8,12,Afternoon,False
1470,9,14,4,3.2,0,Wednesday,21:46,9.8,1.7,7.1,21,Night,False
717,11,14,3,3.9,0,Thursday,11:58,6.7,4.6,18.4,11,Morning,False
3166,4,6,1,6.1,0,Sunday,10:17,2.9,50.0,27.6,10,Morning,True
3466,17,23,4,3.2,0,Monday,15:04,12.4,6.5,18.1,15,Afternoon,False
2049,11,16,4,8.3,0,Tuesday,14:19,5.9,26.9,30.5,14,Afternoon,False
1902,14,16,2,6.1,0,Thursday,11:47,8.7,24.7,55.8,11,Morning,False
3607,7,13,6,8.2,0,Friday,11:56,11.6,11.2,12.8,11,Morning,False
1169,7,10,3,11.3,0,Wednesday,08:20,11.6,30.5,28.1,8,Morning,False
83,8,11,2,6.7,0,Thursday,12:30,9.3,32.9,42.3,12,Afternoon,False
3195,15,23,6,9.9,1,Monday,18:24,13.7,21.3,40.9,18,Evening,False
2725,3,7,4,6.6,1,Monday,23:23,8.0,8.1,8.3,23,Night,False
3045,9,14,3,7.5,0,Sunday,16:11,8.2,20.2,27.0,16,Afternoon,True
1461,8,14,4,7.0,1,Sunday,17:18,6.9,10.5,19.6,17,Evening,True
2819,9,12,2,11.2,1,Saturday,21:55,6.9,29.9,68.4,21,Night,True
1894,4,7,3,8.5,0,Wednesday,00:51,9.2,14.8,8.8,0,Night,False
1669,11,16,3,10.5,0,Friday,18:38,8.7,38.0,60.1,18,Evening,False
2757,5,8,2,8.8,1,Wednesday,06:02,7.2,33.9,22.6,6,Morning,False
2001,11,16,4,5.5,1,Tuesday,15:25,12.9,15.1,26.0,15,Afternoon,False
476,4,8,3,4.0,1,Friday,07:06,8.5,0.5,7.3,7,Morning,False
518,4,8,3,10.6,0,Saturday,09:54,11.1,22.1,18.9,9,Morning,True
3435,15,22,5,8.9,3,Thursday,13:38,13.6,15.4,50.9,13,Afternoon,False
405,8,12,4,10.1,0,Tuesday,16:00,10.5,17.2,26.8,16,Afternoon,False
385,11,15,3,4.2,0,Sunday,12:37,7.3,8.3,45.1,12,Afternoon,True
3207,7,11,4,8.3,1,Sunday,12:22,4.8,29.5,25.4,12,Afternoon,True
2153,11,20,5,6.4,0,Saturday,16:41,11.9,10.8,23.9,16,Afternoon,True
1634,7,11,2,5.9,1,Wednesday,18:41,14.8,16.4,34.3,18,Evening,False
3869,10,14,4,9.0,2,Monday,14:17,15.4,23.3,39.1,14,Afternoon,False
689,10,13,3,5.4,0,Wednesday,13:23,10.9,13.4,23.1,13,Afternoon,False
3660,8,14,4,9.9,2,Wednesday,17:00,6.6,14.4,36.0,17,Evening,False
2875,5,8,2,4.8,0,Monday,08:03,8.5,14.8,15.8,8,Morning,False
1241,10,15,4,4.9,2,Saturday,16:12,6.8,7.9,26.8,16,Afternoon,True
63,11,16,5,4.1,0,Wednesday,15:50,12.4,9.0,12.9,15,Afternoon,False
853,7,9,2,9.5,2,Monday,02:10,0.0,14.8,33.0,2,Night,False
3648,14,20,5,7.9,0,Thursday,13:28,10.3,9.5,29.6,13,Afternoon,False
3271,14,18,4,11.6,2,Monday,09:58,11.0,18.5,62.1,9,Morning,False
1263,7,13,4,6.5,0,Wednesday,14:13,11.8,20.0,13.7,14,Afternoon,False
224,4,8,4,5.3,1,Saturday,16:32,11.0,6.5,11.0,16,Afternoon,True
2194,15,21,4,2.3,0,Thursday,20:55,10.1,5.9,12.3,20,Evening,False
374,4,9,4,4.5,0,Thursday,21:42,7.9,0.9,4.9,21,Night,False
1825,14,20,5,8.0,3,Monday,16:32,8.9,14.1,40.9,16,Afternoon,False
3353,11,17,5,11.0,0,Saturday,08:30,11.5,13.0,41.5,8,Morning,True
3810,13,20,5,8.4,0,Tuesday,18:41,11.6,17.5,29.7,18,Evening,False
3441,8,15,3,10.8,0,Thursday,11:00,6.1,20.0,39.3,11,Morning,False
3560,11,16,4,9.7,3,Sunday,20:33,10.5,14.8,45.0,20,Evening,True
2872,8,15,4,8.0,1,Thursday,00:57,2.7,0.3,17.7,0,Night,False
10,9,15,5,3.9,0,Thursday,09:28,5.8,0.0,7.3,9,Morning,False
2498,13,16,3,6.2,2,Friday,14:46,5.3,19.2,46.6,14,Afternoon,False
1945,10,16,3,9.4,0,Friday,10:11,14.8,17.3,41.1,10,Morning,False
1839,12,18,5,6.2,3,Thursday,17:58,11.5,2.7,30.3,17,Evening,False
709,5,8,2,8.8,0,Saturday,07:24,1.9,33.5,25.3,7,Morning,True
256,11,15,4,6.8,3,Saturday,08:13,10.6,6.4,31.2,8,Morning,True
2931,14,18,4,7.9,0,Monday,18:31,12.7,17.0,43.1,18,Evening,False
1618,12,18,5,9.9,1,Tuesday,20:20,7.6,16.5,32.4,20,Evening,False
390,7,14,6,3.9,1,Sunday,09:07,7.0,0.0,6.3,9,Morning,True
1582,8,14,5,11.4,0,Wednesday,14:57,6.9,27.2,24.9,14,Afternoon,False
2957,4,6,2,4.8,0,Wednesday,18:01,5.2,20.7,16.9,18,Evening,False
925,5,9,3,6.4,0,Sunday,09:55,4.2,25.6,16.9,9,Morning,True
3679,9,14,4,8.6,1,Wednesday,10:46,11.7,7.6,28.4,10,Morning,False
3127,15,20,3,7.5,2,Monday,14:01,14.4,22.1,62.7,14,Afternoon,False
2509,7,11,3,5.8,0,Friday,09:32,5.0,14.8,17.1,9,Morning,False
2037,15,21,4,9.3,1,Monday,19:02,14.8,26.9,56.1,19,Evening,False
3691,6,10,3,8.0,0,Thursday,08:28,5.1,19.2,15.9,8,Morning,False
1225,9,12,3,8.5,0,Tuesday,15:48,8.2,14.5,31.5,15,Afternoon,False
3007,12,18,4,9.3,1,Monday,19:23,12.8,19.8,51.8,19,Evening,False
2550,4,7,3,6.8,0,Tuesday,21:10,3.5,4.4,10.2,21,Night,False
1947,13,17,4,8.2,2,Monday,11:48,14.9,16.6,46.2,11,Morning,False
740,11,16,4,6.0,0,Monday,20:33,7.7,9.0,24.2,20,Evening,False
41,7,13,4,13.6,0,Tuesday,16:24,5.5,16.3,31.8,16,Afternoon,False
869,12,16,4,7.1,2,Thursday,12:06,13.5,19.6,39.4,12,Afternoon,False
2780,9,13,4,3.0,0,Saturday,09:54,11.4,2.4,7.5,9,Morning,True
540,5,8,3,7.9,1,Sunday,16:44,10.1,4.3,20.2,16,Afternoon,True
2746,9,13,3,3.3,0,Saturday,15:24,9.8,15.9,14.2,15,Afternoon,True
3319,6,10,2,10.5,1,Wednesday,17:01,10.8,36.5,47.2,17,Evening,False
2724,8,13,5,10.8,0,Friday,12:18,10.4,35.6,30.8,12,Afternoon,False
1372,9,15,4,8.7,2,Saturday,20:54,14.4,33.7,37.6,20,Evening,True
1146,4,7,3,5.5,1,Friday,08:07,6.1,11.3,10.3,8,Morning,False
1032,8,12,3,6.1,0,Monday,03:29,7.8,19.9,18.4,3,Night,False
373,7,12,3,2.0,2,Friday,05:06,5.0,14.8,7.0,5,Night,False
668,12,16,3,10.4,0,Sunday,12:37,9.9,21.3,57.7,12,Afternoon,True
3020,9,15,5,5.6,0,Thursday,10:16,11.9,9.5,10.4,10,Morning,False
358,7,11,4,7.5,0,Wednesday,21:41,7.1,19.4,15.7,21,Night,False
968,6,10,4,8.6,0,Saturday,09:10,8.1,8.4,17.8,9,Morning,True
2832,3,7,3,8.8,0,Wednesday,08:15,4.2,32.8,14.8,8,Morning,False
2784,10,17,5,10.8,0,Thursday,12:12,12.3,12.5,34.5,12,Afternoon,False
1354,12,16,4,6.8,0,Saturday,09:49,14.7,9.6,27.0,9,Morning,True
1036,9,13,3,6.9,0,Wednesday,08:56,6.4,5.4,52.5,8,Morning,False
3019,16,23,4,7.5,1,Monday,16:06,12.4,5.7,45.7,16,Afternoon,False
471,7,13,5,11.3,2,Thursday,14:59,10.6,9.5,35.1,14,Afternoon,False
3433,6,12,4,9.4,1,Tuesday,12:25,11.2,15.9,27.4,12,Afternoon,False
1397,6,10,4,7.6,2,Wednesday,17:36,5.3,30.3,28.8,17,Evening,False
3474,16,21,4,6.8,0,Wednesday,19:53,7.8,2.5,35.9,19,Evening,False
1550,9,12,3,2.6,1,Saturday,18:46,8.7,13.3,11.7,18,Evening,True
1257,13,16,3,5.3,1,Thursday,11:29,8.1,17.1,36.1,11,Morning,False
2095,12,20,2,5.7,0,Wednesday,08:09,8.8,26.1,35.7,8,Morning,False
1556,7,10,2,8.8,1,Sunday,15:15,7.3,46.6,40.6,15,Afternoon,True
3427,9,12,2,9.8,0,Sunday,16:16,7.4,44.1,59.7,16,Afternoon,True
1251,6,11,3,6.1,0,Thursday,11:04,8.7,15.8,21.2,11,Morning,False
1700,8,12,4,7.2,0,Friday,23:08,6.9,9.0,13.5,23,Night,False
1253,7,11,4,6.1,1,Tuesday,08:52,8.4,18.0,17.1,8,Morning,False
3668,12,15,3,8.6,0,Friday,19:41,12.5,19.7,48.9,19,Evening,False
3692,8,12,4,10.3,0,Sunday,16:24,8.4,27.9,25.7,16,Afternoon,True
2934,5,8,2,4.1,0,Monday,13:17,11.6,19.6,19.7,13,Afternoon,False
80,9,14,4,5.9,1,Wednesday,07:32,8.7,8.5,13.9,7,Morning,False
1173,6,10,2,6.9,0,Monday,23:46,5.6,9.4,20.8,23,Night,False
815,9,14,4,8.8,0,Friday,08:44,8.0,12.3,21.3,8,Morning,False
1853,8,15,5,5.5,2,Saturday,14:20,15.9,21.2,20.9,14,Afternoon,True
2221,6,11,5,4.4,2,Friday,09:14,9.9,10.5,15.5,9,Morning,False
2720,7,10,3,5.3,2,Saturday,20:20,11.0,20.5,20.9,20,Evening,True
3483,9,12,3,7.4,1,Monday,09:26,8.1,23.8,33.5,9,Morning,False
2106,17,23,6,10.1,2,Monday,17:23,16.5,17.7,53.1,17,Evening,False
134,8,12,3,3.8,0,Thursday,10:35,2.0,20.6,11.5,10,Morning,False
1141,5,9,3,12.8,0,Monday,05:01,8.7,24.4,22.0,5,Night,False
934,2,7,2,5.4,0,Monday,02:39,5.4,15.3,8.7,2,Night,False
929,12,16,4,6.0,1,Sunday,07:58,5.9,8.2,18.2,7,Morning,True
824,13,18,5,4.4,0,Monday,13:35,11.8,15.0,22.6,13,Afternoon,False
1532,19,27,4,10.5,0,Tuesday,11:30,10.3,19.7,62.5,11,Morning,False
1215,5,9,2,10.3,0,Wednesday,15:36,3.6,41.2,36.8,15,Afternoon,False
505,13,19,4,8.8,0,Monday,17:32,13.6,21.5,45.6,17,Evening,False
3936,2,6,4,13.2,1,Wednesday,21:58,8.2,15.8,13.5,21,Night,False
2396,22,29,3,5.4,1,Saturday,17:07,14.3,18.7,63.8,17,Evening,True
1997,11,18,4,6.2,0,Friday,10:47,6.4,16.8,19.6,10,Morning,False
2435,9,14,5,5.3,0,Friday,17:39,11.0,0.0,13.6,17,Evening,False
3073,5,7,2,4.4,0,Sunday,17:23,4.9,13.0,12.4,17,Evening,True
1959,7,12,3,4.8,0,Sunday,05:37,3.8,6.2,6.4,5,Night,True
1385,9,13,4,10.5,1,Wednesday,20:21,8.2,26.8,33.6,20,Evening,False
895,11,15,4,5.8,0,Sunday,13:42,6.5,26.1,25.3,13,Afternoon,True
829,5,9,3,11.3,1,Friday,16:03,5.9,46.6,36.8,16,Afternoon,False
3876,15,23,5,9.7,0,Saturday,14:12,11.8,18.9,41.2,14,Afternoon,True
2524,9,11,2,6.2,0,Sunday,02:51,7.8,16.4,18.8,2,Night,True
1684,9,10,1,5.5,2,Monday,12:48,12.3,47.1,84.9,12,Afternoon,False
3411,6,12,5,3.4,0,Thursday,15:33,9.2,6.3,2.5,15,Afternoon,False
3951,13,19,5,9.3,0,Tuesday,18:24,6.6,19.8,30.1,18,Evening,False
3323,4,10,4,5.7,0,Thursday,15:29,11.6,9.5,6.8,15,Afternoon,False
653,8,13,4,15.7,0,Wednesday,19:17,8.7,5.3,41.4,19,Evening,False
173,11,14,3,6.7,0,Monday,17:54,7.4,25.5,36.4,17,Evening,False
39,8,14,4,2.7,0,Thursday,11:48,9.9,1.3,6.9,11,Morning,False
3800,6,8,2,6.9,0,Tuesday,08:27,3.6,16.5,24.9,8,Morning,False
714,8,12,4,9.1,0,Friday,19:26,8.7,14.0,25.8,19,Evening,False
91,21,27,5,5.1,1,Wednesday,20:35,10.3,0.0,29.2,20,Evening,False
3920,16,21,5,5.3,0,Friday,13:54,11.8,5.2,26.3,13,Afternoon,False
1206,9,14,4,8.8,0,Thursday,17:06,10.4,17.7,26.5,17,Evening,False
2924,6,12,5,10.0,0,Sunday,18:02,6.8,18.9,17.6,18,Evening,True
3310,5,9,4,11.1,0,Thursday,01:39,6.1,23.1,13.0,1,Night,False
3423,6,9,2,8.4,0,Monday,09:53,8.4,26.6,32.8,9,Morning,False
3142,7,11,3,6.1,0,Saturday,17:39,10.8,17.8,25.7,17,Evening,True
1828,9,16,5,10.3,0,Friday,13:35,10.7,26.0,33.0,13,Afternoon,False
1156,8,12,4,8.2,0,Sunday,17:28,11.3,18.2,23.0,17,Evening,True
1325,12,17,5,13.6,0,Wednesday,12:32,2.9,21.6,46.2,12,Afternoon,False
217,11,15,4,4.4,2,Sunday,13:18,10.6,12.6,22.3,13,Afternoon,True
511,8,11,3,5.9,0,Monday,09:23,7.0,10.2,21.0,9,Morning,False
1681,4,9,5,8.8,0,Tuesday,08:22,3.5,9.3,7.0,8,Morning,False
500,9,14,4,3.5,1,Wednesday,16:55,3.8,0.0,10.9,16,Afternoon,False
3275,13,19,4,7.5,2,Saturday,20:38,10.3,24.6,41.8,20,Evening,True
1857,18,23,4,9.6,1,Thursday,12:11,12.0,23.7,67.4,12,Afternoon,False
1389,10,14,4,9.6,0,Thursday,09:48,9.4,13.6,25.1,9,Morning,False
1520,16,25,6,6.5,1,Friday,21:06,11.4,5.7,26.9,21,Night,False
2387,2,7,3,4.7,1,Wednesday,03:20,6.8,5.0,3.3,3,Night,False
3610,13,17,4,8.4,1,Friday,17:53,16.0,17.3,44.8,17,Evening,False
2077,9,12,3,6.5,0,Monday,17:38,12.0,13.3,31.7,17,Evening,False
1541,5,10,4,9.3,2,Tuesday,20:37,7.3,28.4,29.3,20,Evening,False
1218,9,15,5,5.7,1,Friday,11:03,11.9,6.5,16.0,11,Morning,False
2682,4,8,3,6.6,0,Tuesday,07:40,7.1,18.4,10.5,7,Morning,False
3804,8,11,2,3.7,0,Thursday,15:12,2.6,6.1,20.9,15,Afternoon,False
2994,14,19,4,15.5,0,Tuesday,12:00,12.9,45.5,77.9,12,Afternoon,False
1417,15,19,2,7.5,1,Saturday,11:06,10.4,52.6,103.0,11,Morning,True
2218,10,18,6,7.5,0,Wednesday,21:26,10.1,4.4,14.8,21,Night,False
3331,7,12,4,3.2,3,Thursday,05:30,8.4,4.8,12.5,5,Night,False
1677,5,14,5,9.1,0,Thursday,16:35,11.5,19.7,16.8,16,Afternoon,False
1198,5,12,4,5.3,0,Saturday,01:52,2.3,7.7,6.7,1,Night,True
1543,15,20,5,9.4,0,Friday,13:40,12.2,9.8,44.5,13,Afternoon,False
2961,8,11,3,7.3,1,Sunday,20:02,8.2,14.8,26.9,20,Evening,True
2540,5,8,2,3.3,0,Thursday,11:55,4.1,8.3,10.8,11,Morning,False
954,2,5,3,3.5,0,Saturday,21:58,2.6,5.0,3.9,21,Night,True
3146,7,11,4,5.4,0,Friday,06:29,6.3,7.7,8.5,6,Morning,False
3081,16,21,5,8.1,0,Sunday,12:38,12.1,14.8,33.4,12,Afternoon,True
2636,11,17,6,11.7,0,Saturday,12:26,8.7,12.1,36.6,12,Afternoon,True
751,5,10,4,4.2,0,Monday,03:35,4.9,11.3,2.5,3,Night,False
2706,8,10,2,7.2,0,Wednesday,10:02,10.6,43.7,40.4,10,Morning,False
235,13,17,4,2.0,0,Thursday,14:05,11.2,0.5,6.2,14,Afternoon,False
733,11,16,5,7.2,0,Tuesday,08:30,10.3,11.9,18.0,8,Morning,False
3973,7,10,3,2.1,0,Wednesday,11:00,10.5,6.4,8.7,11,Morning,False
3595,11,16,4,5.0,0,Friday,21:30,9.6,5.5,17.4,21,Night,False
1157,6,13,4,4.6,0,Sunday,13:18,7.1,13.8,5.8,13,Afternoon,True
3410,5,9,4,7.7,0,Tuesday,18:53,5.0,12.0,10.1,18,Evening,False
2446,8,13,4,9.6,0,Friday,09:01,5.3,4.7,21.3,9,Morning,False
2983,14,18,3,5.1,1,Friday,12:45,10.4,6.7,38.4,12,Afternoon,False
1210,5,8,2,7.7,0,Tuesday,23:46,3.7,4.9,10.5,23,Night,False
1066,11,15,3,5.3,1,Friday,19:10,7.6,17.7,31.3,19,Evening,False
2157,6,11,4,10.3,1,Sunday,03:48,6.5,11.0,14.7,3,Night,True
1063,3,7,4,7.4,0,Sunday,01:11,2.4,3.5,3.7,1,Night,True
2617,12,17,5,6.9,1,Sunday,18:31,8.2,14.4,21.7,18,Evening,True
1168,7,11,3,10.6,1,Thursday,10:29,8.6,28.6,37.1,10,Morning,False
3223,5,10,4,6.2,0,Monday,20:05,8.7,0.0,9.4,20,Evening,False
1493,7,11,4,5.5,0,Sunday,08:23,7.2,7.8,6.7,8,Morning,True
2939,12,16,4,8.4,0,Friday,15:02,9.5,21.5,71.9,15,Afternoon,False
2996,15,19,3,6.7,0,Monday,09:41,4.5,9.8,34.9,9,Morning,False
3097,12,18,4,9.6,1,Tuesday,17:13,5.6,1.5,40.2,17,Evening,False
3269,6,13,4,9.2,0,Wednesday,12:54,4.9,17.2,17.8,12,Afternoon,False
3531,7,10,3,5.2,0,Saturday,11:20,5.9,11.9,21.8,11,Morning,True
3141,10,14,4,6.9,0,Sunday,11:26,9.0,10.8,21.1,11,Morning,True
885,4,9,2,10.3,0,Friday,15:16,10.8,24.7,28.1,15,Afternoon,False
144,8,12,4,5.6,1,Monday,16:09,13.8,1.5,18.7,16,Afternoon,False
3906,5,10,2,12.3,0,Sunday,08:43,5.7,47.7,35.1,8,Morning,True
851,14,20,5,8.6,0,Wednesday,09:43,8.2,5.9,27.3,9,Morning,False
2783,8,13,4,5.7,0,Saturday,20:53,9.3,19.3,18.1,20,Evening,True
718,17,21,3,5.4,1,Friday,19:22,11.4,20.7,44.4,19,Evening,False
3978,11,16,4,7.0,1,Thursday,09:47,11.2,26.7,28.4,9,Morning,False
2503,9,15,4,2.0,0,Monday,16:57,7.1,13.5,7.3,16,Afternoon,False
265,4,7,3,10.3,0,Wednesday,04:15,5.0,22.2,10.4,4,Night,False
76,6,9,2,8.4,0,Friday,08:12,7.8,31.6,32.2,8,Morning,False
2493,12,17,4,7.9,1,Sunday,20:58,13.1,21.6,33.5,20,Evening,True
396,7,9,1,11.8,0,Wednesday,08:35,3.2,66.5,86.4,8,Morning,False
3643,14,18,4,8.0,0,Friday,17:59,14.9,14.8,39.5,17,Evening,False
2225,10,12,2,9.1,0,Wednesday,09:20,7.8,26.9,48.6,9,Morning,False
3091,6,10,2,7.8,0,Thursday,06:36,3.1,14.8,18.5,6,Morning,False
3714,8,12,3,7.5,0,Saturday,12:42,12.6,31.0,38.0,12,Afternoon,True
397,13,20,5,9.5,0,Tuesday,08:24,10.3,4.7,25.5,8,Morning,False
1366,13,19,5,9.3,1,Saturday,10:05,12.4,8.3,40.0,10,Morning,True
3304,10,15,5,7.3,0,Friday,20:12,11.1,0.0,19.5,20,Evening,False
1904,10,15,4,8.2,2,Sunday,20:42,12.0,21.9,30.2,20,Evening,True
596,2,8,4,2.0,2,Tuesday,20:17,7.2,0.0,5.6,20,Evening,False
2110,9,13,4,10.3,1,Saturday,18:14,12.4,33.8,43.7,18,Evening,True
1297,6,10,4,7.0,0,Monday,11:51,6.8,6.2,16.9,11,Morning,False
1822,13,21,6,9.4,0,Friday,17:23,11.2,14.6,36.9,17,Evening,False
873,5,11,6,5.3,0,Friday,20:48,15.2,16.1,7.8,20,Evening,False
3436,12,18,6,5.7,0,Saturday,13:26,11.2,12.5,20.3,13,Afternoon,True
3862,6,10,4,8.3,0,Friday,11:02,9.5,17.9,18.4,11,Morning,False
2327,13,18,4,6.1,0,Friday,11:04,6.6,10.8,27.8,11,Morning,False
1549,2,7,3,8.6,0,Sunday,02:39,0.7,14.2,4.0,2,Night,True
37,7,13,4,6.7,2,Sunday,17:36,1.3,8.3,23.8,17,Evening,True
3464,5,9,2,8.0,0,Saturday,22:06,9.8,14.3,16.3,22,Night,True
2711,5,8,3,6.9,0,Friday,02:19,7.6,16.2,12.1,2,Night,False
3341,4,9,3,12.6,0,Saturday,05:03,5.9,23.5,16.6,5,Night,True
2144,10,15,3,2.0,1,Thursday,13:58,5.8,4.5,8.7,13,Afternoon,False
3383,7,13,3,12.8,0,Saturday,04:48,10.3,22.9,34.1,4,Night,True
978,5,9,3,9.6,0,Tuesday,17:11,5.0,29.0,23.2,17,Evening,False
1572,14,20,6,4.2,0,Saturday,17:19,15.3,14.8,14.1,17,Evening,True
1123,11,15,3,3.6,0,Tuesday,10:08,8.4,25.0,20.1,10,Morning,False
2787,10,15,5,7.7,0,Monday,14:25,9.6,0.0,20.1,14,Afternoon,False
2240,10,15,5,6.2,0,Monday,14:24,8.0,9.1,18.0,14,Afternoon,False
2968,17,23,6,6.9,1,Thursday,11:56,9.0,0.0,26.9,11,Morning,False
2505,10,14,4,7.3,1,Tuesday,12:04,9.9,19.0,29.4,12,Afternoon,False
1893,13,18,4,10.7,1,Monday,18:35,11.1,19.3,60.6,18,Evening,False
676,7,12,3,6.0,0,Monday,19:17,8.1,6.6,22.1,19,Evening,False
2809,7,11,3,7.9,0,Wednesday,00:37,3.9,16.7,14.6,0,Night,False
3069,10,15,5,7.8,0,Monday,14:31,8.1,18.0,23.6,14,Afternoon,False
729,6,9,3,8.1,0,Saturday,23:26,2.1,9.0,13.2,23,Night,True
413,16,23,5,7.2,0,Friday,15:45,11.6,11.7,48.2,15,Afternoon,False
3147,8,12,2,12.7,1,Monday,19:30,12.0,38.8,80.2,19,Evening,False
1517,13,18,4,11.8,0,Monday,12:40,7.8,24.0,57.5,12,Afternoon,False
1650,8,11,3,4.8,2,Sunday,14:56,10.5,14.5,20.4,14,Afternoon,True
826,10,17,6,5.1,1,Friday,14:28,13.2,17.4,16.2,14,Afternoon,False
3268,8,17,6,9.4,0,Wednesday,09:42,8.7,9.4,13.3,9,Morning,False
617,15,20,5,8.8,2,Friday,17:59,15.0,21.7,49.9,17,Evening,False
115,7,11,4,8.8,0,Thursday,12:35,8.5,16.3,20.0,12,Afternoon,False
418,9,15,4,7.1,1,Thursday,12:52,9.3,21.5,30.7,12,Afternoon,False
3070,13,19,6,6.8,0,Friday,14:43,14.1,12.1,24.3,14,Afternoon,False
1626,10,15,3,2.6,1,Saturday,09:13,8.3,3.5,10.8,9,Morning,True
3018,11,16,4,3.6,0,Friday,20:06,12.3,14.7,52.9,20,Evening,False
2653,10,17,5,7.3,0,Thursday,09:46,6.5,14.0,19.9,9,Morning,False
3901,9,14,5,7.5,0,Sunday,07:26,6.0,6.0,12.6,7,Morning,True
90,7,11,3,4.4,0,Monday,08:24,8.7,17.9,13.0,8,Morning,False
2897,4,7,2,9.5,0,Thursday,18:28,11.2,34.8,28.5,18,Evening,False
3469,7,12,4,4.7,2,Tuesday,19:26,4.4,0.9,10.0,19,Evening,False
2083,10,15,5,4.2,0,Wednesday,14:56,8.1,14.8,16.8,14,Afternoon,False
754,7,10,3,7.0,0,Tuesday,00:30,6.3,10.6,15.9,0,Night,False
2547,2,6,4,10.3,1,Saturday,08:46,5.4,30.1,15.0,8,Morning,True
3325,9,11,2,4.6,0,Sunday,10:29,7.5,18.3,22.8,10,Morning,True
1631,12,17,4,10.0,0,Wednesday,07:05,4.5,15.0,27.0,7,Morning,False
12,6,11,4,8.4,1,Wednesday,14:57,6.2,14.9,16.8,14,Afternoon,False
2445,13,18,5,8.2,0,Monday,19:22,9.2,22.4,32.6,19,Evening,False
285,9,11,2,7.5,0,Friday,21:43,9.2,27.4,42.1,21,Night,False
1067,10,14,4,9.4,1,Wednesday,15:18,6.8,20.4,34.4,15,Afternoon,False
1192,7,10,3,10.4,0,Monday,19:38,12.6,35.4,39.6,19,Evening,False
1441,6,9,3,9.0,1,Sunday,15:45,6.8,30.7,25.0,15,Afternoon,True
3723,11,16,4,6.0,1,Thursday,12:05,11.8,7.9,26.6,12,Afternoon,False
3718,9,13,4,5.0,0,Sunday,14:58,5.0,14.8,13.5,14,Afternoon,True
2739,10,16,5,9.1,3,Friday,07:36,7.2,12.9,38.3,7,Morning,False
3594,5,11,6,7.5,0,Wednesday,08:30,9.4,9.0,3.1,8,Morning,False
1569,7,13,5,8.5,1,Wednesday,15:51,11.5,14.8,21.3,15,Afternoon,False
2428,15,21,5,6.7,0,Thursday,17:05,12.0,16.2,24.1,17,Evening,False
2738,5,11,4,3.5,0,Tuesday,22:48,5.7,4.3,0.5,22,Night,False
3720,11,16,5,11.9,1,Saturday,19:37,11.7,21.6,46.9,19,Evening,True
1688,7,11,4,7.7,1,Saturday,08:17,4.2,7.0,19.8,8,Morning,True
852,1,5,3,11.1,0,Sunday,03:41,7.5,10.9,0.9,3,Night,True
2208,5,9,3,11.9,0,Monday,09:56,10.8,40.8,29.0,9,Morning,False
896,6,10,3,9.6,0,Wednesday,23:52,5.1,14.2,9.2,23,Night,False
497,5,11,4,6.5,0,Sunday,10:25,3.8,18.3,5.6,10,Morning,True
2306,13,18,4,6.9,0,Friday,18:56,11.5,9.4,33.6,18,Evening,False
1783,7,12,5,8.5,1,Friday,20:48,7.4,15.8,22.7,20,Evening,False
336,5,8,3,5.1,0,Saturday,15:31,12.4,18.5,12.6,15,Afternoon,True
2840,9,16,5,5.5,0,Wednesday,21:23,8.7,11.0,8.1,21,Night,False
3088,5,9,4,8.8,2,Sunday,19:17,5.5,26.0,22.6,19,Evening,True
516,7,11,4,4.7,1,Monday,07:59,11.8,11.2,11.4,7,Morning,False
1349,7,10,3,7.6,0,Sunday,13:35,14.7,15.8,65.0,13,Afternoon,True
1016,8,12,4,7.3,1,Wednesday,20:05,11.3,17.1,22.1,20,Evening,False
2817,10,14,4,7.5,0,Friday,21:04,6.4,17.0,28.3,21,Night,False
3731,4,9,4,10.6,0,Sunday,05:54,4.6,15.2,4.2,5,Night,True
3725,9,14,4,5.0,1,Thursday,20:02,9.1,8.2,18.1,20,Evening,False
2810,10,15,5,9.3,2,Thursday,19:33,8.5,18.0,35.0,19,Evening,False
3295,12,20,5,5.8,1,Tuesday,10:46,8.9,16.8,19.4,10,Morning,False
3252,5,9,3,10.7,0,Sunday,08:25,5.8,15.5,19.5,8,Morning,True
3408,15,19,4,3.5,0,Monday,20:11,9.7,12.7,18.5,20,Evening,False
3968,13,17,3,7.3,0,Sunday,16:22,9.1,14.8,40.6,16,Afternoon,True
1782,10,12,2,9.6,0,Monday,21:43,7.5,44.4,58.5,21,Night,False
2570,8,13,4,6.9,2,Wednesday,20:07,10.1,0.0,25.3,20,Evening,False
1786,9,15,6,8.9,0,Monday,14:30,14.4,15.0,25.7,14,Afternoon,False
2071,4,6,1,5.0,0,Wednesday,09:31,6.5,33.0,22.8,9,Morning,False
357,16,19,1,4.4,0,Monday,16:44,11.8,51.7,103.7,16,Afternoon,False
3787,8,12,4,6.2,0,Sunday,13:57,6.9,16.4,59.1,13,Afternoon,True
3326,4,8,3,6.4,1,Friday,07:09,8.8,22.1,18.1,7,Morning,False
1313,10,16,5,5.3,0,Monday,19:22,13.4,10.6,14.5,19,Evening,False
1636,10,16,5,8.3,2,Friday,14:36,8.7,12.9,32.8,14,Afternoon,False
551,11,14,3,9.4,1,Sunday,07:57,5.2,8.0,35.0,7,Morning,True
2389,10,16,5,6.8,0,Tuesday,03:57,0.4,0.0,9.8,3,Night,False
2480,9,13,4,7.7,1,Wednesday,17:17,8.7,19.8,23.1,17,Evening,False
2522,6,10,3,12.3,0,Wednesday,08:26,5.6,38.1,25.9,8,Morning,False
2266,13,18,2,10.8,0,Tuesday,17:22,13.2,32.6,93.0,17,Evening,False
2960,9,14,5,6.2,0,Sunday,18:04,8.1,0.0,15.9,18,Evening,True
1228,7,12,5,6.0,0,Thursday,19:52,11.6,1.8,10.2,19,Evening,False
3555,7,12,5,2.0,0,Sunday,21:25,4.6,0.3,0.4,21,Night,True
3060,8,13,4,5.8,1,Thursday,19:35,7.2,18.0,19.2,19,Evening,False
958,14,17,3,9.3,0,Friday,19:30,7.5,16.0,59.4,19,Evening,False
1774,12,20,5,11.0,1,Sunday,07:32,15.0,24.9,34.5,7,Morning,True
2142,9,13,3,8.0,0,Thursday,19:42,11.5,17.3,33.9,19,Evening,False
1009,8,13,4,10.7,1,Tuesday,04:02,5.9,9.5,24.6,4,Night,False
3119,8,14,4,6.1,0,Wednesday,07:25,5.5,8.3,8.9,7,Morning,False
1093,11,15,2,9.4,0,Thursday,08:59,6.6,24.0,53.4,8,Morning,False
3546,9,17,5,7.5,0,Thursday,21:49,11.2,0.7,17.9,21,Night,False
3357,9,11,2,7.1,1,Saturday,05:03,2.8,10.1,33.8,5,Night,True
2745,11,19,6,3.8,0,Sunday,19:43,8.6,10.8,8.3,19,Evening,True
3871,9,15,5,9.0,2,Friday,19:42,8.3,8.4,30.7,19,Evening,False
997,8,10,2,9.9,0,Tuesday,10:20,5.5,27.5,45.2,10,Morning,False
1680,5,8,3,12.9,0,Wednesday,09:43,9.3,32.5,23.6,9,Morning,False
154,6,11,3,5.7,0,Friday,22:20,6.0,15.3,11.7,22,Night,False
3148,7,11,4,6.7,0,Tuesday,07:22,9.9,18.9,17.3,7,Morning,False
3695,9,13,2,5.8,0,Friday,20:29,8.3,17.4,39.8,20,Evening,False
2909,6,11,5,6.4,0,Saturday,05:33,2.3,7.4,7.7,5,Night,True
2838,5,9,3,11.5,1,Wednesday,04:03,5.5,18.7,24.1,4,Night,False
581,9,11,2,7.6,0,Saturday,23:04,8.0,19.3,33.3,23,Night,True
1471,15,19,4,9.8,2,Saturday,18:42,13.2,18.3,67.1,18,Evening,True
704,10,17,4,9.8,1,Sunday,17:13,11.7,10.0,34.0,17,Evening,True
1213,6,12,3,5.2,0,Friday,22:47,6.7,5.7,8.5,22,Night,False
3344,5,9,3,6.1,0,Monday,07:59,5.6,20.9,13.7,7,Morning,False
897,18,24,4,8.0,1,Wednesday,10:00,9.6,12.3,43.6,10,Morning,False
3309,7,12,4,10.1,0,Tuesday,08:04,12.6,18.1,17.7,8,Morning,False
488,3,10,5,11.8,1,Thursday,18:17,7.2,19.5,17.1,18,Evening,False
560,14,18,4,4.7,1,Saturday,18:14,10.2,4.2,26.1,18,Evening,True
1142,8,11,3,7.9,0,Wednesday,08:09,5.3,14.5,20.6,8,Morning,False
1120,9,13,4,3.8,1,Wednesday,13:30,8.0,15.4,14.2,13,Afternoon,False
2850,3,6,2,3.4,0,Wednesday,11:19,10.8,10.5,6.5,11,Morning,False
513,6,10,4,7.5,0,Tuesday,18:09,13.2,3.9,14.0,18,Evening,False
634,8,14,4,5.3,1,Monday,10:10,5.2,14.1,19.7,10,Morning,False
3438,7,10,3,5.3,1,Thursday,19:00,8.5,11.6,22.3,19,Evening,False
1665,6,10,3,9.9,1,Tuesday,08:55,6.0,20.4,27.9,8,Morning,False
1013,6,9,3,7.8,1,Sunday,07:07,8.4,15.2,18.1,7,Morning,True
1932,10,15,5,9.9,1,Sunday,14:39,8.8,18.7,25.5,14,Afternoon,True
1151,12,18,5,8.0,0,Tuesday,15:57,13.0,6.3,26.9,15,Afternoon,False
2839,6,12,5,4.7,0,Saturday,18:45,11.3,8.7,11.6,18,Evening,True
3727,14,19,4,10.5,0,Tuesday,11:31,7.6,25.3,49.0,11,Morning,False
117,10,17,5,14.1,1,Wednesday,08:07,10.1,29.4,37.5,8,Morning,False
741,3,9,4,4.1,1,Tuesday,00:51,2.9,6.6,5.5,0,Night,False
3664,13,21,4,13.2,0,Saturday,14:02,10.0,24.3,62.8,14,Afternoon,True
1975,6,13,4,2.1,0,Thursday,03:19,5.6,5.0,3.7,3,Night,False
1082,9,17,4,9.9,0,Tuesday,19:41,10.1,26.1,31.4,19,Evening,False
1811,8,12,4,8.6,1,Tuesday,08:58,7.0,20.5,18.8,8,Morning,False
831,15,19,3,13.6,1,Thursday,17:09,10.7,4.6,88.7,17,Evening,False
120,9,15,4,5.6,1,Wednesday,20:39,9.1,23.3,21.0,20,Evening,False
657,5,12,3,6.5,0,Tuesday,12:04,9.3,16.4,11.2,12,Afternoon,False
3623,13,18,4,8.0,0,Thursday,16:51,11.3,20.0,35.5,16,Afternoon,False
3571,16,21,5,9.9,0,Saturday,14:15,11.1,23.2,49.6,14,Afternoon,True
3890,9,14,4,7.2,1,Friday,21:26,12.5,10.2,24.0,21,Night,False
636,6,13,2,5.9,0,Thursday,19:01,3.4,28.6,24.0,19,Evening,False
370,0,5,3,10.3,1,Monday,22:54,6.5,10.2,10.3,22,Night,False
269,10,18,5,4.4,1,Monday,17:31,10.6,15.4,18.9,17,Evening,False
2704,12,17,5,7.9,1,Wednesday,18:51,12.5,16.2,27.5,18,Evening,False
2984,6,11,4,5.2,3,Tuesday,10:10,8.9,3.1,17.1,10,Morning,False
2871,6,12,5,6.8,0,Thursday,21:56,8.0,15.5,13.1,21,Night,False
2915,12,17,3,5.0,0,Thursday,11:59,8.4,12.5,26.4,11,Morning,False
47,14,20,5,3.2,0,Friday,20:40,10.7,11.8,12.7,20,Evening,False
3422,6,12,5,10.9,2,Tuesday,09:55,6.6,6.5,23.4,9,Morning,False
3685,4,6,2,7.4,0,Sunday,07:02,1.8,10.6,13.8,7,Morning,True
992,12,19,6,7.3,2,Thursday,17:16,10.2,7.4,30.1,17,Evening,False
877,4,9,4,6.1,2,Wednesday,07:29,10.9,4.0,12.4,7,Morning,False
774,7,16,5,7.8,0,Wednesday,11:31,10.6,4.4,12.8,11,Morning,False
1220,11,16,5,6.8,2,Friday,19:48,10.1,17.2,26.0,19,Evening,False
1127,6,9,3,11.6,0,Sunday,15:42,7.9,32.2,39.0,15,Afternoon,True
5,5,9,4,7.5,1,Friday,07:27,9.6,21.9,16.9,7,Morning,False
3052,2,4,2,9.8,0,Sunday,11:26,8.1,31.4,8.8,11,Morning,True
1596,17,24,4,2.5,0,Tuesday,10:38,8.7,0.0,15.2,10,Morning,False
3125,10,14,4,5.2,2,Thursday,21:31,5.3,11.2,21.7,21,Night,False
2312,12,17,5,10.6,0,Tuesday,19:17,16.9,28.3,34.4,19,Evening,False
3041,11,16,4,4.6,0,Friday,11:45,13.9,0.4,15.6,11,Morning,False
3813,12,18,6,8.1,0,Saturday,16:42,13.8,14.8,23.5,16,Afternoon,True
2492,5,12,5,7.0,0,Sunday,10:23,7.9,4.4,9.5,10,Morning,True
3051,13,19,3,5.4,0,Monday,10:39,17.0,17.1,33.3,10,Morning,False
1078,10,15,4,5.8,1,Saturday,12:51,13.4,24.0,30.8,12,Afternoon,True
838,3,7,3,7.5,1,Thursday,14:48,9.5,12.3,9.4,14,Afternoon,False
682,2,5,2,3.5,0,Sunday,22:04,5.5,10.3,2.2,22,Night,True
1716,14,18,4,6.3,0,Thursday,17:48,12.9,10.1,30.0,17,Evening,False
2353,9,13,3,4.9,0,Tuesday,19:08,10.6,19.8,24.8,19,Evening,False
3414,9,14,2,2.0,2,Tuesday,07:12,11.1,2.8,10.1,7,Morning,False
2618,10,16,5,2.0,0,Monday,10:25,10.0,0.0,9.4,10,Morning,False
2362,5,10,5,7.5,1,Tuesday,07:57,7.5,12.6,17.6,7,Morning,False
2198,7,9,2,10.5,0,Wednesday,04:41,3.9,39.4,28.6,4,Night,False
1149,9,13,4,11.8,0,Sunday,07:20,11.8,19.2,44.2,7,Morning,True
3262,5,11,5,5.4,0,Sunday,15:18,14.8,12.0,5.8,15,Afternoon,True
575,3,7,4,5.1,0,Friday,10:26,8.6,21.0,5.4,10,Morning,False
51,4,9,3,2.0,0,Tuesday,22:20,8.4,27.3,5.0,22,Night,False
854,5,11,5,10.8,1,Tuesday,08:17,7.1,11.7,19.0,8,Morning,False
1983,2,7,4,7.4,1,Thursday,20:01,3.9,4.5,5.1,20,Evening,False
2775,8,12,4,6.3,2,Tuesday,10:10,12.4,12.0,19.3,10,Morning,False
1824,6,10,3,11.0,0,Monday,08:05,6.9,21.1,26.7,8,Morning,False
834,11,17,3,7.7,0,Saturday,12:09,8.9,38.1,48.7,12,Afternoon,True
3426,6,10,4,5.4,1,Thursday,09:08,7.5,21.8,12.7,9,Morning,False
1116,6,9,3,3.6,1,Wednesday,18:07,5.4,12.0,10.8,18,Evening,False
1167,3,6,3,7.5,0,Sunday,07:37,6.5,9.9,9.3,7,Morning,True
2519,8,11,3,9.5,1,Saturday,21:21,10.0,17.3,35.5,21,Night,True
1907,3,10,4,5.8,1,Thursday,18:37,5.9,9.3,13.1,18,Evening,False
972,7,10,3,6.3,0,Friday,22:40,8.8,0.3,14.0,22,Night,False
2702,9,12,3,5.1,0,Wednesday,16:06,10.4,16.3,19.8,16,Afternoon,False
400,4,8,4,10.2,1,Monday,20:26,7.1,21.0,20.3,20,Evening,False
2560,9,14,4,11.9,0,Saturday,10:44,7.0,31.2,38.7,10,Morning,True
2369,7,11,4,9.1,0,Thursday,12:28,9.3,0.0,22.8,12,Afternoon,False
20,6,11,4,7.1,0,Saturday,07:29,4.9,15.4,16.8,7,Morning,True
685,9,12,3,2.6,1,Monday,09:41,10.1,0.4,15.1,9,Morning,False
36,9,13,3,8.9,0,Tuesday,22:37,4.0,14.0,21.7,22,Night,False
2951,4,7,2,6.1,2,Sunday,20:27,4.2,29.9,21.7,20,Evening,True
3758,13,19,6,6.9,1,Tuesday,18:15,9.7,5.2,23.5,18,Evening,False
2876,4,9,5,7.1,0,Wednesday,11:03,5.4,6.9,3.4,11,Morning,False
525,12,19,5,8.7,0,Thursday,12:08,11.3,11.9,28.9,12,Afternoon,False
2456,8,15,5,7.9,0,Thursday,12:11,9.1,16.3,15.9,12,Afternoon,False
921,9,14,3,8.8,2,Sunday,13:51,10.6,16.4,47.0,13,Afternoon,True
1842,9,15,4,8.3,1,Friday,16:45,7.5,27.9,30.1,16,Afternoon,False
1891,6,12,4,5.4,0,Saturday,13:50,9.1,18.6,12.9,13,Afternoon,True
538,5,8,2,7.9,0,Sunday,08:59,3.2,24.8,22.2,8,Morning,True
2807,4,9,5,10.6,0,Sunday,08:53,5.9,20.3,9.8,8,Morning,True
1706,5,11,3,10.2,1,Saturday,06:00,5.8,20.6,21.6,6,Morning,True
3888,7,10,3,10.4,1,Tuesday,19:55,3.5,30.2,38.9,19,Evening,False
3111,7,11,3,10.0,0,Tuesday,18:22,11.8,22.5,35.5,18,Evening,False
3248,12,14,2,3.6,1,Monday,19:22,9.1,20.0,31.8,19,Evening,False
246,6,10,4,7.6,0,Thursday,21:49,5.5,14.8,14.0,21,Night,False
3465,7,16,5,7.0,3,Tuesday,10:06,10.7,7.6,21.3,10,Morning,False
3176,12,16,4,7.9,1,Friday,07:00,14.7,8.9,34.4,7,Morning,False
785,13,17,4,11.3,0,Saturday,12:47,14.0,20.6,60.0,12,Afternoon,True
1410,7,13,5,9.2,0,Saturday,05:31,7.1,4.0,11.8,5,Night,True
2538,7,11,3,2.0,0,Wednesday,09:38,5.4,3.3,7.2,9,Morning,False
155,4,10,4,6.2,0,Friday,07:49,10.8,13.8,9.1,7,Morning,False
3010,11,16,4,4.0,0,Monday,09:34,8.3,5.1,14.4,9,Morning,False
1687,8,13,4,6.0,1,Monday,20:11,10.9,17.2,22.9,20,Evening,False
2902,10,16,6,2.4,2,Wednesday,18:44,11.4,9.1,10.4,18,Evening,False
3360,14,20,4,11.1,0,Sunday,15:55,12.4,17.9,44.9,15,Afternoon,True
626,4,9,5,8.5,0,Sunday,14:23,6.5,17.4,12.6,14,Afternoon,True
2734,6,12,3,7.6,1,Thursday,08:09,1.7,24.8,19.0,8,Morning,False
3818,6,8,1,11.0,1,Thursday,09:19,7.5,86.9,86.2,9,Morning,False
1347,8,12,3,7.4,2,Friday,16:46,15.0,9.3,33.8,16,Afternoon,False
570,11,17,4,6.6,0,Sunday,09:59,9.3,2.3,16.7,9,Morning,True
3924,8,14,6,10.9,2,Thursday,17:16,9.2,29.8,32.6,17,Evening,False
1759,6,8,2,9.6,1,Thursday,03:55,7.7,5.6,23.3,3,Night,False
1817,6,11,4,7.2,0,Monday,08:01,13.0,13.6,14.9,8,Morning,False
2066,8,13,3,7.4,0,Wednesday,07:00,1.1,18.0,22.6,7,Morning,False
128,7,12,3,4.3,0,Monday,08:36,9.3,8.4,14.9,8,Morning,False
3395,8,14,4,5.7,0,Sunday,12:36,7.8,17.4,19.0,12,Afternoon,True
3328,9,13,4,9.4,0,Sunday,12:46,3.8,17.7,28.9,12,Afternoon,True
3953,4,9,4,9.6,0,Wednesday,04:24,10.0,4.2,9.4,4,Night,False
2007,6,10,4,12.9,0,Tuesday,06:51,9.2,6.3,18.7,6,Morning,False
2976,7,14,5,9.1,0,Saturday,15:49,8.7,5.9,18.9,15,Afternoon,True
981,12,19,3,10.2,0,Tuesday,06:44,3.0,22.7,33.9,6,Morning,False
3949,8,13,3,9.9,2,Tuesday,13:12,9.6,51.5,50.6,13,Afternoon,False
191,8,12,4,6.1,2,Sunday,11:50,8.8,22.4,23.8,11,Morning,True
1140,10,13,3,4.9,1,Wednesday,09:29,8.3,7.2,22.7,9,Morning,False
993,7,10,3,5.4,0,Friday,14:54,8.2,17.7,21.0,14,Afternoon,False
700,6,12,5,5.0,0,Monday,07:03,9.0,1.7,3.2,7,Morning,False
3624,5,9,4,5.7,0,Tuesday,17:33,3.7,12.5,7.5,17,Evening,False
607,9,12,3,10.1,1,Thursday,15:07,5.5,15.5,43.0,15,Afternoon,False
181,9,13,4,8.8,0,Tuesday,09:28,8.7,13.4,23.0,9,Morning,False
302,10,17,5,4.5,1,Monday,07:51,9.9,1.0,12.8,7,Morning,False
2545,7,12,4,8.4,1,Wednesday,21:54,6.5,16.4,54.0,21,Night,False
3671,9,14,4,5.7,0,Wednesday,18:46,11.3,5.9,14.6,18,Evening,False
3686,10,16,5,7.1,0,Saturday,16:12,12.2,7.9,19.5,16,Afternoon,True
1061,11,17,6,4.1,3,Tuesday,17:34,8.0,0.1,15.6,17,Evening,False
3745,4,9,3,2.0,1,Saturday,05:54,6.2,9.9,8.3,5,Night,True
3820,10,14,3,9.1,0,Sunday,21:11,6.5,12.7,31.7,21,Night,True
2566,6,10,3,3.0,0,Monday,04:23,3.5,1.0,2.0,4,Night,False
3969,3,6,3,5.6,0,Sunday,21:15,7.8,13.8,10.1,21,Night,True
1070,8,14,3,8.3,0,Sunday,09:20,5.0,21.3,23.5,9,Morning,True
2525,5,10,4,11.3,1,Wednesday,10:39,9.2,12.0,23.7,10,Morning,False
2206,9,16,6,6.7,0,Wednesday,20:01,5.8,0.0,13.0,20,Evening,False
1244,13,17,4,8.8,0,Friday,09:51,9.0,17.4,30.0,9,Morning,False
3244,7,14,4,4.7,1,Tuesday,09:25,9.9,14.4,12.3,9,Morning,False
17,9,14,4,3.2,2,Monday,21:42,10.1,7.0,18.8,21,Night,False
3121,6,9,3,7.5,1,Monday,10:42,11.5,18.5,29.6,10,Morning,False
3956,10,16,5,8.8,0,Monday,18:13,9.3,19.9,28.3,18,Evening,False
547,5,9,3,13.1,1,Tuesday,04:16,2.3,23.4,25.7,4,Night,False
659,14,19,4,11.8,0,Thursday,17:35,14.3,27.1,55.5,17,Evening,False
3587,6,8,2,8.0,1,Sunday,05:34,0.0,13.5,24.2,5,Night,True
3068,4,9,4,9.5,2,Saturday,13:39,5.8,25.9,23.5,13,Afternoon,True
3630,7,13,5,10.8,0,Tuesday,17:27,8.9,14.1,20.4,17,Evening,False
1505,8,15,5,2.0,1,Sunday,20:49,9.7,5.4,9.5,20,Evening,True
960,6,11,5,6.8,1,Tuesday,13:19,8.7,13.7,18.5,13,Afternoon,False
2927,11,13,2,6.5,1,Tuesday,08:16,9.8,24.1,41.1,8,Morning,False
2332,11,16,5,7.5,2,Wednesday,13:26,13.8,18.7,51.1,13,Afternoon,False
798,10,15,4,9.5,2,Wednesday,16:05,8.4,16.7,36.8,16,Afternoon,False
3349,11,17,4,8.3,0,Monday,19:06,8.4,26.5,33.2,19,Evening,False
226,4,10,4,6.4,1,Tuesday,15:50,2.4,14.8,14.0,15,Afternoon,False
2075,14,19,4,8.4,0,Wednesday,11:28,8.2,15.0,34.4,11,Morning,False
3355,9,14,4,7.5,0,Tuesday,15:32,10.1,26.8,29.2,15,Afternoon,False
1800,10,14,4,3.3,0,Thursday,21:22,6.0,0.0,8.3,21,Night,False
2486,11,19,5,7.1,2,Thursday,12:21,10.9,25.4,29.4,12,Afternoon,False
3932,9,14,4,7.1,1,Wednesday,08:53,7.6,6.8,20.4,8,Morning,False
3437,10,14,4,12.2,2,Wednesday,19:39,10.7,22.3,53.5,19,Evening,False
2278,7,14,6,5.3,0,Saturday,15:44,6.9,0.0,10.1,15,Afternoon,True
2086,8,13,3,9.9,2,Saturday,09:56,8.5,14.8,47.4,9,Morning,True
1694,11,14,3,4.9,0,Wednesday,14:46,7.4,15.7,25.2,14,Afternoon,False
2798,13,19,6,6.8,0,Saturday,17:18,15.0,15.3,23.6,17,Evening,True
1046,9,14,4,2.4,0,Wednesday,13:16,14.8,0.0,9.5,13,Afternoon,False
3447,8,12,3,7.3,0,Monday,19:44,5.0,14.8,30.3,19,Evening,False
470,12,16,3,5.1,2,Tuesday,18:29,9.1,18.2,37.5,18,Evening,False
955,11,18,5,7.5,1,Thursday,17:54,3.8,18.6,24.9,17,Evening,False
3952,9,14,4,5.3,0,Monday,14:26,7.7,20.8,18.5,14,Afternoon,False
2736,8,14,4,15.6,0,Monday,08:50,9.9,31.8,40.0,8,Morning,False
3827,6,12,5,9.2,0,Friday,17:42,11.5,21.6,23.5,17,Evening,False
640,6,9,2,4.4,0,Friday,17:33,8.6,25.1,21.5,17,Evening,False
3689,9,12,1,4.0,1,Sunday,15:31,10.3,18.1,42.1,15,Afternoon,True
1219,4,9,5,9.3,1,Sunday,17:07,6.5,14.3,13.7,17,Evening,True
1159,12,17,3,9.9,0,Sunday,17:40,17.7,25.8,53.0,17,Evening,True
1416,2,5,2,5.8,0,Wednesday,01:52,5.4,15.7,6.7,1,Night,False
3599,14,20,6,8.3,1,Sunday,17:36,10.1,11.2,26.6,17,Evening,True
1528,5,11,4,9.7,0,Sunday,08:09,8.2,21.6,14.6,8,Morning,True
3878,12,16,4,10.0,1,Thursday,18:11,11.6,13.3,46.1,18,Evening,False
1301,10,13,3,4.8,1,Monday,20:19,6.8,13.3,25.7,20,Evening,False
3806,24,31,6,12.3,1,Saturday,13:43,9.9,25.7,86.1,13,Afternoon,True
2849,10,16,4,6.9,1,Friday,12:10,10.2,11.1,29.4,12,Afternoon,False
1604,13,20,3,2.7,1,Sunday,19:25,10.7,15.5,12.3,19,Evening,True
161,14,19,4,10.5,0,Tuesday,20:45,6.8,23.2,46.7,20,Evening,False
1705,10,14,3,4.6,2,Tuesday,19:27,7.1,7.2,25.3,19,Evening,False
957,10,17,5,8.0,1,Saturday,10:44,10.9,0.0,24.1,10,Morning,True
3235,7,11,3,4.6,0,Saturday,11:19,11.2,20.3,21.2,11,Morning,True
2870,10,14,3,6.0,0,Sunday,11:29,9.0,30.2,24.4,11,Morning,True
3866,3,7,3,8.6,2,Sunday,15:03,8.7,15.1,16.9,15,Afternoon,True
878,13,18,4,4.9,0,Sunday,10:49,7.7,2.8,16.0,10,Morning,True
1920,11,18,6,5.7,3,Tuesday,18:03,8.9,10.6,21.4,18,Evening,False
2962,16,23,4,2.6,0,Saturday,16:08,12.3,11.5,19.6,16,Afternoon,True
1885,5,10,5,12.5,0,Friday,07:58,8.4,20.6,17.3,7,Morning,False
2201,11,17,4,4.1,0,Sunday,09:02,5.3,2.8,10.7,9,Morning,True
99,9,12,3,12.2,0,Monday,23:18,5.3,25.9,30.0,23,Night,False
3755,12,18,5,6.1,2,Tuesday,13:59,16.3,2.4,24.7,13,Afternoon,False
2558,6,10,3,9.7,2,Friday,13:05,9.7,41.4,49.1,13,Afternoon,False
3184,4,7,3,8.6,0,Tuesday,07:14,4.3,26.0,15.6,7,Morning,False
3299,10,17,5,5.7,0,Saturday,12:13,11.7,15.6,20.3,12,Afternoon,True
254,1,5,3,11.2,2,Sunday,20:09,8.8,17.9,14.3,20,Evening,True
104,4,10,4,4.7,1,Sunday,13:17,12.9,3.5,13.7,13,Afternoon,True
1446,8,13,5,4.8,1,Tuesday,13:33,10.4,3.9,15.8,13,Afternoon,False
1444,9,13,4,7.9,0,Sunday,17:04,9.3,13.4,20.3,17,Evening,True
1649,5,9,4,8.4,0,Friday,12:55,11.9,23.0,20.8,12,Afternoon,False
587,9,13,3,10.3,1,Tuesday,07:05,7.3,21.0,39.2,7,Morning,False
628,15,19,3,6.8,0,Wednesday,21:43,11.1,5.4,38.9,21,Night,False
1697,3,8,3,6.7,1,Saturday,22:18,9.5,0.8,10.3,22,Night,True
3192,7,10,2,6.2,0,Thursday,11:27,6.7,26.6,29.3,11,Morning,False
2102,5,9,3,7.1,0,Thursday,13:13,8.7,14.8,19.1,13,Afternoon,False
2200,11,15,4,5.6,3,Saturday,08:00,11.2,16.0,29.1,8,Morning,True
404,5,11,4,13.7,1,Saturday,18:41,10.9,31.5,38.2,18,Evening,True
1155,10,15,4,3.4,1,Thursday,16:22,13.0,8.1,12.4,16,Afternoon,False
2256,7,11,3,3.9,0,Saturday,03:47,6.3,12.2,8.4,3,Night,True
2864,10,15,3,8.5,0,Wednesday,21:07,8.0,13.7,32.2,21,Night,False
1683,12,17,4,7.5,1,Saturday,09:45,12.3,38.4,52.4,9,Morning,True
3171,7,12,4,5.5,0,Tuesday,10:27,3.3,9.6,11.6,10,Morning,False
3729,11,15,4,8.8,1,Sunday,15:54,5.6,19.5,35.4,15,Afternoon,True
2057,9,14,3,7.8,0,Thursday,08:23,7.8,18.7,21.4,8,Morning,False
3063,5,8,3,5.3,0,Tuesday,17:47,8.7,19.4,15.1,17,Evening,False
3777,4,8,3,6.6,0,Sunday,10:53,8.7,11.3,7.8,10,Morning,True
3109,8,14,3,9.6,0,Thursday,08:25,6.0,19.4,25.9,8,Morning,False
453,10,16,6,8.8,0,Saturday,13:43,11.3,1.7,25.3,13,Afternoon,True
2302,8,15,5,4.0,2,Friday,15:39,8.2,10.1,15.5,15,Afternoon,False
1328,6,11,5,7.1,1,Wednesday,19:12,11.3,11.9,20.3,19,Evening,False
2945,7,12,4,9.8,0,Sunday,14:52,5.2,19.2,18.3,14,Afternoon,True
2050,7,11,4,5.3,2,Tuesday,13:52,14.4,5.7,23.3,13,Afternoon,False
881,11,16,5,10.0,2,Thursday,20:35,7.9,24.7,37.6,20,Evening,False
3872,10,16,2,7.8,1,Monday,16:51,9.1,38.3,66.0,16,Afternoon,False
624,7,13,5,5.4,0,Thursday,11:23,8.7,11.0,14.3,11,Morning,False
2394,11,17,5,6.3,0,Tuesday,14:14,7.4,12.8,46.2,14,Afternoon,False
3678,7,10,3,10.3,0,Tuesday,18:47,4.8,32.2,36.2,18,Evening,False
1788,11,16,4,10.1,0,Monday,13:15,12.9,44.7,46.7,13,Afternoon,False
263,6,14,5,2.0,3,Sunday,07:25,3.9,0.0,2.8,7,Morning,True
1635,13,19,5,9.4,0,Saturday,17:09,11.0,7.7,35.9,17,Evening,True
3370,11,17,4,8.1,0,Monday,21:50,9.5,18.9,27.2,21,Night,False
1439,11,18,6,7.5,0,Sunday,14:51,11.7,8.0,20.3,14,Afternoon,True
2199,8,13,5,8.3,3,Wednesday,00:24,8.0,12.7,56.1,0,Night,False
1970,10,13,2,5.8,1,Sunday,14:26,2.8,17.6,39.3,14,Afternoon,True
2521,13,17,2,6.1,2,Tuesday,20:28,13.0,25.0,54.4,20,Evening,False
1803,6,10,3,6.6,0,Sunday,20:25,9.9,22.1,12.8,20,Evening,True
641,15,19,3,5.6,3,Thursday,13:38,7.0,7.6,45.8,13,Afternoon,False
3967,7,11,4,7.0,0,Wednesday,12:39,12.4,16.1,16.2,12,Afternoon,False
2386,16,21,4,9.7,1,Monday,16:30,11.8,26.4,58.9,16,Afternoon,False
2599,8,13,4,7.5,0,Monday,07:17,6.5,3.3,17.2,7,Morning,False
3759,7,17,6,4.7,0,Friday,08:56,2.9,9.8,5.6,8,Morning,False
1960,12,16,3,7.3,2,Wednesday,20:37,9.0,25.8,40.8,20,Evening,False
2977,9,13,3,5.4,0,Thursday,20:27,11.2,16.0,21.4,20,Evening,False
489,3,7,3,4.0,0,Sunday,13:06,1.5,15.8,5.1,13,Afternoon,True
1844,8,13,4,8.4,3,Monday,01:24,7.1,10.3,27.9,1,Night,False
1735,5,10,2,11.7,1,Monday,14:50,10.8,35.8,49.9,14,Afternoon,False
2912,13,18,5,8.5,1,Tuesday,09:47,12.2,9.1,31.9,9,Morning,False
3220,6,11,4,9.3,0,Tuesday,11:11,9.4,11.9,21.1,11,Morning,False
147,15,22,5,7.8,0,Monday,18:14,11.8,2.8,32.1,18,Evening,False
1535,9,14,5,2.0,0,Saturday,07:34,5.6,11.3,2.5,7,Morning,True
1987,3,11,4,6.7,0,Saturday,10:46,6.2,7.0,6.9,10,Morning,True
1370,3,5,2,5.9,0,Friday,16:37,6.8,23.3,21.5,16,Afternoon,False
2451,13,21,5,7.0,0,Wednesday,15:21,10.2,6.7,22.1,15,Afternoon,False
3897,18,23,4,7.6,3,Wednesday,19:42,15.7,0.2,61.2,19,Evening,False
3003,8,14,5,8.0,0,Monday,18:17,8.5,23.5,24.4,18,Evening,False
2812,7,11,4,8.1,0,Monday,21:17,11.9,17.6,21.6,21,Night,False
660,6,10,4,10.2,1,Friday,19:46,13.6,28.7,30.1,19,Evening,False
1795,10,16,4,9.9,2,Monday,13:02,10.6,28.0,77.9,13,Afternoon,False
3421,13,19,5,6.2,0,Tuesday,15:38,7.6,2.3,20.2,15,Afternoon,False
2512,11,16,5,8.2,2,Tuesday,19:14,11.3,16.3,31.6,19,Evening,False
3398,8,11,3,7.3,1,Friday,15:10,8.4,29.6,30.1,15,Afternoon,False
187,16,20,4,5.1,1,Tuesday,18:47,14.2,7.2,33.2,18,Evening,False
1148,7,9,2,10.1,1,Friday,00:13,7.7,16.6,34.1,0,Night,False
3273,5,7,2,6.5,0,Saturday,09:30,7.7,18.6,23.7,9,Morning,True
609,5,10,3,5.5,0,Thursday,17:16,6.7,9.1,11.4,17,Evening,False
2192,8,13,4,7.5,0,Sunday,07:41,4.7,14.8,15.2,7,Morning,True
2800,10,14,3,6.4,0,Monday,08:14,7.8,11.7,47.3,8,Morning,False
3583,11,17,4,6.4,0,Friday,02:00,8.7,0.0,12.3,2,Night,False
1931,9,16,6,7.8,0,Thursday,11:32,15.3,2.2,16.1,11,Morning,False
3030,18,22,3,11.7,1,Saturday,19:52,8.8,35.1,111.4,19,Evening,True
198,15,18,3,5.4,1,Sunday,09:28,7.8,12.3,25.2,9,Morning,True
3682,6,10,3,3.9,2,Friday,10:52,9.9,13.8,11.4,10,Morning,False
2932,12,19,6,14.3,1,Monday,13:07,8.2,24.0,50.6,13,Afternoon,False
2328,9,13,3,7.1,0,Friday,03:57,8.0,12.8,22.0,3,Night,False
294,10,16,4,7.5,2,Wednesday,19:56,9.3,27.7,42.0,19,Evening,False
767,5,10,4,8.6,1,Sunday,08:15,8.7,12.9,14.1,8,Morning,True
401,8,11,3,7.5,2,Monday,08:09,11.5,19.0,62.2,8,Morning,False
123,9,13,4,5.3,1,Monday,19:11,8.1,20.5,17.4,19,Evening,False
3256,10,16,6,2.4,1,Wednesday,19:03,8.5,3.5,7.3,19,Evening,False
203,8,12,4,8.4,1,Tuesday,15:01,11.0,19.7,27.9,15,Afternoon,False
3511,6,12,5,9.8,1,Saturday,18:28,8.7,27.3,25.1,18,Evening,True
836,15,22,6,10.3,1,Saturday,11:46,15.3,10.6,47.0,11,Morning,True
2295,13,17,4,9.0,1,Friday,12:31,12.0,11.7,47.7,12,Afternoon,False
1440,11,16,5,8.0,1,Saturday,20:14,12.6,6.4,26.2,20,Evening,True
1734,9,15,4,6.3,0,Saturday,11:02,9.7,8.6,19.5,11,Morning,True
1696,15,20,3,5.3,0,Friday,13:54,10.5,24.6,44.8,13,Afternoon,False
3885,8,13,4,12.6,0,Tuesday,01:39,4.1,14.9,20.6,1,Night,False
1708,6,11,4,3.5,1,Sunday,13:00,5.7,15.3,9.9,13,Afternoon,True
3864,16,23,4,7.7,1,Wednesday,11:20,12.2,16.7,45.2,11,Morning,False
1154,15,19,4,9.8,0,Tuesday,14:50,8.6,18.8,48.6,14,Afternoon,False
1662,11,16,3,13.0,0,Thursday,10:27,6.2,22.7,56.2,10,Morning,False
3475,7,11,4,3.2,1,Wednesday,16:53,3.9,14.8,6.9,16,Afternoon,False
2433,8,13,4,6.8,1,Tuesday,14:22,7.4,9.6,24.5,14,Afternoon,False
3737,3,7,3,11.0,0,Thursday,16:16,7.3,23.0,17.6,16,Afternoon,False
1760,8,13,5,3.8,1,Friday,13:24,9.7,10.1,10.9,13,Afternoon,False
855,12,16,4,6.0,0,Thursday,19:54,11.3,28.5,26.9,19,Evening,False
1590,19,26,5,9.7,1,Friday,15:38,11.4,16.2,54.9,15,Afternoon,False
2268,9,14,4,5.2,0,Friday,21:14,5.9,0.0,9.0,21,Night,False
642,11,15,1,3.1,0,Monday,07:39,7.0,10.4,42.9,7,Morning,False
2,6,11,5,11.1,2,Friday,03:10,3.7,18.3,24.6,3,Night,False
2161,11,18,6,7.7,0,Saturday,15:36,13.4,13.4,23.7,15,Afternoon,True
699,9,12,3,11.2,0,Tuesday,22:00,4.6,7.9,29.4,22,Night,False
3898,4,8,4,7.9,0,Wednesday,15:11,5.8,5.5,6.6,15,Afternoon,False
3000,11,17,5,3.8,1,Wednesday,17:26,8.1,13.5,11.9,17,Evening,False
3697,14,22,6,9.5,0,Tuesday,19:54,9.8,11.6,29.3,19,Evening,False
1637,8,14,5,7.6,1,Monday,19:08,3.5,24.6,25.2,19,Evening,False
3185,11,16,4,3.8,2,Sunday,08:31,10.2,1.7,13.3,8,Morning,True
3459,9,13,3,10.3,1,Saturday,14:15,9.7,21.9,51.7,14,Afternoon,True
3458,9,14,4,5.9,2,Monday,14:07,18.3,23.1,30.0,14,Afternoon,False
3582,11,15,3,10.1,1,Saturday,21:44,15.4,35.9,55.0,21,Night,True
1292,12,14,2,10.6,2,Thursday,13:18,8.2,40.4,104.9,13,Afternoon,False
3791,15,20,5,9.6,1,Wednesday,17:18,9.3,18.4,42.0,17,Evening,False
2490,7,12,5,6.7,0,Thursday,14:32,12.8,8.9,18.1,14,Afternoon,False
1521,8,15,3,8.5,1,Tuesday,07:19,9.4,28.2,31.3,7,Morning,False
1854,14,18,3,7.8,1,Saturday,21:41,9.8,26.4,51.2,21,Night,True
1137,6,13,5,5.3,0,Monday,05:27,8.2,3.4,8.0,5,Night,False
3305,8,12,3,5.9,1,Thursday,15:17,4.3,11.3,23.0,15,Afternoon,False
3848,11,16,5,8.8,0,Wednesday,14:08,9.4,18.7,27.5,14,Afternoon,False
1632,6,10,4,5.0,0,Thursday,14:42,5.9,20.6,12.5,14,Afternoon,False
3446,6,10,3,10.2,2,Thursday,14:07,8.9,32.5,40.7,14,Afternoon,False
1999,2,5,3,13.2,0,Wednesday,21:58,4.5,33.9,9.9,21,Night,False
664,9,12,2,5.3,0,Saturday,10:45,13.7,10.2,29.3,10,Morning,True
684,6,12,3,7.3,0,Thursday,17:12,5.3,30.4,20.1,17,Evening,False
1258,13,19,5,11.4,0,Tuesday,19:58,8.7,13.1,36.5,19,Evening,False
3752,7,11,3,5.0,0,Sunday,11:02,8.0,19.8,12.2,11,Morning,True
318,13,15,2,3.9,1,Tuesday,18:01,8.3,21.8,36.3,18,Evening,False
649,14,20,5,12.1,0,Monday,16:16,12.6,21.0,50.2,16,Afternoon,False
1435,11,14,3,6.2,0,Saturday,11:37,11.7,15.3,33.7,11,Morning,True
1480,7,12,4,12.6,0,Wednesday,13:20,13.0,33.3,30.4,13,Afternoon,False
710,9,16,5,8.2,0,Saturday,14:58,10.3,7.0,23.5,14,Afternoon,True
3431,7,14,6,9.2,1,Saturday,11:09,12.5,20.4,21.2,11,Morning,True
1283,12,17,5,8.1,0,Tuesday,07:15,8.0,12.0,21.2,7,Morning,False
1769,10,14,4,6.4,1,Monday,19:59,8.5,12.1,29.2,19,Evening,False
973,10,16,3,6.9,0,Tuesday,16:44,10.5,19.0,30.2,16,Afternoon,False
2676,12,18,5,10.2,0,Wednesday,18:29,8.7,12.4,33.4,18,Evening,False
2681,10,14,2,9.8,0,Wednesday,17:56,10.1,30.2,66.7,17,Evening,False
1307,11,16,4,6.6,2,Wednesday,13:45,9.3,11.2,32.0,13,Afternoon,False
1401,7,12,4,5.9,0,Saturday,08:13,9.4,15.6,15.8,8,Morning,True
1409,5,11,5,7.0,0,Sunday,15:15,8.0,18.4,12.4,15,Afternoon,True
3297,7,10,3,5.0,0,Sunday,14:51,10.9,11.8,13.8,14,Afternoon,True
2238,10,18,4,9.6,0,Saturday,09:10,7.5,25.4,31.1,9,Morning,True
3303,9,15,4,6.8,1,Tuesday,12:23,10.7,20.4,28.1,12,Afternoon,False
1497,8,12,4,10.9,0,Tuesday,10:11,12.2,28.9,27.0,10,Morning,False
3420,5,9,3,10.2,1,Sunday,07:53,3.8,20.0,18.3,7,Morning,True
2039,11,16,5,8.3,0,Monday,12:54,7.9,19.1,33.7,12,Afternoon,False
1530,3,7,3,2.3,0,Thursday,05:11,9.4,3.2,3.1,5,Night,False
1664,8,14,3,5.0,1,Saturday,10:37,6.9,16.9,25.1,10,Morning,True
1355,5,11,4,2.0,1,Monday,16:19,8.4,0.0,5.8,16,Afternoon,False
3881,9,14,4,9.9,1,Sunday,21:33,5.3,25.9,29.2,21,Night,True
3908,6,10,4,6.0,1,Wednesday,18:42,10.4,19.5,19.8,18,Evening,False
3628,4,9,4,9.6,0,Monday,08:44,5.7,22.6,12.2,8,Morning,False
1644,14,20,5,2.0,0,Saturday,17:20,12.7,0.2,8.4,17,Evening,True
1052,11,17,5,10.0,0,Saturday,11:36,10.5,26.6,34.6,11,Morning,True
796,11,14,3,4.7,0,Wednesday,20:17,9.6,10.4,20.5,20,Evening,False
2694,6,9,3,4.6,0,Tuesday,20:11,7.5,20.2,14.0,20,Evening,False
3061,8,11,3,8.6,0,Sunday,09:24,7.9,13.1,27.0,9,Morning,True
1598,7,10,3,7.0,0,Friday,19:23,7.3,21.9,20.7,19,Evening,False
2605,12,16,3,9.2,0,Sunday,07:36,8.8,21.3,37.8,7,Morning,True
2730,6,12,5,11.7,1,Monday,08:07,11.3,20.9,24.1,8,Morning,False
2626,7,11,2,8.6,1,Saturday,09:43,7.1,13.6,44.6,9,Morning,True
1820,2,6,2,6.2,0,Wednesday,03:16,7.2,18.6,10.2,3,Night,False
3158,8,12,2,6.7,1,Wednesday,17:33,11.8,17.5,37.1,17,Evening,False
3315,9,15,4,7.3,0,Sunday,07:09,11.0,7.0,16.9,7,Morning,True
1723,7,12,4,8.4,1,Monday,10:46,9.2,15.8,23.9,10,Morning,False
1184,12,18,5,9.2,0,Saturday,14:54,15.2,4.1,34.5,14,Afternoon,True
2573,5,11,5,10.1,1,Thursday,07:40,5.1,7.0,15.2,7,Morning,False
1060,9,14,5,8.8,1,Saturday,12:39,6.4,14.2,31.2,12,Afternoon,True
541,11,15,3,11.4,0,Saturday,07:12,8.2,31.9,52.1,7,Morning,True
3243,9,14,5,10.8,0,Thursday,20:23,10.2,17.8,23.1,20,Evening,False
1679,7,11,4,7.5,0,Saturday,12:14,3.5,17.4,16.6,12,Afternoon,True
2797,6,11,4,9.9,0,Tuesday,18:32,7.6,31.0,23.6,18,Evening,False
3836,8,12,2,13.6,1,Wednesday,05:08,7.2,25.9,50.6,5,Night,False
3479,7,11,3,6.5,0,Tuesday,08:13,10.1,17.6,23.5,8,Morning,False
2533,7,13,5,3.9,1,Saturday,17:59,8.7,8.3,7.1,17,Evening,True
1758,5,9,4,4.3,0,Saturday,09:32,6.4,3.6,11.0,9,Morning,True
1924,10,14,4,10.8,0,Thursday,03:54,8.7,23.9,23.9,3,Night,False
96,5,11,5,5.8,0,Thursday,09:20,9.6,14.7,8.5,9,Morning,False
1021,11,16,4,8.6,0,Friday,17:26,11.0,15.2,31.2,17,Evening,False
564,16,21,5,5.8,1,Saturday,09:55,11.0,5.9,25.9,9,Morning,True
3313,11,16,3,4.4,1,Sunday,15:20,8.7,20.0,20.3,15,Afternoon,True
2791,8,12,3,5.1,0,Monday,07:41,9.3,3.5,26.1,7,Morning,False
864,9,15,6,7.9,1,Saturday,09:15,5.4,11.3,22.5,9,Morning,True
3647,6,13,4,12.3,1,Tuesday,12:42,8.8,27.2,32.9,12,Afternoon,False
3763,7,14,5,3.7,1,Tuesday,08:41,9.2,0.0,8.9,8,Morning,False
1485,5,8,3,8.1,0,Thursday,09:24,5.2,24.2,18.2,9,Morning,False
2940,7,12,4,3.9,0,Wednesday,19:15,9.1,12.4,11.1,19,Evening,False
3626,5,10,4,7.0,0,Saturday,14:21,13.2,7.1,16.0,14,Afternoon,True
1882,7,11,3,10.7,0,Wednesday,20:47,4.6,33.4,52.4,20,Evening,False
1039,7,12,5,4.1,0,Saturday,10:57,8.6,0.0,7.4,10,Morning,True
207,8,13,4,8.0,1,Saturday,17:17,10.0,25.7,28.7,17,Evening,True
393,4,7,3,8.4,0,Tuesday,00:38,10.3,9.3,7.6,0,Night,False
2843,1,5,3,7.9,1,Wednesday,17:45,4.7,26.3,11.1,17,Evening,False
871,11,15,4,11.0,0,Tuesday,14:50,13.0,15.2,42.0,14,Afternoon,False
398,6,11,3,10.4,0,Sunday,07:31,6.0,20.3,16.5,7,Morning,True
2815,3,9,5,9.3,1,Wednesday,18:35,9.3,0.2,11.9,18,Evening,False
3825,13,18,4,10.0,0,Wednesday,11:43,9.9,14.8,41.6,11,Morning,False
3290,7,9,2,4.6,0,Friday,17:01,1.9,18.5,61.8,17,Evening,False
1029,9,15,5,11.0,1,Saturday,07:24,16.1,14.4,36.5,7,Morning,True
2691,8,13,2,8.8,1,Friday,05:19,4.8,5.2,36.2,5,Night,False
1486,6,10,3,4.8,0,Thursday,07:39,4.4,6.4,16.3,7,Morning,False
2661,3,6,2,9.8,0,Wednesday,05:43,4.9,27.2,14.0,5,Night,False
3811,10,14,3,7.9,1,Monday,18:05,6.8,31.6,44.7,18,Evening,False
961,14,21,5,9.1,2,Monday,14:34,8.9,4.6,41.7,14,Afternoon,False
1571,13,17,4,3.7,0,Wednesday,12:34,7.0,6.6,17.1,12,Afternoon,False
2774,11,15,3,2.7,0,Sunday,10:47,7.8,0.0,8.2,10,Morning,True
1896,10,16,5,4.8,0,Friday,16:27,10.8,12.1,18.1,16,Afternoon,False
2732,12,16,4,8.8,0,Thursday,18:49,9.3,9.7,36.5,18,Evening,False
2147,13,18,3,7.0,0,Saturday,21:58,8.5,18.1,36.5,21,Night,True
805,6,10,4,7.4,0,Thursday,11:00,9.6,5.5,13.2,11,Morning,False
1752,3,8,4,6.5,0,Wednesday,16:33,10.7,8.3,8.0,16,Afternoon,False
3646,8,13,4,13.1,0,Wednesday,09:34,2.7,20.4,29.1,9,Morning,False
2455,4,10,4,6.4,1,Friday,23:13,2.8,14.8,5.5,23,Night,False
503,5,9,3,8.7,0,Thursday,01:10,0.0,16.0,13.1,1,Night,False
3120,14,19,4,6.4,0,Friday,18:22,9.9,0.0,31.3,18,Evening,False
3105,6,13,4,7.2,1,Tuesday,18:42,10.0,18.5,18.8,18,Evening,False
2978,9,15,5,7.4,1,Wednesday,19:35,16.9,19.3,23.7,19,Evening,False
780,12,18,6,10.7,2,Sunday,12:35,12.3,15.4,38.6,12,Afternoon,True
1864,12,16,3,6.1,0,Monday,19:07,6.0,0.6,36.4,19,Evening,False
201,8,12,3,4.3,2,Wednesday,10:56,2.4,13.0,18.9,10,Morning,False
2183,11,15,4,5.8,0,Friday,09:14,10.0,6.7,21.7,9,Morning,False
3100,12,21,5,9.5,0,Sunday,16:55,7.4,7.0,22.4,16,Afternoon,True
2089,13,18,5,8.6,1,Sunday,20:16,12.0,11.5,23.4,20,Evening,True
3066,7,14,4,6.1,0,Tuesday,09:02,10.2,8.2,15.8,9,Morning,False
2279,9,15,5,10.0,2,Thursday,12:21,11.9,21.1,39.8,12,Afternoon,False
3562,8,10,2,10.0,0,Wednesday,10:42,9.7,33.3,47.6,10,Morning,False
1797,9,15,5,6.9,1,Monday,17:11,16.1,3.8,17.6,17,Evening,False
379,7,11,3,4.9,1,Sunday,14:15,9.6,17.4,18.9,14,Afternoon,True
2337,4,8,3,7.9,1,Sunday,13:28,9.0,18.6,20.4,13,Afternoon,True
419,17,25,6,5.3,1,Friday,12:00,14.7,8.4,24.3,12,Afternoon,False
1699,7,11,3,2.4,1,Monday,10:02,6.0,7.6,3.5,10,Morning,False
392,1,5,3,11.1,0,Sunday,07:58,4.1,12.5,4.7,7,Morning,True
2641,4,8,3,13.9,0,Sunday,14:52,9.5,34.4,29.7,14,Afternoon,True
1523,3,9,3,12.2,1,Thursday,18:34,10.2,38.2,28.6,18,Evening,False
1163,4,7,3,10.5,0,Thursday,13:05,8.0,29.2,23.6,13,Afternoon,False
3135,5,9,3,8.7,0,Sunday,05:28,6.1,10.7,9.6,5,Night,True
1496,7,11,3,10.6,0,Tuesday,15:21,3.5,31.5,31.9,15,Afternoon,False
2696,12,17,4,7.2,2,Thursday,19:21,10.3,14.4,36.5,19,Evening,False
2028,13,21,4,5.2,0,Wednesday,11:12,7.4,2.7,36.3,11,Morning,False
1153,15,21,5,11.0,0,Saturday,17:46,13.2,16.1,49.4,17,Evening,True
1368,12,17,4,8.5,1,Wednesday,14:54,10.0,35.3,69.8,14,Afternoon,False
2569,7,11,4,8.3,0,Tuesday,21:03,8.7,10.3,14.7,21,Night,False
65,10,14,4,5.2,2,Wednesday,10:57,4.7,8.0,19.4,10,Morning,False
2063,6,15,6,10.5,0,Tuesday,17:34,7.9,19.7,13.5,17,Evening,False
1181,7,11,4,5.4,1,Wednesday,19:30,11.2,11.1,11.0,19,Evening,False
3113,11,15,3,7.5,2,Tuesday,05:19,5.9,0.0,11.7,5,Night,False
493,11,17,5,7.3,0,Monday,16:33,9.6,9.5,21.7,16,Afternoon,False
380,14,18,4,5.2,0,Tuesday,17:39,7.8,0.0,22.3,17,Evening,False
2236,15,19,4,8.3,1,Monday,18:22,6.4,16.3,50.2,18,Evening,False
764,10,13,3,3.6,0,Friday,13:53,13.5,7.2,16.7,13,Afternoon,False
2265,6,14,5,2.9,3,Friday,14:17,8.7,6.5,7.1,14,Afternoon,False
792,5,6,1,7.7,1,Sunday,23:47,4.6,39.4,36.2,23,Night,True
1077,5,11,4,5.6,1,Sunday,19:43,9.5,4.0,41.8,19,Evening,True
879,8,15,5,9.9,1,Wednesday,09:21,7.7,22.2,26.7,9,Morning,False
338,13,16,2,10.7,2,Tuesday,17:04,9.4,34.3,98.3,17,Evening,False
3821,9,14,5,11.1,2,Sunday,14:53,11.7,8.6,35.7,14,Afternoon,True
2768,10,15,3,8.5,1,Wednesday,17:53,7.0,21.0,41.3,17,Evening,False
3797,7,12,3,7.7,0,Wednesday,11:28,8.1,26.0,22.5,11,Morning,False
2344,11,17,4,8.4,1,Thursday,17:25,11.5,12.1,39.6,17,Evening,False
3774,6,11,5,7.5,0,Wednesday,10:05,10.4,16.4,19.7,10,Morning,False
1017,12,16,4,8.0,1,Friday,10:44,14.8,1.4,31.2,10,Morning,False
1276,6,11,5,5.6,1,Saturday,20:27,10.4,12.2,10.3,20,Evening,True
3799,4,9,2,3.4,0,Thursday,16:38,5.8,6.0,7.0,16,Afternoon,False
3534,23,29,6,11.3,0,Saturday,15:17,12.2,31.6,64.3,15,Afternoon,True
456,12,16,3,12.5,0,Wednesday,13:23,9.3,37.2,69.6,13,Afternoon,False
3343,12,17,5,3.8,1,Monday,14:21,12.0,1.1,12.7,14,Afternoon,False
816,6,10,4,5.6,1,Monday,10:43,3.4,9.1,15.2,10,Morning,False
2318,10,15,5,4.8,0,Monday,21:53,12.1,9.1,15.9,21,Night,False
996,11,14,2,7.2,0,Thursday,07:35,7.2,13.8,43.2,7,Morning,False
1982,11,15,4,7.2,1,Monday,07:16,9.6,13.5,28.5,7,Morning,False
202,8,13,3,12.8,0,Thursday,17:23,7.5,27.5,45.8,17,Evening,False
162,9,14,4,9.8,1,Wednesday,16:26,12.6,12.2,34.0,16,Afternoon,False
1580,11,18,5,9.1,0,Wednesday,13:50,8.3,20.3,28.2,13,Afternoon,False
2778,8,15,3,9.3,1,Saturday,06:59,6.8,20.0,33.8,6,Morning,True
2450,10,16,4,5.9,0,Monday,09:17,9.0,1.2,16.0,9,Morning,False
703,10,16,5,8.1,1,Saturday,14:50,9.0,27.3,30.3,14,Afternoon,True
1501,2,7,5,8.7,1,Saturday,11:54,8.2,18.7,12.3,11,Morning,True
3844,7,12,4,9.4,0,Wednesday,16:28,9.2,16.6,18.0,16,Afternoon,False
1130,6,11,4,8.0,0,Saturday,15:43,11.5,9.6,15.3,15,Afternoon,True
2614,11,16,2,7.6,0,Monday,13:55,8.2,29.1,68.8,13,Afternoon,False
3462,6,10,4,6.4,1,Thursday,15:30,8.2,17.2,15.0,15,Afternoon,False
1022,11,14,2,8.9,1,Thursday,21:00,8.9,21.6,57.0,21,Night,False
3074,8,13,3,4.3,0,Saturday,04:40,3.8,3.6,12.8,4,Night,True
3460,8,10,2,6.3,1,Sunday,20:14,7.0,30.3,32.9,20,Evening,True
1586,7,10,2,9.4,1,Saturday,02:11,8.0,22.0,35.3,2,Night,True
1956,7,12,3,6.1,0,Friday,07:47,10.0,12.9,14.6,7,Morning,False
3153,8,14,4,7.5,1,Sunday,12:57,10.9,17.5,26.0,12,Afternoon,True
2254,6,10,3,7.8,0,Friday,07:16,9.9,28.3,21.1,7,Morning,False
35,14,20,5,8.6,0,Monday,17:39,11.0,11.1,37.0,17,Evening,False
776,7,10,3,11.3,1,Thursday,17:09,10.7,29.7,42.6,17,Evening,False
2557,10,16,4,3.6,0,Wednesday,11:55,15.0,0.7,15.5,11,Morning,False
3500,8,12,4,9.1,0,Thursday,09:59,5.8,14.9,23.1,9,Morning,False
1479,9,13,4,5.7,0,Sunday,09:19,4.6,10.8,12.7,9,Morning,True
3004,10,14,3,6.5,0,Thursday,18:27,9.5,23.1,33.7,18,Evening,False
1391,8,11,3,10.5,0,Monday,10:45,4.5,33.6,40.5,10,Morning,False
2140,8,12,3,5.8,3,Sunday,20:47,13.7,14.2,29.2,20,Evening,True
1364,10,15,5,4.4,0,Sunday,19:14,0.7,4.6,11.1,19,Evening,True
2946,5,9,4,6.9,1,Sunday,12:25,6.2,16.1,13.3,12,Afternoon,True
2613,7,10,3,7.5,1,Tuesday,05:20,1.3,11.1,15.6,5,Night,False
3418,4,7,2,6.3,1,Sunday,21:32,7.7,16.4,17.1,21,Night,True
2825,8,12,4,8.4,0,Tuesday,16:50,4.2,18.9,18.1,16,Afternoon,False
2042,12,17,4,8.5,0,Thursday,20:19,13.8,12.9,30.5,20,Evening,False
242,9,14,4,7.7,0,Saturday,07:02,7.5,21.3,21.8,7,Morning,True
2062,6,11,5,8.0,1,Wednesday,12:38,7.0,19.5,21.5,12,Afternoon,False
2364,7,13,4,7.0,2,Monday,17:06,7.9,25.3,32.2,17,Evening,False
601,9,13,4,8.9,1,Friday,13:10,7.9,22.9,32.6,13,Afternoon,False
2436,10,15,4,8.2,0,Tuesday,17:26,9.8,19.7,29.0,17,Evening,False
1298,10,15,5,4.5,0,Saturday,18:53,13.9,4.3,15.6,18,Evening,True
2215,15,21,4,7.8,2,Saturday,17:51,8.3,1.2,52.6,17,Evening,True
2889,2,7,3,5.9,0,Wednesday,08:06,4.5,14.8,5.8,8,Morning,False
2069,4,8,4,10.3,0,Tuesday,15:21,9.5,22.1,9.3,15,Afternoon,False
647,10,15,4,8.3,3,Saturday,12:46,18.1,28.6,48.7,12,Afternoon,True
3891,10,17,6,5.1,0,Friday,13:04,7.2,12.3,16.0,13,Afternoon,False
3557,3,8,3,8.7,0,Monday,16:20,7.3,29.4,16.4,16,Afternoon,False
3203,2,6,4,9.5,1,Sunday,17:43,6.5,8.8,13.3,17,Evening,True
1529,12,17,4,6.4,0,Wednesday,12:01,8.7,15.2,26.4,12,Afternoon,False
2880,6,12,4,10.4,0,Tuesday,10:58,6.7,0.0,16.6,10,Morning,False
1268,12,16,3,6.3,0,Sunday,18:18,3.8,12.2,26.7,18,Evening,True
3639,14,20,4,7.7,1,Thursday,08:46,8.7,4.1,33.1,8,Morning,False
1900,4,9,4,9.7,2,Tuesday,08:01,16.0,7.3,19.0,8,Morning,False
563,1,5,3,7.9,2,Friday,22:35,3.6,18.5,14.5,22,Night,False
3935,9,14,4,4.7,0,Wednesday,12:11,10.5,13.5,16.6,12,Afternoon,False
2735,8,13,4,5.1,1,Sunday,20:15,5.8,18.6,13.3,20,Evening,True
3006,16,23,6,5.6,0,Friday,17:23,11.5,10.0,20.7,17,Evening,False
190,5,12,4,8.6,0,Tuesday,07:57,6.4,23.0,8.0,7,Morning,False
1807,6,9,3,5.9,0,Tuesday,06:07,3.1,9.7,11.5,6,Morning,False
976,3,7,2,12.4,0,Tuesday,07:31,5.2,46.1,24.7,7,Morning,False
2748,6,9,3,6.9,0,Saturday,21:59,3.5,4.5,14.9,21,Night,True
3548,5,12,4,5.7,1,Monday,07:04,11.7,14.8,13.1,7,Morning,False
2048,8,13,4,13.3,1,Sunday,16:27,5.1,27.2,34.2,16,Afternoon,True
3754,7,15,3,2.0,1,Thursday,17:37,9.9,0.0,8.3,17,Evening,False
2559,4,8,4,9.7,0,Thursday,08:50,7.2,18.8,11.4,8,Morning,False
1083,18,23,4,8.0,1,Tuesday,18:46,13.1,23.6,56.5,18,Evening,False
475,4,9,5,5.8,0,Saturday,21:24,10.1,8.2,9.7,21,Night,True
3633,10,14,2,8.0,0,Wednesday,14:57,7.9,17.3,49.2,14,Afternoon,False
2905,12,18,5,7.1,1,Thursday,19:58,10.6,13.9,24.7,19,Evening,False
748,6,10,4,10.9,2,Sunday,09:02,5.4,17.7,62.7,9,Morning,True
2301,5,11,4,7.8,1,Tuesday,14:00,11.2,16.6,18.4,14,Afternoon,False
22,11,15,3,5.5,1,Tuesday,12:26,11.1,21.0,35.7,12,Afternoon,False
3386,16,22,4,7.0,1,Tuesday,16:04,9.7,16.1,38.1,16,Afternoon,False
460,9,16,6,6.6,0,Thursday,12:47,7.7,10.9,13.5,12,Afternoon,False
1185,8,12,3,5.8,0,Thursday,17:42,10.1,17.5,26.7,17,Evening,False
2325,17,22,5,6.4,1,Monday,15:56,10.6,18.8,29.8,15,Afternoon,False
956,12,17,5,12.9,0,Monday,07:44,7.2,18.6,31.9,7,Morning,False
1216,5,11,5,7.9,0,Tuesday,17:56,6.8,27.4,13.8,17,Evening,False
2434,13,19,5,9.0,0,Wednesday,16:02,8.7,9.7,32.2,16,Afternoon,False
2854,16,23,5,7.0,0,Friday,17:42,11.5,23.2,32.5,17,Evening,False
3486,9,12,3,10.9,1,Wednesday,20:39,8.4,30.1,47.5,20,Evening,False
1516,7,11,3,9.8,0,Wednesday,13:48,6.1,18.6,34.1,13,Afternoon,False
2392,4,10,3,7.5,0,Monday,01:43,4.8,10.8,8.0,1,Night,False
770,14,18,4,13.1,0,Monday,21:33,10.9,18.7,54.1,21,Night,False
3381,5,10,3,9.6,3,Monday,04:15,8.7,8.2,33.6,4,Night,False
1686,15,20,5,10.1,1,Monday,16:53,14.2,17.3,49.9,16,Afternoon,False
131,7,14,5,5.1,1,Saturday,11:18,11.9,10.6,15.7,11,Morning,True
3736,10,17,4,9.6,0,Wednesday,15:19,8.0,19.4,30.8,15,Afternoon,False
2920,8,13,5,10.0,0,Thursday,18:00,13.7,26.1,29.6,18,Evening,False
3172,8,13,5,4.7,2,Friday,12:53,13.6,10.5,21.6,12,Afternoon,False
3445,5,8,3,7.5,0,Tuesday,23:11,12.1,6.1,14.1,23,Night,False
2136,15,19,3,12.1,1,Saturday,18:06,9.6,30.8,101.7,18,Evening,True
1483,10,16,4,11.4,1,Friday,16:06,9.2,26.6,48.5,16,Afternoon,False
331,7,9,2,7.9,0,Tuesday,08:13,6.6,19.3,31.5,8,Morning,False
1239,7,11,4,6.6,0,Tuesday,12:23,9.0,10.3,19.1,12,Afternoon,False
467,9,14,4,7.5,0,Friday,13:41,15.1,16.2,31.3,13,Afternoon,False
2170,16,23,5,4.7,1,Thursday,11:57,14.5,7.6,25.7,11,Morning,False
1639,13,17,4,9.1,0,Saturday,11:43,11.3,25.2,42.3,11,Morning,True
3093,6,9,3,3.5,0,Tuesday,19:28,7.3,13.5,9.4,19,Evening,False
3773,10,18,5,2.6,0,Saturday,08:20,9.4,0.0,3.7,8,Morning,True
1096,3,8,3,7.5,1,Thursday,19:25,1.9,14.3,16.3,19,Evening,False
1131,10,17,4,7.9,0,Wednesday,07:51,9.3,10.3,21.8,7,Morning,False
1295,9,13,3,6.9,0,Sunday,20:07,6.1,7.6,24.7,20,Evening,True
861,14,20,5,8.6,1,Monday,12:13,8.8,15.9,38.6,12,Afternoon,False
3508,8,13,5,11.5,0,Tuesday,12:57,5.3,8.7,52.0,12,Afternoon,False
3175,7,11,3,10.6,0,Tuesday,13:36,11.9,36.6,42.5,13,Afternoon,False
